brand,title,rating,review_date
Avon,"Avon SKIN-SO-SOFT Bug Guard PLUS IR3535® Insect Repellent Moisturizing Lotion - SPF 30 Gentle Breeze, 4 oz",4.0,2014-11-25 16:32:31-05
Avon,"Avon SKIN-SO-SOFT Bug Guard PLUS IR3535® Insect Repellent Moisturizing Lotion - SPF 30 Gentle Breeze, 4 oz",5.0,2014-10-19 06:51:58-04
Nature's MACE,"Nature's MACE Cat Repellent 1 Gallon Spray/Treats 3,000 Sq. Ft. / Keep Cat Out of Your Lawn and Garden/Train Your Cat to Stay Out of Bushes/Safe to use Around Children & Plants",2.0,2021-08-17 13:19:07.246-04
Avon,"Avon SKIN-SO-SOFT Bug Guard PLUS IR3535® Insect Repellent Moisturizing Lotion - SPF 30 Gentle Breeze, 4 oz",5.0,2017-03-16 16:47:46-04
Nature's MACE,"Nature's MACE Cat Repellent 1 Gallon Spray/Treats 3,000 Sq. Ft. / Keep Cat Out of Your Lawn and Garden/Train Your Cat to Stay Out of Bushes/Safe to use Around Children & Plants",1.0,2022-03-10 21:51:07.463-05
Nature's MACE,"Nature's MACE Cat Repellent 1 Gallon Spray/Treats 3,000 Sq. Ft. / Keep Cat Out of Your Lawn and Garden/Train Your Cat to Stay Out of Bushes/Safe to use Around Children & Plants",1.0,2020-06-26 10:26:23.774-04
Nature's MACE,"Nature's MACE Cat Repellent 1 Gallon Spray/Treats 3,000 Sq. Ft. / Keep Cat Out of Your Lawn and Garden/Train Your Cat to Stay Out of Bushes/Safe to use Around Children & Plants",1.0,2021-10-03 07:29:40.371-04
Nature's MACE,"Nature's MACE Cat Repellent 1 Gallon Spray/Treats 3,000 Sq. Ft. / Keep Cat Out of Your Lawn and Garden/Train Your Cat to Stay Out of Bushes/Safe to use Around Children & Plants",5.0,2019-03-06 11:06:23.014-05
Nature's MACE,"Nature's MACE Cat Repellent 1 Gallon Spray/Treats 3,000 Sq. Ft. / Keep Cat Out of Your Lawn and Garden/Train Your Cat to Stay Out of Bushes/Safe to use Around Children & Plants",5.0,2018-08-11 13:33:44.648-04
Nature's MACE,"Nature's MACE Cat Repellent 1 Gallon Spray/Treats 3,000 Sq. Ft. / Keep Cat Out of Your Lawn and Garden/Train Your Cat to Stay Out of Bushes/Safe to use Around Children & Plants",3.0,2021-09-16 18:27:10.733-04
Nature's MACE,"Nature's MACE Cat Repellent 1 Gallon Spray/Treats 3,000 Sq. Ft. / Keep Cat Out of Your Lawn and Garden/Train Your Cat to Stay Out of Bushes/Safe to use Around Children & Plants",1.0,2022-03-27 21:09:33.995-04
Nature's MACE,"Nature's MACE Cat Repellent 1 Gallon Spray/Treats 3,000 Sq. Ft. / Keep Cat Out of Your Lawn and Garden/Train Your Cat to Stay Out of Bushes/Safe to use Around Children & Plants",5.0,2021-07-11 17:56:22.408-04
Nature's MACE,"Nature's MACE Cat Repellent 1 Gallon Spray/Treats 3,000 Sq. Ft. / Keep Cat Out of Your Lawn and Garden/Train Your Cat to Stay Out of Bushes/Safe to use Around Children & Plants",1.0,2022-07-20 13:58:45.761-04
Nature's MACE,"Nature's MACE Cat Repellent 1 Gallon Spray/Treats 3,000 Sq. Ft. / Keep Cat Out of Your Lawn and Garden/Train Your Cat to Stay Out of Bushes/Safe to use Around Children & Plants",5.0,2023-03-10 13:43:16.282-05
Nature's MACE,"Nature's MACE Cat Repellent 1 Gallon Spray/Treats 3,000 Sq. Ft. / Keep Cat Out of Your Lawn and Garden/Train Your Cat to Stay Out of Bushes/Safe to use Around Children & Plants",5.0,2022-04-04 16:31:23.384-04
Nature's MACE,"Nature's MACE Cat Repellent 1 Gallon Spray/Treats 3,000 Sq. Ft. / Keep Cat Out of Your Lawn and Garden/Train Your Cat to Stay Out of Bushes/Safe to use Around Children & Plants",1.0,2018-11-29 19:35:00.782-05
Nature's MACE,"Nature's MACE Cat Repellent 1 Gallon Spray/Treats 3,000 Sq. Ft. / Keep Cat Out of Your Lawn and Garden/Train Your Cat to Stay Out of Bushes/Safe to use Around Children & Plants",1.0,2021-06-12 14:39:27.056-04
Nature's MACE,"Nature's MACE Cat Repellent 1 Gallon Spray/Treats 3,000 Sq. Ft. / Keep Cat Out of Your Lawn and Garden/Train Your Cat to Stay Out of Bushes/Safe to use Around Children & Plants",5.0,2018-09-11 15:22:00.182-04
Nature's MACE,"Nature's MACE Cat Repellent 1 Gallon Spray/Treats 3,000 Sq. Ft. / Keep Cat Out of Your Lawn and Garden/Train Your Cat to Stay Out of Bushes/Safe to use Around Children & Plants",1.0,2021-06-17 22:36:57.126-04
Nature's MACE,"Nature's MACE Cat Repellent 1 Gallon Spray/Treats 3,000 Sq. Ft. / Keep Cat Out of Your Lawn and Garden/Train Your Cat to Stay Out of Bushes/Safe to use Around Children & Plants",1.0,2022-08-04 10:17:51.493-04
Nature's MACE,"Nature's MACE Cat Repellent 1 Gallon Spray/Treats 3,000 Sq. Ft. / Keep Cat Out of Your Lawn and Garden/Train Your Cat to Stay Out of Bushes/Safe to use Around Children & Plants",3.0,2019-04-17 07:06:21.439-04
Nature's MACE,"Nature's MACE Cat Repellent 1 Gallon Spray/Treats 3,000 Sq. Ft. / Keep Cat Out of Your Lawn and Garden/Train Your Cat to Stay Out of Bushes/Safe to use Around Children & Plants",5.0,2021-06-13 16:45:15.717-04
Nature's MACE,"Nature's MACE Cat Repellent 1 Gallon Spray/Treats 3,000 Sq. Ft. / Keep Cat Out of Your Lawn and Garden/Train Your Cat to Stay Out of Bushes/Safe to use Around Children & Plants",1.0,2019-05-30 11:45:54.565-04
Nature's MACE,"Nature's MACE Cat Repellent 1 Gallon Spray/Treats 3,000 Sq. Ft. / Keep Cat Out of Your Lawn and Garden/Train Your Cat to Stay Out of Bushes/Safe to use Around Children & Plants",1.0,2021-12-13 20:58:47.268-05
Nature's MACE,"Nature's MACE Cat Repellent 1 Gallon Spray/Treats 3,000 Sq. Ft. / Keep Cat Out of Your Lawn and Garden/Train Your Cat to Stay Out of Bushes/Safe to use Around Children & Plants",5.0,2021-05-19 12:12:04.226-04
Nature's MACE,"Nature's MACE Cat Repellent 1 Gallon Spray/Treats 3,000 Sq. Ft. / Keep Cat Out of Your Lawn and Garden/Train Your Cat to Stay Out of Bushes/Safe to use Around Children & Plants",1.0,2019-08-25 08:26:40.946-04
Nature's MACE,"Nature's MACE Cat Repellent 1 Gallon Spray/Treats 3,000 Sq. Ft. / Keep Cat Out of Your Lawn and Garden/Train Your Cat to Stay Out of Bushes/Safe to use Around Children & Plants",2.0,2022-09-27 10:17:00.324-04
Nature's MACE,"Nature's MACE Cat Repellent 1 Gallon Spray/Treats 3,000 Sq. Ft. / Keep Cat Out of Your Lawn and Garden/Train Your Cat to Stay Out of Bushes/Safe to use Around Children & Plants",3.0,2023-02-18 07:37:01.309-05
Nature's MACE,"Nature's MACE Cat Repellent 1 Gallon Spray/Treats 3,000 Sq. Ft. / Keep Cat Out of Your Lawn and Garden/Train Your Cat to Stay Out of Bushes/Safe to use Around Children & Plants",5.0,2022-06-21 18:14:49.93-04
Nature's MACE,"Nature's MACE Cat Repellent 1 Gallon Spray/Treats 3,000 Sq. Ft. / Keep Cat Out of Your Lawn and Garden/Train Your Cat to Stay Out of Bushes/Safe to use Around Children & Plants",4.0,2022-10-05 06:38:19.995-04
Nature's MACE,"Nature's MACE Cat Repellent 1 Gallon Spray/Treats 3,000 Sq. Ft. / Keep Cat Out of Your Lawn and Garden/Train Your Cat to Stay Out of Bushes/Safe to use Around Children & Plants",5.0,2020-09-29 17:04:32.587-04
Nature's MACE,"Nature's MACE Cat Repellent 1 Gallon Spray/Treats 3,000 Sq. Ft. / Keep Cat Out of Your Lawn and Garden/Train Your Cat to Stay Out of Bushes/Safe to use Around Children & Plants",1.0,2022-11-29 16:39:23.612-05
Nature's MACE,"Nature's MACE Cat Repellent 1 Gallon Spray/Treats 3,000 Sq. Ft. / Keep Cat Out of Your Lawn and Garden/Train Your Cat to Stay Out of Bushes/Safe to use Around Children & Plants",5.0,2022-07-16 12:12:29.91-04
Nature's MACE,"Nature's MACE Cat Repellent 1 Gallon Spray/Treats 3,000 Sq. Ft. / Keep Cat Out of Your Lawn and Garden/Train Your Cat to Stay Out of Bushes/Safe to use Around Children & Plants",1.0,2020-02-03 18:49:53.929-05
Nature's MACE,"Nature's MACE Cat Repellent 1 Gallon Spray/Treats 3,000 Sq. Ft. / Keep Cat Out of Your Lawn and Garden/Train Your Cat to Stay Out of Bushes/Safe to use Around Children & Plants",5.0,2019-07-11 22:43:47.254-04
Nature's MACE,"Nature's MACE Cat Repellent 1 Gallon Spray/Treats 3,000 Sq. Ft. / Keep Cat Out of Your Lawn and Garden/Train Your Cat to Stay Out of Bushes/Safe to use Around Children & Plants",5.0,2019-02-20 09:52:07.226-05
Nature's MACE,"Nature's MACE Cat Repellent 1 Gallon Spray/Treats 3,000 Sq. Ft. / Keep Cat Out of Your Lawn and Garden/Train Your Cat to Stay Out of Bushes/Safe to use Around Children & Plants",5.0,2018-12-02 23:28:25.627-05
Nature's MACE,"Nature's MACE Cat Repellent 1 Gallon Spray/Treats 3,000 Sq. Ft. / Keep Cat Out of Your Lawn and Garden/Train Your Cat to Stay Out of Bushes/Safe to use Around Children & Plants",4.0,2020-01-05 14:12:05.132-05
Nature's MACE,"Nature's MACE Cat Repellent 1 Gallon Spray/Treats 3,000 Sq. Ft. / Keep Cat Out of Your Lawn and Garden/Train Your Cat to Stay Out of Bushes/Safe to use Around Children & Plants",1.0,2022-03-02 21:50:44.589-05
Nature's MACE,"Nature's MACE Cat Repellent 1 Gallon Spray/Treats 3,000 Sq. Ft. / Keep Cat Out of Your Lawn and Garden/Train Your Cat to Stay Out of Bushes/Safe to use Around Children & Plants",5.0,2019-11-19 00:10:49.073-05
Nature's MACE,"Nature's MACE Cat Repellent 1 Gallon Spray/Treats 3,000 Sq. Ft. / Keep Cat Out of Your Lawn and Garden/Train Your Cat to Stay Out of Bushes/Safe to use Around Children & Plants",3.0,2018-12-14 18:53:09.444-05
Nature's MACE,"Nature's MACE Cat Repellent 1 Gallon Spray/Treats 3,000 Sq. Ft. / Keep Cat Out of Your Lawn and Garden/Train Your Cat to Stay Out of Bushes/Safe to use Around Children & Plants",5.0,2018-04-07 09:12:31.585-04
Nature's MACE,"Nature's MACE Cat Repellent 1 Gallon Spray/Treats 3,000 Sq. Ft. / Keep Cat Out of Your Lawn and Garden/Train Your Cat to Stay Out of Bushes/Safe to use Around Children & Plants",3.0,2021-12-13 22:28:09.378-05
Nature's MACE,"Nature's MACE Cat Repellent 1 Gallon Spray/Treats 3,000 Sq. Ft. / Keep Cat Out of Your Lawn and Garden/Train Your Cat to Stay Out of Bushes/Safe to use Around Children & Plants",1.0,2019-04-29 11:05:32.026-04
Nature's MACE,"Nature's MACE Cat Repellent 1 Gallon Spray/Treats 3,000 Sq. Ft. / Keep Cat Out of Your Lawn and Garden/Train Your Cat to Stay Out of Bushes/Safe to use Around Children & Plants",3.0,2018-05-09 23:08:50.481-04
Nature's MACE,"Nature's MACE Cat Repellent 1 Gallon Spray/Treats 3,000 Sq. Ft. / Keep Cat Out of Your Lawn and Garden/Train Your Cat to Stay Out of Bushes/Safe to use Around Children & Plants",1.0,2022-01-08 10:04:22.007-05
Nature's MACE,"Nature's MACE Cat Repellent 1 Gallon Spray/Treats 3,000 Sq. Ft. / Keep Cat Out of Your Lawn and Garden/Train Your Cat to Stay Out of Bushes/Safe to use Around Children & Plants",1.0,2021-08-01 21:49:55.303-04
Nature's MACE,"Nature's MACE Cat Repellent 1 Gallon Spray/Treats 3,000 Sq. Ft. / Keep Cat Out of Your Lawn and Garden/Train Your Cat to Stay Out of Bushes/Safe to use Around Children & Plants",1.0,2020-09-08 00:17:00.568-04
Nature's MACE,"Nature's MACE Cat Repellent 1 Gallon Spray/Treats 3,000 Sq. Ft. / Keep Cat Out of Your Lawn and Garden/Train Your Cat to Stay Out of Bushes/Safe to use Around Children & Plants",1.0,2022-11-16 20:02:35.289-05
Nature's MACE,"Nature's MACE Cat Repellent 1 Gallon Spray/Treats 3,000 Sq. Ft. / Keep Cat Out of Your Lawn and Garden/Train Your Cat to Stay Out of Bushes/Safe to use Around Children & Plants",1.0,2021-08-07 11:23:35.186-04
Nature's MACE,"Nature's MACE Cat Repellent 1 Gallon Spray/Treats 3,000 Sq. Ft. / Keep Cat Out of Your Lawn and Garden/Train Your Cat to Stay Out of Bushes/Safe to use Around Children & Plants",3.0,2022-03-28 19:45:39.145-04
Nature's MACE,"Nature's MACE Cat Repellent 1 Gallon Spray/Treats 3,000 Sq. Ft. / Keep Cat Out of Your Lawn and Garden/Train Your Cat to Stay Out of Bushes/Safe to use Around Children & Plants",5.0,2019-01-29 23:28:44.945-05
Nature's MACE,"Nature's MACE Cat Repellent 1 Gallon Spray/Treats 3,000 Sq. Ft. / Keep Cat Out of Your Lawn and Garden/Train Your Cat to Stay Out of Bushes/Safe to use Around Children & Plants",2.0,2022-12-12 17:47:13.652-05
Nature's MACE,"Nature's MACE Cat Repellent 1 Gallon Spray/Treats 3,000 Sq. Ft. / Keep Cat Out of Your Lawn and Garden/Train Your Cat to Stay Out of Bushes/Safe to use Around Children & Plants",1.0,2021-06-01 01:52:19.238-04
Nature's MACE,"Nature's MACE Cat Repellent 1 Gallon Spray/Treats 3,000 Sq. Ft. / Keep Cat Out of Your Lawn and Garden/Train Your Cat to Stay Out of Bushes/Safe to use Around Children & Plants",1.0,2022-03-29 13:27:17.658-04
Nature's MACE,"Nature's MACE Cat Repellent 1 Gallon Spray/Treats 3,000 Sq. Ft. / Keep Cat Out of Your Lawn and Garden/Train Your Cat to Stay Out of Bushes/Safe to use Around Children & Plants",1.0,2021-08-04 03:57:46.172-04
Nature's MACE,"Nature's MACE Cat Repellent 1 Gallon Spray/Treats 3,000 Sq. Ft. / Keep Cat Out of Your Lawn and Garden/Train Your Cat to Stay Out of Bushes/Safe to use Around Children & Plants",1.0,2018-08-04 08:25:28.758-04
Nature's MACE,"Nature's MACE Cat Repellent 1 Gallon Spray/Treats 3,000 Sq. Ft. / Keep Cat Out of Your Lawn and Garden/Train Your Cat to Stay Out of Bushes/Safe to use Around Children & Plants",5.0,2020-01-11 18:40:02.536-05
Nature's MACE,"Nature's MACE Cat Repellent 1 Gallon Spray/Treats 3,000 Sq. Ft. / Keep Cat Out of Your Lawn and Garden/Train Your Cat to Stay Out of Bushes/Safe to use Around Children & Plants",3.0,2022-12-15 11:01:15.952-05
Nature's MACE,"Nature's MACE Cat Repellent 1 Gallon Spray/Treats 3,000 Sq. Ft. / Keep Cat Out of Your Lawn and Garden/Train Your Cat to Stay Out of Bushes/Safe to use Around Children & Plants",3.0,2019-02-19 15:53:21.99-05
Nature's MACE,"Nature's MACE Cat Repellent 1 Gallon Spray/Treats 3,000 Sq. Ft. / Keep Cat Out of Your Lawn and Garden/Train Your Cat to Stay Out of Bushes/Safe to use Around Children & Plants",1.0,2021-09-26 17:29:23.971-04
Nature's MACE,"Nature's MACE Cat Repellent 1 Gallon Spray/Treats 3,000 Sq. Ft. / Keep Cat Out of Your Lawn and Garden/Train Your Cat to Stay Out of Bushes/Safe to use Around Children & Plants",1.0,2022-01-21 07:30:44.319-05
Nature's MACE,"Nature's MACE Cat Repellent 1 Gallon Spray/Treats 3,000 Sq. Ft. / Keep Cat Out of Your Lawn and Garden/Train Your Cat to Stay Out of Bushes/Safe to use Around Children & Plants",1.0,2019-12-22 17:38:51.776-05
Nature's MACE,"Nature's MACE Cat Repellent 1 Gallon Spray/Treats 3,000 Sq. Ft. / Keep Cat Out of Your Lawn and Garden/Train Your Cat to Stay Out of Bushes/Safe to use Around Children & Plants",4.0,2019-03-26 07:19:40.092-04
Nature's MACE,"Nature's MACE Cat Repellent 1 Gallon Spray/Treats 3,000 Sq. Ft. / Keep Cat Out of Your Lawn and Garden/Train Your Cat to Stay Out of Bushes/Safe to use Around Children & Plants",1.0,2019-07-25 19:12:45.487-04
Nature's MACE,"Nature's MACE Cat Repellent 1 Gallon Spray/Treats 3,000 Sq. Ft. / Keep Cat Out of Your Lawn and Garden/Train Your Cat to Stay Out of Bushes/Safe to use Around Children & Plants",1.0,2021-04-09 23:39:34.978-04
Nature's MACE,"Nature's MACE Cat Repellent 1 Gallon Spray/Treats 3,000 Sq. Ft. / Keep Cat Out of Your Lawn and Garden/Train Your Cat to Stay Out of Bushes/Safe to use Around Children & Plants",4.0,2019-06-21 07:08:38.787-04
Nature's MACE,"Nature's MACE Cat Repellent 1 Gallon Spray/Treats 3,000 Sq. Ft. / Keep Cat Out of Your Lawn and Garden/Train Your Cat to Stay Out of Bushes/Safe to use Around Children & Plants",3.0,2021-05-07 09:40:34.762-04
Nature's MACE,"Nature's MACE Cat Repellent 1 Gallon Spray/Treats 3,000 Sq. Ft. / Keep Cat Out of Your Lawn and Garden/Train Your Cat to Stay Out of Bushes/Safe to use Around Children & Plants",4.0,2019-01-23 10:15:28.516-05
Nature's MACE,"Nature's MACE Cat Repellent 1 Gallon Spray/Treats 3,000 Sq. Ft. / Keep Cat Out of Your Lawn and Garden/Train Your Cat to Stay Out of Bushes/Safe to use Around Children & Plants",5.0,2019-12-16 15:02:10.16-05
Nature's MACE,"Nature's MACE Cat Repellent 1 Gallon Spray/Treats 3,000 Sq. Ft. / Keep Cat Out of Your Lawn and Garden/Train Your Cat to Stay Out of Bushes/Safe to use Around Children & Plants",5.0,2019-07-01 08:59:06.688-04
Nature's MACE,"Nature's MACE Cat Repellent 1 Gallon Spray/Treats 3,000 Sq. Ft. / Keep Cat Out of Your Lawn and Garden/Train Your Cat to Stay Out of Bushes/Safe to use Around Children & Plants",5.0,2022-01-16 06:29:55.239-05
Nature's MACE,"Nature's MACE Cat Repellent 1 Gallon Spray/Treats 3,000 Sq. Ft. / Keep Cat Out of Your Lawn and Garden/Train Your Cat to Stay Out of Bushes/Safe to use Around Children & Plants",5.0,2018-11-28 01:10:07.154-05
Nature's MACE,"Nature's MACE Cat Repellent 1 Gallon Spray/Treats 3,000 Sq. Ft. / Keep Cat Out of Your Lawn and Garden/Train Your Cat to Stay Out of Bushes/Safe to use Around Children & Plants",2.0,2021-05-19 19:14:59.637-04
Nature's MACE,"Nature's MACE Cat Repellent 1 Gallon Spray/Treats 3,000 Sq. Ft. / Keep Cat Out of Your Lawn and Garden/Train Your Cat to Stay Out of Bushes/Safe to use Around Children & Plants",5.0,2019-08-24 18:51:31.536-04
Nature's MACE,"Nature's MACE Cat Repellent 1 Gallon Spray/Treats 3,000 Sq. Ft. / Keep Cat Out of Your Lawn and Garden/Train Your Cat to Stay Out of Bushes/Safe to use Around Children & Plants",4.0,2019-09-20 22:28:55.738-04
Nature's MACE,"Nature's MACE Cat Repellent 1 Gallon Spray/Treats 3,000 Sq. Ft. / Keep Cat Out of Your Lawn and Garden/Train Your Cat to Stay Out of Bushes/Safe to use Around Children & Plants",1.0,2020-07-06 11:29:33.456-04
Nature's MACE,"Nature's MACE Cat Repellent 1 Gallon Spray/Treats 3,000 Sq. Ft. / Keep Cat Out of Your Lawn and Garden/Train Your Cat to Stay Out of Bushes/Safe to use Around Children & Plants",5.0,2019-09-07 16:57:56.035-04
Nature's MACE,"Nature's MACE Cat Repellent 1 Gallon Spray/Treats 3,000 Sq. Ft. / Keep Cat Out of Your Lawn and Garden/Train Your Cat to Stay Out of Bushes/Safe to use Around Children & Plants",5.0,2022-03-29 13:32:01.244-04
Nature's MACE,"Nature's MACE Cat Repellent 1 Gallon Spray/Treats 3,000 Sq. Ft. / Keep Cat Out of Your Lawn and Garden/Train Your Cat to Stay Out of Bushes/Safe to use Around Children & Plants",1.0,2022-08-10 09:32:52.374-04
Nature's MACE,"Nature's MACE Cat Repellent 1 Gallon Spray/Treats 3,000 Sq. Ft. / Keep Cat Out of Your Lawn and Garden/Train Your Cat to Stay Out of Bushes/Safe to use Around Children & Plants",1.0,2022-06-11 10:36:00.287-04
Nature's MACE,"Nature's MACE Cat Repellent 1 Gallon Spray/Treats 3,000 Sq. Ft. / Keep Cat Out of Your Lawn and Garden/Train Your Cat to Stay Out of Bushes/Safe to use Around Children & Plants",2.0,2019-06-30 12:45:38.654-04
Nature's MACE,"Nature's MACE Cat Repellent 1 Gallon Spray/Treats 3,000 Sq. Ft. / Keep Cat Out of Your Lawn and Garden/Train Your Cat to Stay Out of Bushes/Safe to use Around Children & Plants",5.0,2021-06-28 11:43:37.536-04
Nature's MACE,"Nature's MACE Cat Repellent 1 Gallon Spray/Treats 3,000 Sq. Ft. / Keep Cat Out of Your Lawn and Garden/Train Your Cat to Stay Out of Bushes/Safe to use Around Children & Plants",4.0,2020-12-03 18:34:08.949-05
Nature's MACE,"Nature's MACE Cat Repellent 1 Gallon Spray/Treats 3,000 Sq. Ft. / Keep Cat Out of Your Lawn and Garden/Train Your Cat to Stay Out of Bushes/Safe to use Around Children & Plants",3.0,2022-10-24 13:28:04.901-04
Nature's MACE,"Nature's MACE Cat Repellent 1 Gallon Spray/Treats 3,000 Sq. Ft. / Keep Cat Out of Your Lawn and Garden/Train Your Cat to Stay Out of Bushes/Safe to use Around Children & Plants",1.0,2022-05-02 17:42:02.532-04
Nature's MACE,"Nature's MACE Cat Repellent 1 Gallon Spray/Treats 3,000 Sq. Ft. / Keep Cat Out of Your Lawn and Garden/Train Your Cat to Stay Out of Bushes/Safe to use Around Children & Plants",1.0,2020-12-28 13:59:54.323-05
Nature's MACE,"Nature's MACE Cat Repellent 1 Gallon Spray/Treats 3,000 Sq. Ft. / Keep Cat Out of Your Lawn and Garden/Train Your Cat to Stay Out of Bushes/Safe to use Around Children & Plants",5.0,2020-02-11 12:56:19.289-05
Nature's MACE,"Nature's MACE Cat Repellent 1 Gallon Spray/Treats 3,000 Sq. Ft. / Keep Cat Out of Your Lawn and Garden/Train Your Cat to Stay Out of Bushes/Safe to use Around Children & Plants",3.0,2018-10-24 11:32:04.912-04
Nature's MACE,"Nature's MACE Cat Repellent 1 Gallon Spray/Treats 3,000 Sq. Ft. / Keep Cat Out of Your Lawn and Garden/Train Your Cat to Stay Out of Bushes/Safe to use Around Children & Plants",3.0,2018-11-30 16:37:15.606-05
Nature's MACE,"Nature's MACE Cat Repellent 1 Gallon Spray/Treats 3,000 Sq. Ft. / Keep Cat Out of Your Lawn and Garden/Train Your Cat to Stay Out of Bushes/Safe to use Around Children & Plants",5.0,2021-01-07 13:55:03.511-05
Nature's MACE,"Nature's MACE Cat Repellent 1 Gallon Spray/Treats 3,000 Sq. Ft. / Keep Cat Out of Your Lawn and Garden/Train Your Cat to Stay Out of Bushes/Safe to use Around Children & Plants",1.0,2021-05-08 08:44:59.571-04
Nature's MACE,"Nature's MACE Cat Repellent 1 Gallon Spray/Treats 3,000 Sq. Ft. / Keep Cat Out of Your Lawn and Garden/Train Your Cat to Stay Out of Bushes/Safe to use Around Children & Plants",4.0,2022-04-01 14:35:44.931-04
Nature's MACE,"Nature's MACE Cat Repellent 1 Gallon Spray/Treats 3,000 Sq. Ft. / Keep Cat Out of Your Lawn and Garden/Train Your Cat to Stay Out of Bushes/Safe to use Around Children & Plants",2.0,2021-09-15 14:30:51.697-04
Nature's MACE,"Nature's MACE Cat Repellent 1 Gallon Spray/Treats 3,000 Sq. Ft. / Keep Cat Out of Your Lawn and Garden/Train Your Cat to Stay Out of Bushes/Safe to use Around Children & Plants",5.0,2019-05-06 07:43:25.922-04
Nature's MACE,"Nature's MACE Cat Repellent 1 Gallon Spray/Treats 3,000 Sq. Ft. / Keep Cat Out of Your Lawn and Garden/Train Your Cat to Stay Out of Bushes/Safe to use Around Children & Plants",5.0,2020-12-06 13:23:44.438-05
Nature's MACE,"Nature's MACE Cat Repellent 1 Gallon Spray/Treats 3,000 Sq. Ft. / Keep Cat Out of Your Lawn and Garden/Train Your Cat to Stay Out of Bushes/Safe to use Around Children & Plants",1.0,2018-11-30 19:20:47.292-05
Nature's MACE,"Nature's MACE Cat Repellent 1 Gallon Spray/Treats 3,000 Sq. Ft. / Keep Cat Out of Your Lawn and Garden/Train Your Cat to Stay Out of Bushes/Safe to use Around Children & Plants",1.0,2021-10-02 10:30:06.684-04
Nature's MACE,"Nature's MACE Cat Repellent 1 Gallon Spray/Treats 3,000 Sq. Ft. / Keep Cat Out of Your Lawn and Garden/Train Your Cat to Stay Out of Bushes/Safe to use Around Children & Plants",2.0,2021-08-02 14:24:44.505-04
Nature's MACE,"Nature's MACE Cat Repellent 1 Gallon Spray/Treats 3,000 Sq. Ft. / Keep Cat Out of Your Lawn and Garden/Train Your Cat to Stay Out of Bushes/Safe to use Around Children & Plants",5.0,2021-03-17 13:19:10.895-04
Nature's MACE,"Nature's MACE Cat Repellent 1 Gallon Spray/Treats 3,000 Sq. Ft. / Keep Cat Out of Your Lawn and Garden/Train Your Cat to Stay Out of Bushes/Safe to use Around Children & Plants",2.0,2022-08-24 06:34:41.294-04
Nature's MACE,"Nature's MACE Cat Repellent 1 Gallon Spray/Treats 3,000 Sq. Ft. / Keep Cat Out of Your Lawn and Garden/Train Your Cat to Stay Out of Bushes/Safe to use Around Children & Plants",1.0,2021-08-23 14:06:21.396-04
Nature's MACE,"Nature's MACE Cat Repellent 1 Gallon Spray/Treats 3,000 Sq. Ft. / Keep Cat Out of Your Lawn and Garden/Train Your Cat to Stay Out of Bushes/Safe to use Around Children & Plants",4.0,2020-10-05 22:11:53.989-04
Nature's MACE,"Nature's MACE Cat Repellent 1 Gallon Spray/Treats 3,000 Sq. Ft. / Keep Cat Out of Your Lawn and Garden/Train Your Cat to Stay Out of Bushes/Safe to use Around Children & Plants",1.0,2023-02-09 16:51:19.311-05
Nature's MACE,"Nature's MACE Cat Repellent 1 Gallon Spray/Treats 3,000 Sq. Ft. / Keep Cat Out of Your Lawn and Garden/Train Your Cat to Stay Out of Bushes/Safe to use Around Children & Plants",1.0,2022-04-17 22:56:00.44-04
Nature's MACE,"Nature's MACE Cat Repellent 1 Gallon Spray/Treats 3,000 Sq. Ft. / Keep Cat Out of Your Lawn and Garden/Train Your Cat to Stay Out of Bushes/Safe to use Around Children & Plants",5.0,2021-02-22 10:50:48.027-05
Nature's MACE,"Nature's MACE Cat Repellent 1 Gallon Spray/Treats 3,000 Sq. Ft. / Keep Cat Out of Your Lawn and Garden/Train Your Cat to Stay Out of Bushes/Safe to use Around Children & Plants",1.0,2019-07-03 01:25:15.15-04
Nature's MACE,"Nature's MACE Cat Repellent 1 Gallon Spray/Treats 3,000 Sq. Ft. / Keep Cat Out of Your Lawn and Garden/Train Your Cat to Stay Out of Bushes/Safe to use Around Children & Plants",3.0,2022-11-01 09:57:50.076-04
Nature's MACE,"Nature's MACE Cat Repellent 1 Gallon Spray/Treats 3,000 Sq. Ft. / Keep Cat Out of Your Lawn and Garden/Train Your Cat to Stay Out of Bushes/Safe to use Around Children & Plants",5.0,2021-11-20 18:37:28.053-05
Nature's MACE,"Nature's MACE Cat Repellent 1 Gallon Spray/Treats 3,000 Sq. Ft. / Keep Cat Out of Your Lawn and Garden/Train Your Cat to Stay Out of Bushes/Safe to use Around Children & Plants",1.0,2019-08-07 09:23:01.446-04
Nature's MACE,"Nature's MACE Cat Repellent 1 Gallon Spray/Treats 3,000 Sq. Ft. / Keep Cat Out of Your Lawn and Garden/Train Your Cat to Stay Out of Bushes/Safe to use Around Children & Plants",1.0,2022-03-11 12:02:22.358-05
Nature's MACE,"Nature's MACE Cat Repellent 1 Gallon Spray/Treats 3,000 Sq. Ft. / Keep Cat Out of Your Lawn and Garden/Train Your Cat to Stay Out of Bushes/Safe to use Around Children & Plants",1.0,2018-05-26 10:48:19.568-04
Nature's MACE,"Nature's MACE Cat Repellent 1 Gallon Spray/Treats 3,000 Sq. Ft. / Keep Cat Out of Your Lawn and Garden/Train Your Cat to Stay Out of Bushes/Safe to use Around Children & Plants",5.0,2018-09-19 01:40:39.14-04
Nature's MACE,"Nature's MACE Cat Repellent 1 Gallon Spray/Treats 3,000 Sq. Ft. / Keep Cat Out of Your Lawn and Garden/Train Your Cat to Stay Out of Bushes/Safe to use Around Children & Plants",2.0,2018-10-22 09:03:13.969-04
Nature's MACE,"Nature's MACE Cat Repellent 1 Gallon Spray/Treats 3,000 Sq. Ft. / Keep Cat Out of Your Lawn and Garden/Train Your Cat to Stay Out of Bushes/Safe to use Around Children & Plants",3.0,2019-01-07 17:30:16.748-05
Nature's MACE,"Nature's MACE Cat Repellent 1 Gallon Spray/Treats 3,000 Sq. Ft. / Keep Cat Out of Your Lawn and Garden/Train Your Cat to Stay Out of Bushes/Safe to use Around Children & Plants",1.0,2022-01-12 15:11:54.175-05
Nature's MACE,"Nature's MACE Cat Repellent 1 Gallon Spray/Treats 3,000 Sq. Ft. / Keep Cat Out of Your Lawn and Garden/Train Your Cat to Stay Out of Bushes/Safe to use Around Children & Plants",1.0,2020-08-11 18:03:41.529-04
Nature's MACE,"Nature's MACE Cat Repellent 1 Gallon Spray/Treats 3,000 Sq. Ft. / Keep Cat Out of Your Lawn and Garden/Train Your Cat to Stay Out of Bushes/Safe to use Around Children & Plants",4.0,2019-03-31 22:25:08.749-04
Nature's MACE,"Nature's MACE Cat Repellent 1 Gallon Spray/Treats 3,000 Sq. Ft. / Keep Cat Out of Your Lawn and Garden/Train Your Cat to Stay Out of Bushes/Safe to use Around Children & Plants",5.0,2019-11-10 14:40:31.058-05
Nature's MACE,"Nature's MACE Cat Repellent 1 Gallon Spray/Treats 3,000 Sq. Ft. / Keep Cat Out of Your Lawn and Garden/Train Your Cat to Stay Out of Bushes/Safe to use Around Children & Plants",5.0,2019-01-12 12:43:05.162-05
Nature's MACE,"Nature's MACE Cat Repellent 1 Gallon Spray/Treats 3,000 Sq. Ft. / Keep Cat Out of Your Lawn and Garden/Train Your Cat to Stay Out of Bushes/Safe to use Around Children & Plants",5.0,2021-11-27 15:24:00.183-05
Nature's MACE,"Nature's MACE Cat Repellent 1 Gallon Spray/Treats 3,000 Sq. Ft. / Keep Cat Out of Your Lawn and Garden/Train Your Cat to Stay Out of Bushes/Safe to use Around Children & Plants",5.0,2021-03-07 00:10:30.171-05
Nature's MACE,"Nature's MACE Cat Repellent 1 Gallon Spray/Treats 3,000 Sq. Ft. / Keep Cat Out of Your Lawn and Garden/Train Your Cat to Stay Out of Bushes/Safe to use Around Children & Plants",3.0,2022-03-01 18:28:36.954-05
Nature's MACE,"Nature's MACE Cat Repellent 1 Gallon Spray/Treats 3,000 Sq. Ft. / Keep Cat Out of Your Lawn and Garden/Train Your Cat to Stay Out of Bushes/Safe to use Around Children & Plants",1.0,2019-06-18 15:55:28.302-04
Nature's MACE,"Nature's MACE Cat Repellent 1 Gallon Spray/Treats 3,000 Sq. Ft. / Keep Cat Out of Your Lawn and Garden/Train Your Cat to Stay Out of Bushes/Safe to use Around Children & Plants",1.0,2019-12-17 20:48:57.925-05
Nature's MACE,"Nature's MACE Cat Repellent 1 Gallon Spray/Treats 3,000 Sq. Ft. / Keep Cat Out of Your Lawn and Garden/Train Your Cat to Stay Out of Bushes/Safe to use Around Children & Plants",3.0,2021-08-05 11:32:37.685-04
Nature's MACE,"Nature's MACE Cat Repellent 1 Gallon Spray/Treats 3,000 Sq. Ft. / Keep Cat Out of Your Lawn and Garden/Train Your Cat to Stay Out of Bushes/Safe to use Around Children & Plants",4.0,2018-07-08 18:06:52.976-04
Nature's MACE,"Nature's MACE Cat Repellent 1 Gallon Spray/Treats 3,000 Sq. Ft. / Keep Cat Out of Your Lawn and Garden/Train Your Cat to Stay Out of Bushes/Safe to use Around Children & Plants",1.0,2022-09-18 14:34:24.148-04
Nature's MACE,"Nature's MACE Cat Repellent 1 Gallon Spray/Treats 3,000 Sq. Ft. / Keep Cat Out of Your Lawn and Garden/Train Your Cat to Stay Out of Bushes/Safe to use Around Children & Plants",5.0,2019-01-10 08:49:35.492-05
Nature's MACE,"Nature's MACE Cat Repellent 1 Gallon Spray/Treats 3,000 Sq. Ft. / Keep Cat Out of Your Lawn and Garden/Train Your Cat to Stay Out of Bushes/Safe to use Around Children & Plants",3.0,2020-11-01 17:00:00.475-05
Nature's MACE,"Nature's MACE Cat Repellent 1 Gallon Spray/Treats 3,000 Sq. Ft. / Keep Cat Out of Your Lawn and Garden/Train Your Cat to Stay Out of Bushes/Safe to use Around Children & Plants",1.0,2020-12-21 13:40:47.015-05
Nature's MACE,"Nature's MACE Cat Repellent 1 Gallon Spray/Treats 3,000 Sq. Ft. / Keep Cat Out of Your Lawn and Garden/Train Your Cat to Stay Out of Bushes/Safe to use Around Children & Plants",2.0,2022-02-19 13:39:43.679-05
Nature's MACE,"Nature's MACE Cat Repellent 1 Gallon Spray/Treats 3,000 Sq. Ft. / Keep Cat Out of Your Lawn and Garden/Train Your Cat to Stay Out of Bushes/Safe to use Around Children & Plants",1.0,2021-04-05 22:33:36.37-04
Nature's MACE,"Nature's MACE Cat Repellent 1 Gallon Spray/Treats 3,000 Sq. Ft. / Keep Cat Out of Your Lawn and Garden/Train Your Cat to Stay Out of Bushes/Safe to use Around Children & Plants",1.0,2021-06-05 17:12:33.42-04
Nature's MACE,"Nature's MACE Cat Repellent 1 Gallon Spray/Treats 3,000 Sq. Ft. / Keep Cat Out of Your Lawn and Garden/Train Your Cat to Stay Out of Bushes/Safe to use Around Children & Plants",2.0,2021-10-18 19:39:46.11-04
Nature's MACE,"Nature's MACE Cat Repellent 1 Gallon Spray/Treats 3,000 Sq. Ft. / Keep Cat Out of Your Lawn and Garden/Train Your Cat to Stay Out of Bushes/Safe to use Around Children & Plants",5.0,2018-07-03 22:25:31.291-04
Nature's MACE,"Nature's MACE Cat Repellent 1 Gallon Spray/Treats 3,000 Sq. Ft. / Keep Cat Out of Your Lawn and Garden/Train Your Cat to Stay Out of Bushes/Safe to use Around Children & Plants",5.0,2022-05-24 00:32:03.531-04
Nature's MACE,"Nature's MACE Cat Repellent 1 Gallon Spray/Treats 3,000 Sq. Ft. / Keep Cat Out of Your Lawn and Garden/Train Your Cat to Stay Out of Bushes/Safe to use Around Children & Plants",1.0,2022-02-12 23:26:27.244-05
Nature's MACE,"Nature's MACE Cat Repellent 1 Gallon Spray/Treats 3,000 Sq. Ft. / Keep Cat Out of Your Lawn and Garden/Train Your Cat to Stay Out of Bushes/Safe to use Around Children & Plants",2.0,2021-07-18 21:13:23.557-04
Nature's MACE,"Nature's MACE Cat Repellent 1 Gallon Spray/Treats 3,000 Sq. Ft. / Keep Cat Out of Your Lawn and Garden/Train Your Cat to Stay Out of Bushes/Safe to use Around Children & Plants",1.0,2019-11-13 19:22:53.018-05
Nature's MACE,"Nature's MACE Cat Repellent 1 Gallon Spray/Treats 3,000 Sq. Ft. / Keep Cat Out of Your Lawn and Garden/Train Your Cat to Stay Out of Bushes/Safe to use Around Children & Plants",4.0,2022-11-19 20:28:44.767-05
Nature's MACE,"Nature's MACE Cat Repellent 1 Gallon Spray/Treats 3,000 Sq. Ft. / Keep Cat Out of Your Lawn and Garden/Train Your Cat to Stay Out of Bushes/Safe to use Around Children & Plants",5.0,2023-02-22 17:23:25.65-05
Nature's MACE,"Nature's MACE Cat Repellent 1 Gallon Spray/Treats 3,000 Sq. Ft. / Keep Cat Out of Your Lawn and Garden/Train Your Cat to Stay Out of Bushes/Safe to use Around Children & Plants",1.0,2023-02-09 10:46:45.246-05
Nature's MACE,"Nature's MACE Cat Repellent 1 Gallon Spray/Treats 3,000 Sq. Ft. / Keep Cat Out of Your Lawn and Garden/Train Your Cat to Stay Out of Bushes/Safe to use Around Children & Plants",5.0,2022-11-09 15:19:47.425-05
Nature's MACE,"Nature's MACE Cat Repellent 1 Gallon Spray/Treats 3,000 Sq. Ft. / Keep Cat Out of Your Lawn and Garden/Train Your Cat to Stay Out of Bushes/Safe to use Around Children & Plants",3.0,2021-02-26 09:50:31.229-05
Nature's MACE,"Nature's MACE Cat Repellent 1 Gallon Spray/Treats 3,000 Sq. Ft. / Keep Cat Out of Your Lawn and Garden/Train Your Cat to Stay Out of Bushes/Safe to use Around Children & Plants",1.0,2021-10-16 15:09:03.741-04
Nature's MACE,"Nature's MACE Cat Repellent 1 Gallon Spray/Treats 3,000 Sq. Ft. / Keep Cat Out of Your Lawn and Garden/Train Your Cat to Stay Out of Bushes/Safe to use Around Children & Plants",2.0,2019-09-25 15:33:36.591-04
Nature's MACE,"Nature's MACE Cat Repellent 1 Gallon Spray/Treats 3,000 Sq. Ft. / Keep Cat Out of Your Lawn and Garden/Train Your Cat to Stay Out of Bushes/Safe to use Around Children & Plants",5.0,2019-04-01 20:17:39.611-04
Nature's MACE,"Nature's MACE Cat Repellent 1 Gallon Spray/Treats 3,000 Sq. Ft. / Keep Cat Out of Your Lawn and Garden/Train Your Cat to Stay Out of Bushes/Safe to use Around Children & Plants",4.0,2021-03-08 10:57:00.353-05
Nature's MACE,"Nature's MACE Cat Repellent 1 Gallon Spray/Treats 3,000 Sq. Ft. / Keep Cat Out of Your Lawn and Garden/Train Your Cat to Stay Out of Bushes/Safe to use Around Children & Plants",1.0,2018-09-18 19:59:19.364-04
Nature's MACE,"Nature's MACE Cat Repellent 1 Gallon Spray/Treats 3,000 Sq. Ft. / Keep Cat Out of Your Lawn and Garden/Train Your Cat to Stay Out of Bushes/Safe to use Around Children & Plants",3.0,2019-06-08 07:25:34.935-04
Nature's MACE,"Nature's MACE Cat Repellent 1 Gallon Spray/Treats 3,000 Sq. Ft. / Keep Cat Out of Your Lawn and Garden/Train Your Cat to Stay Out of Bushes/Safe to use Around Children & Plants",3.0,2019-12-17 00:53:00.682-05
Nature's MACE,"Nature's MACE Cat Repellent 1 Gallon Spray/Treats 3,000 Sq. Ft. / Keep Cat Out of Your Lawn and Garden/Train Your Cat to Stay Out of Bushes/Safe to use Around Children & Plants",1.0,2019-12-03 07:16:42.758-05
Nature's MACE,"Nature's MACE Cat Repellent 1 Gallon Spray/Treats 3,000 Sq. Ft. / Keep Cat Out of Your Lawn and Garden/Train Your Cat to Stay Out of Bushes/Safe to use Around Children & Plants",4.0,2021-08-22 11:14:07.447-04
Nature's MACE,"Nature's MACE Cat Repellent 1 Gallon Spray/Treats 3,000 Sq. Ft. / Keep Cat Out of Your Lawn and Garden/Train Your Cat to Stay Out of Bushes/Safe to use Around Children & Plants",4.0,2021-08-23 03:52:32.042-04
Nature's MACE,"Nature's MACE Cat Repellent 1 Gallon Spray/Treats 3,000 Sq. Ft. / Keep Cat Out of Your Lawn and Garden/Train Your Cat to Stay Out of Bushes/Safe to use Around Children & Plants",1.0,2019-10-26 00:21:57.929-04
Nature's MACE,"Nature's MACE Cat Repellent 1 Gallon Spray/Treats 3,000 Sq. Ft. / Keep Cat Out of Your Lawn and Garden/Train Your Cat to Stay Out of Bushes/Safe to use Around Children & Plants",5.0,2018-05-09 10:59:54.84-04
Nature's MACE,"Nature's MACE Cat Repellent 1 Gallon Spray/Treats 3,000 Sq. Ft. / Keep Cat Out of Your Lawn and Garden/Train Your Cat to Stay Out of Bushes/Safe to use Around Children & Plants",1.0,2019-11-18 17:34:52.93-05
Nature's MACE,"Nature's MACE Cat Repellent 1 Gallon Spray/Treats 3,000 Sq. Ft. / Keep Cat Out of Your Lawn and Garden/Train Your Cat to Stay Out of Bushes/Safe to use Around Children & Plants",4.0,2023-01-16 21:44:44.145-05
Nature's MACE,"Nature's MACE Cat Repellent 1 Gallon Spray/Treats 3,000 Sq. Ft. / Keep Cat Out of Your Lawn and Garden/Train Your Cat to Stay Out of Bushes/Safe to use Around Children & Plants",5.0,2022-03-21 18:46:56.118-04
Nature's MACE,"Nature's MACE Cat Repellent 1 Gallon Spray/Treats 3,000 Sq. Ft. / Keep Cat Out of Your Lawn and Garden/Train Your Cat to Stay Out of Bushes/Safe to use Around Children & Plants",1.0,2021-07-04 11:46:40.84-04
Nature's MACE,"Nature's MACE Cat Repellent 1 Gallon Spray/Treats 3,000 Sq. Ft. / Keep Cat Out of Your Lawn and Garden/Train Your Cat to Stay Out of Bushes/Safe to use Around Children & Plants",1.0,2023-02-22 15:22:15.168-05
Nature's MACE,"Nature's MACE Cat Repellent 1 Gallon Spray/Treats 3,000 Sq. Ft. / Keep Cat Out of Your Lawn and Garden/Train Your Cat to Stay Out of Bushes/Safe to use Around Children & Plants",3.0,2023-01-05 13:45:56.835-05
Nature's MACE,"Nature's MACE Cat Repellent 1 Gallon Spray/Treats 3,000 Sq. Ft. / Keep Cat Out of Your Lawn and Garden/Train Your Cat to Stay Out of Bushes/Safe to use Around Children & Plants",1.0,2022-03-03 20:56:28.128-05
Nature's MACE,"Nature's MACE Cat Repellent 1 Gallon Spray/Treats 3,000 Sq. Ft. / Keep Cat Out of Your Lawn and Garden/Train Your Cat to Stay Out of Bushes/Safe to use Around Children & Plants",1.0,2018-09-06 22:40:28.56-04
Nature's MACE,"Nature's MACE Cat Repellent 1 Gallon Spray/Treats 3,000 Sq. Ft. / Keep Cat Out of Your Lawn and Garden/Train Your Cat to Stay Out of Bushes/Safe to use Around Children & Plants",1.0,2022-08-02 00:20:06.479-04
Nature's MACE,"Nature's MACE Cat Repellent 1 Gallon Spray/Treats 3,000 Sq. Ft. / Keep Cat Out of Your Lawn and Garden/Train Your Cat to Stay Out of Bushes/Safe to use Around Children & Plants",1.0,2022-06-05 16:11:57.491-04
Nature's MACE,"Nature's MACE Cat Repellent 1 Gallon Spray/Treats 3,000 Sq. Ft. / Keep Cat Out of Your Lawn and Garden/Train Your Cat to Stay Out of Bushes/Safe to use Around Children & Plants",1.0,2020-05-06 10:13:29.92-04
Nature's MACE,"Nature's MACE Cat Repellent 1 Gallon Spray/Treats 3,000 Sq. Ft. / Keep Cat Out of Your Lawn and Garden/Train Your Cat to Stay Out of Bushes/Safe to use Around Children & Plants",5.0,2019-06-13 09:34:56.291-04
Nature's MACE,"Nature's MACE Cat Repellent 1 Gallon Spray/Treats 3,000 Sq. Ft. / Keep Cat Out of Your Lawn and Garden/Train Your Cat to Stay Out of Bushes/Safe to use Around Children & Plants",3.0,2021-09-09 09:25:49.322-04
Nature's MACE,"Nature's MACE Cat Repellent 1 Gallon Spray/Treats 3,000 Sq. Ft. / Keep Cat Out of Your Lawn and Garden/Train Your Cat to Stay Out of Bushes/Safe to use Around Children & Plants",1.0,2019-03-05 00:42:48.554-05
Nature's MACE,"Nature's MACE Cat Repellent 1 Gallon Spray/Treats 3,000 Sq. Ft. / Keep Cat Out of Your Lawn and Garden/Train Your Cat to Stay Out of Bushes/Safe to use Around Children & Plants",2.0,2022-08-28 14:36:34.506-04
Nature's MACE,"Nature's MACE Cat Repellent 1 Gallon Spray/Treats 3,000 Sq. Ft. / Keep Cat Out of Your Lawn and Garden/Train Your Cat to Stay Out of Bushes/Safe to use Around Children & Plants",1.0,2022-03-15 19:53:12.572-04
Nature's MACE,"Nature's MACE Cat Repellent 1 Gallon Spray/Treats 3,000 Sq. Ft. / Keep Cat Out of Your Lawn and Garden/Train Your Cat to Stay Out of Bushes/Safe to use Around Children & Plants",1.0,2021-02-20 19:03:04.901-05
Nature's MACE,"Nature's MACE Cat Repellent 1 Gallon Spray/Treats 3,000 Sq. Ft. / Keep Cat Out of Your Lawn and Garden/Train Your Cat to Stay Out of Bushes/Safe to use Around Children & Plants",4.0,2020-06-16 12:56:53.653-04
Nature's MACE,"Nature's MACE Cat Repellent 1 Gallon Spray/Treats 3,000 Sq. Ft. / Keep Cat Out of Your Lawn and Garden/Train Your Cat to Stay Out of Bushes/Safe to use Around Children & Plants",5.0,2018-09-29 17:25:15.601-04
Nature's MACE,"Nature's MACE Cat Repellent 1 Gallon Spray/Treats 3,000 Sq. Ft. / Keep Cat Out of Your Lawn and Garden/Train Your Cat to Stay Out of Bushes/Safe to use Around Children & Plants",1.0,2022-12-19 20:56:20.29-05
Nature's MACE,"Nature's MACE Cat Repellent 1 Gallon Spray/Treats 3,000 Sq. Ft. / Keep Cat Out of Your Lawn and Garden/Train Your Cat to Stay Out of Bushes/Safe to use Around Children & Plants",1.0,2022-06-26 08:08:33.466-04
Nature's MACE,"Nature's MACE Cat Repellent 1 Gallon Spray/Treats 3,000 Sq. Ft. / Keep Cat Out of Your Lawn and Garden/Train Your Cat to Stay Out of Bushes/Safe to use Around Children & Plants",4.0,2020-10-01 20:21:09.247-04
Nature's MACE,"Nature's MACE Cat Repellent 1 Gallon Spray/Treats 3,000 Sq. Ft. / Keep Cat Out of Your Lawn and Garden/Train Your Cat to Stay Out of Bushes/Safe to use Around Children & Plants",1.0,2022-09-06 07:49:56.142-04
Nature's MACE,"Nature's MACE Cat Repellent 1 Gallon Spray/Treats 3,000 Sq. Ft. / Keep Cat Out of Your Lawn and Garden/Train Your Cat to Stay Out of Bushes/Safe to use Around Children & Plants",1.0,2020-05-02 08:58:14.953-04
Nature's MACE,"Nature's MACE Cat Repellent 1 Gallon Spray/Treats 3,000 Sq. Ft. / Keep Cat Out of Your Lawn and Garden/Train Your Cat to Stay Out of Bushes/Safe to use Around Children & Plants",5.0,2018-03-17 16:17:13.769-04
Nature's MACE,"Nature's MACE Cat Repellent 1 Gallon Spray/Treats 3,000 Sq. Ft. / Keep Cat Out of Your Lawn and Garden/Train Your Cat to Stay Out of Bushes/Safe to use Around Children & Plants",2.0,2019-04-20 12:56:39.303-04
Nature's MACE,"Nature's MACE Cat Repellent 1 Gallon Spray/Treats 3,000 Sq. Ft. / Keep Cat Out of Your Lawn and Garden/Train Your Cat to Stay Out of Bushes/Safe to use Around Children & Plants",1.0,2020-08-23 16:18:25.631-04
Nature's MACE,"Nature's MACE Cat Repellent 1 Gallon Spray/Treats 3,000 Sq. Ft. / Keep Cat Out of Your Lawn and Garden/Train Your Cat to Stay Out of Bushes/Safe to use Around Children & Plants",1.0,2022-11-02 19:50:20.508-04
Nature's MACE,"Nature's MACE Cat Repellent 1 Gallon Spray/Treats 3,000 Sq. Ft. / Keep Cat Out of Your Lawn and Garden/Train Your Cat to Stay Out of Bushes/Safe to use Around Children & Plants",2.0,2018-10-13 09:04:53.747-04
Nature's MACE,"Nature's MACE Cat Repellent 1 Gallon Spray/Treats 3,000 Sq. Ft. / Keep Cat Out of Your Lawn and Garden/Train Your Cat to Stay Out of Bushes/Safe to use Around Children & Plants",1.0,2023-03-16 14:18:35.48-04
Nature's MACE,"Nature's MACE Cat Repellent 1 Gallon Spray/Treats 3,000 Sq. Ft. / Keep Cat Out of Your Lawn and Garden/Train Your Cat to Stay Out of Bushes/Safe to use Around Children & Plants",5.0,2023-02-11 09:48:25.285-05
Nature's MACE,"Nature's MACE Cat Repellent 1 Gallon Spray/Treats 3,000 Sq. Ft. / Keep Cat Out of Your Lawn and Garden/Train Your Cat to Stay Out of Bushes/Safe to use Around Children & Plants",2.0,2019-05-15 09:13:14.032-04
Nature's MACE,"Nature's MACE Cat Repellent 1 Gallon Spray/Treats 3,000 Sq. Ft. / Keep Cat Out of Your Lawn and Garden/Train Your Cat to Stay Out of Bushes/Safe to use Around Children & Plants",1.0,2019-01-28 15:57:18.628-05
Nature's MACE,"Nature's MACE Cat Repellent 1 Gallon Spray/Treats 3,000 Sq. Ft. / Keep Cat Out of Your Lawn and Garden/Train Your Cat to Stay Out of Bushes/Safe to use Around Children & Plants",2.0,2020-07-31 22:57:09.728-04
Nature's MACE,"Nature's MACE Cat Repellent 1 Gallon Spray/Treats 3,000 Sq. Ft. / Keep Cat Out of Your Lawn and Garden/Train Your Cat to Stay Out of Bushes/Safe to use Around Children & Plants",1.0,2022-03-24 01:31:10.698-04
Nature's MACE,"Nature's MACE Cat Repellent 1 Gallon Spray/Treats 3,000 Sq. Ft. / Keep Cat Out of Your Lawn and Garden/Train Your Cat to Stay Out of Bushes/Safe to use Around Children & Plants",3.0,2022-04-03 13:47:29.48-04
Nature's MACE,"Nature's MACE Cat Repellent 1 Gallon Spray/Treats 3,000 Sq. Ft. / Keep Cat Out of Your Lawn and Garden/Train Your Cat to Stay Out of Bushes/Safe to use Around Children & Plants",5.0,2021-10-15 15:57:14.739-04
Nature's MACE,"Nature's MACE Cat Repellent 1 Gallon Spray/Treats 3,000 Sq. Ft. / Keep Cat Out of Your Lawn and Garden/Train Your Cat to Stay Out of Bushes/Safe to use Around Children & Plants",2.0,2020-02-05 09:57:54.318-05
Nature's MACE,"Nature's MACE Cat Repellent 1 Gallon Spray/Treats 3,000 Sq. Ft. / Keep Cat Out of Your Lawn and Garden/Train Your Cat to Stay Out of Bushes/Safe to use Around Children & Plants",3.0,2022-09-07 07:42:41.21-04
Nature's MACE,"Nature's MACE Cat Repellent 1 Gallon Spray/Treats 3,000 Sq. Ft. / Keep Cat Out of Your Lawn and Garden/Train Your Cat to Stay Out of Bushes/Safe to use Around Children & Plants",5.0,2018-05-29 09:24:02.78-04
Nature's MACE,"Nature's MACE Cat Repellent 1 Gallon Spray/Treats 3,000 Sq. Ft. / Keep Cat Out of Your Lawn and Garden/Train Your Cat to Stay Out of Bushes/Safe to use Around Children & Plants",1.0,2022-06-12 12:45:24.071-04
Nature's MACE,"Nature's MACE Cat Repellent 1 Gallon Spray/Treats 3,000 Sq. Ft. / Keep Cat Out of Your Lawn and Garden/Train Your Cat to Stay Out of Bushes/Safe to use Around Children & Plants",1.0,2022-07-29 18:30:15.133-04
Nature's MACE,"Nature's MACE Cat Repellent 1 Gallon Spray/Treats 3,000 Sq. Ft. / Keep Cat Out of Your Lawn and Garden/Train Your Cat to Stay Out of Bushes/Safe to use Around Children & Plants",5.0,2019-01-10 14:58:44.15-05
Nature's MACE,"Nature's MACE Cat Repellent 1 Gallon Spray/Treats 3,000 Sq. Ft. / Keep Cat Out of Your Lawn and Garden/Train Your Cat to Stay Out of Bushes/Safe to use Around Children & Plants",1.0,2021-02-02 17:22:11.908-05
Nature's MACE,"Nature's MACE Cat Repellent 1 Gallon Spray/Treats 3,000 Sq. Ft. / Keep Cat Out of Your Lawn and Garden/Train Your Cat to Stay Out of Bushes/Safe to use Around Children & Plants",4.0,2022-06-07 16:56:39.943-04
Nature's MACE,"Nature's MACE Cat Repellent 1 Gallon Spray/Treats 3,000 Sq. Ft. / Keep Cat Out of Your Lawn and Garden/Train Your Cat to Stay Out of Bushes/Safe to use Around Children & Plants",1.0,2020-10-11 05:33:59.921-04
Nature's MACE,"Nature's MACE Cat Repellent 1 Gallon Spray/Treats 3,000 Sq. Ft. / Keep Cat Out of Your Lawn and Garden/Train Your Cat to Stay Out of Bushes/Safe to use Around Children & Plants",1.0,2019-08-20 12:00:59.564-04
Nature's MACE,"Nature's MACE Cat Repellent 1 Gallon Spray/Treats 3,000 Sq. Ft. / Keep Cat Out of Your Lawn and Garden/Train Your Cat to Stay Out of Bushes/Safe to use Around Children & Plants",1.0,2022-12-10 16:28:51.306-05
Nature's MACE,"Nature's MACE Cat Repellent 1 Gallon Spray/Treats 3,000 Sq. Ft. / Keep Cat Out of Your Lawn and Garden/Train Your Cat to Stay Out of Bushes/Safe to use Around Children & Plants",5.0,2019-04-16 16:56:05.539-04
Nature's MACE,"Nature's MACE Cat Repellent 1 Gallon Spray/Treats 3,000 Sq. Ft. / Keep Cat Out of Your Lawn and Garden/Train Your Cat to Stay Out of Bushes/Safe to use Around Children & Plants",1.0,2022-11-27 12:27:35.153-05
Nature's MACE,"Nature's MACE Cat Repellent 1 Gallon Spray/Treats 3,000 Sq. Ft. / Keep Cat Out of Your Lawn and Garden/Train Your Cat to Stay Out of Bushes/Safe to use Around Children & Plants",1.0,2020-08-03 10:54:58.486-04
Nature's MACE,"Nature's MACE Cat Repellent 1 Gallon Spray/Treats 3,000 Sq. Ft. / Keep Cat Out of Your Lawn and Garden/Train Your Cat to Stay Out of Bushes/Safe to use Around Children & Plants",2.0,2018-03-19 20:22:12.446-04
Nature's MACE,"Nature's MACE Cat Repellent 1 Gallon Spray/Treats 3,000 Sq. Ft. / Keep Cat Out of Your Lawn and Garden/Train Your Cat to Stay Out of Bushes/Safe to use Around Children & Plants",5.0,2019-07-10 00:24:45.423-04
Nature's MACE,"Nature's MACE Cat Repellent 1 Gallon Spray/Treats 3,000 Sq. Ft. / Keep Cat Out of Your Lawn and Garden/Train Your Cat to Stay Out of Bushes/Safe to use Around Children & Plants",1.0,2020-03-24 15:01:32.518-04
Nature's MACE,"Nature's MACE Cat Repellent 1 Gallon Spray/Treats 3,000 Sq. Ft. / Keep Cat Out of Your Lawn and Garden/Train Your Cat to Stay Out of Bushes/Safe to use Around Children & Plants",2.0,2020-10-01 12:35:26.982-04
Nature's MACE,"Nature's MACE Cat Repellent 1 Gallon Spray/Treats 3,000 Sq. Ft. / Keep Cat Out of Your Lawn and Garden/Train Your Cat to Stay Out of Bushes/Safe to use Around Children & Plants",3.0,2021-06-13 11:15:45.63-04
Nature's MACE,"Nature's MACE Cat Repellent 1 Gallon Spray/Treats 3,000 Sq. Ft. / Keep Cat Out of Your Lawn and Garden/Train Your Cat to Stay Out of Bushes/Safe to use Around Children & Plants",2.0,2021-07-23 12:02:24.607-04
Nature's MACE,"Nature's MACE Cat Repellent 1 Gallon Spray/Treats 3,000 Sq. Ft. / Keep Cat Out of Your Lawn and Garden/Train Your Cat to Stay Out of Bushes/Safe to use Around Children & Plants",2.0,2018-03-27 02:55:12.789-04
Nature's MACE,"Nature's MACE Cat Repellent 1 Gallon Spray/Treats 3,000 Sq. Ft. / Keep Cat Out of Your Lawn and Garden/Train Your Cat to Stay Out of Bushes/Safe to use Around Children & Plants",2.0,2021-08-26 09:21:25.569-04
Nature's MACE,"Nature's MACE Cat Repellent 1 Gallon Spray/Treats 3,000 Sq. Ft. / Keep Cat Out of Your Lawn and Garden/Train Your Cat to Stay Out of Bushes/Safe to use Around Children & Plants",5.0,2019-07-17 14:08:11.484-04
Nature's MACE,"Nature's MACE Cat Repellent 1 Gallon Spray/Treats 3,000 Sq. Ft. / Keep Cat Out of Your Lawn and Garden/Train Your Cat to Stay Out of Bushes/Safe to use Around Children & Plants",1.0,2019-11-21 01:37:35.431-05
Nature's MACE,"Nature's MACE Cat Repellent 1 Gallon Spray/Treats 3,000 Sq. Ft. / Keep Cat Out of Your Lawn and Garden/Train Your Cat to Stay Out of Bushes/Safe to use Around Children & Plants",5.0,2021-03-14 18:22:22.723-04
Nature's MACE,"Nature's MACE Cat Repellent 1 Gallon Spray/Treats 3,000 Sq. Ft. / Keep Cat Out of Your Lawn and Garden/Train Your Cat to Stay Out of Bushes/Safe to use Around Children & Plants",1.0,2018-06-01 19:09:39.294-04
Nature's MACE,"Nature's MACE Cat Repellent 1 Gallon Spray/Treats 3,000 Sq. Ft. / Keep Cat Out of Your Lawn and Garden/Train Your Cat to Stay Out of Bushes/Safe to use Around Children & Plants",1.0,2022-11-24 05:56:50.636-05
Nature's MACE,"Nature's MACE Cat Repellent 1 Gallon Spray/Treats 3,000 Sq. Ft. / Keep Cat Out of Your Lawn and Garden/Train Your Cat to Stay Out of Bushes/Safe to use Around Children & Plants",5.0,2022-02-08 15:46:43.872-05
Nature's MACE,"Nature's MACE Cat Repellent 1 Gallon Spray/Treats 3,000 Sq. Ft. / Keep Cat Out of Your Lawn and Garden/Train Your Cat to Stay Out of Bushes/Safe to use Around Children & Plants",4.0,2019-02-01 20:21:05.202-05
Nature's MACE,"Nature's MACE Cat Repellent 1 Gallon Spray/Treats 3,000 Sq. Ft. / Keep Cat Out of Your Lawn and Garden/Train Your Cat to Stay Out of Bushes/Safe to use Around Children & Plants",5.0,2021-03-19 16:10:49.127-04
Nature's MACE,"Nature's MACE Cat Repellent 1 Gallon Spray/Treats 3,000 Sq. Ft. / Keep Cat Out of Your Lawn and Garden/Train Your Cat to Stay Out of Bushes/Safe to use Around Children & Plants",1.0,2022-08-25 13:28:57.073-04
Nature's MACE,"Nature's MACE Cat Repellent 1 Gallon Spray/Treats 3,000 Sq. Ft. / Keep Cat Out of Your Lawn and Garden/Train Your Cat to Stay Out of Bushes/Safe to use Around Children & Plants",5.0,2019-01-09 23:07:41.677-05
Nature's MACE,"Nature's MACE Cat Repellent 1 Gallon Spray/Treats 3,000 Sq. Ft. / Keep Cat Out of Your Lawn and Garden/Train Your Cat to Stay Out of Bushes/Safe to use Around Children & Plants",3.0,2022-12-31 22:27:32.251-05
Nature's MACE,"Nature's MACE Cat Repellent 1 Gallon Spray/Treats 3,000 Sq. Ft. / Keep Cat Out of Your Lawn and Garden/Train Your Cat to Stay Out of Bushes/Safe to use Around Children & Plants",4.0,2021-08-27 19:40:57.875-04
Nature's MACE,"Nature's MACE Cat Repellent 1 Gallon Spray/Treats 3,000 Sq. Ft. / Keep Cat Out of Your Lawn and Garden/Train Your Cat to Stay Out of Bushes/Safe to use Around Children & Plants",3.0,2019-07-09 23:05:56.547-04
Nature's MACE,"Nature's MACE Cat Repellent 1 Gallon Spray/Treats 3,000 Sq. Ft. / Keep Cat Out of Your Lawn and Garden/Train Your Cat to Stay Out of Bushes/Safe to use Around Children & Plants",1.0,2022-02-16 13:58:15.729-05
Nature's MACE,"Nature's MACE Cat Repellent 1 Gallon Spray/Treats 3,000 Sq. Ft. / Keep Cat Out of Your Lawn and Garden/Train Your Cat to Stay Out of Bushes/Safe to use Around Children & Plants",5.0,2020-12-21 11:16:35.677-05
Nature's MACE,"Nature's MACE Cat Repellent 1 Gallon Spray/Treats 3,000 Sq. Ft. / Keep Cat Out of Your Lawn and Garden/Train Your Cat to Stay Out of Bushes/Safe to use Around Children & Plants",1.0,2021-09-29 08:14:38.316-04
Nature's MACE,"Nature's MACE Cat Repellent 1 Gallon Spray/Treats 3,000 Sq. Ft. / Keep Cat Out of Your Lawn and Garden/Train Your Cat to Stay Out of Bushes/Safe to use Around Children & Plants",1.0,2023-02-24 14:37:08.629-05
Nature's MACE,"Nature's MACE Cat Repellent 1 Gallon Spray/Treats 3,000 Sq. Ft. / Keep Cat Out of Your Lawn and Garden/Train Your Cat to Stay Out of Bushes/Safe to use Around Children & Plants",4.0,2019-02-08 23:45:11.204-05
Nature's MACE,"Nature's MACE Cat Repellent 1 Gallon Spray/Treats 3,000 Sq. Ft. / Keep Cat Out of Your Lawn and Garden/Train Your Cat to Stay Out of Bushes/Safe to use Around Children & Plants",2.0,2021-07-22 16:54:30.423-04
Nature's MACE,"Nature's MACE Cat Repellent 1 Gallon Spray/Treats 3,000 Sq. Ft. / Keep Cat Out of Your Lawn and Garden/Train Your Cat to Stay Out of Bushes/Safe to use Around Children & Plants",5.0,2020-01-04 13:06:56.435-05
Nature's MACE,"Nature's MACE Cat Repellent 1 Gallon Spray/Treats 3,000 Sq. Ft. / Keep Cat Out of Your Lawn and Garden/Train Your Cat to Stay Out of Bushes/Safe to use Around Children & Plants",5.0,2018-04-03 10:07:28.422-04
Nature's MACE,"Nature's MACE Cat Repellent 1 Gallon Spray/Treats 3,000 Sq. Ft. / Keep Cat Out of Your Lawn and Garden/Train Your Cat to Stay Out of Bushes/Safe to use Around Children & Plants",1.0,2020-09-29 12:49:52.182-04
Nature's MACE,"Nature's MACE Cat Repellent 1 Gallon Spray/Treats 3,000 Sq. Ft. / Keep Cat Out of Your Lawn and Garden/Train Your Cat to Stay Out of Bushes/Safe to use Around Children & Plants",5.0,2019-06-12 20:01:41.172-04
Nature's MACE,"Nature's MACE Cat Repellent 1 Gallon Spray/Treats 3,000 Sq. Ft. / Keep Cat Out of Your Lawn and Garden/Train Your Cat to Stay Out of Bushes/Safe to use Around Children & Plants",1.0,2019-05-11 19:54:37.194-04
Nature's MACE,"Nature's MACE Cat Repellent 1 Gallon Spray/Treats 3,000 Sq. Ft. / Keep Cat Out of Your Lawn and Garden/Train Your Cat to Stay Out of Bushes/Safe to use Around Children & Plants",5.0,2022-10-18 16:09:16.668-04
Nature's MACE,"Nature's MACE Cat Repellent 1 Gallon Spray/Treats 3,000 Sq. Ft. / Keep Cat Out of Your Lawn and Garden/Train Your Cat to Stay Out of Bushes/Safe to use Around Children & Plants",1.0,2022-10-11 05:47:12.741-04
Nature's MACE,"Nature's MACE Cat Repellent 1 Gallon Spray/Treats 3,000 Sq. Ft. / Keep Cat Out of Your Lawn and Garden/Train Your Cat to Stay Out of Bushes/Safe to use Around Children & Plants",5.0,2020-01-11 17:31:27.95-05
Nature's MACE,"Nature's MACE Cat Repellent 1 Gallon Spray/Treats 3,000 Sq. Ft. / Keep Cat Out of Your Lawn and Garden/Train Your Cat to Stay Out of Bushes/Safe to use Around Children & Plants",5.0,2018-08-06 23:44:08.303-04
Nature's MACE,"Nature's MACE Cat Repellent 1 Gallon Spray/Treats 3,000 Sq. Ft. / Keep Cat Out of Your Lawn and Garden/Train Your Cat to Stay Out of Bushes/Safe to use Around Children & Plants",1.0,2021-08-07 06:42:57.147-04
Nature's MACE,"Nature's MACE Cat Repellent 1 Gallon Spray/Treats 3,000 Sq. Ft. / Keep Cat Out of Your Lawn and Garden/Train Your Cat to Stay Out of Bushes/Safe to use Around Children & Plants",1.0,2019-07-30 18:35:02.558-04
Nature's MACE,"Nature's MACE Cat Repellent 1 Gallon Spray/Treats 3,000 Sq. Ft. / Keep Cat Out of Your Lawn and Garden/Train Your Cat to Stay Out of Bushes/Safe to use Around Children & Plants",5.0,2018-10-01 12:23:44.745-04
Nature's MACE,"Nature's MACE Cat Repellent 1 Gallon Spray/Treats 3,000 Sq. Ft. / Keep Cat Out of Your Lawn and Garden/Train Your Cat to Stay Out of Bushes/Safe to use Around Children & Plants",1.0,2018-08-10 13:07:59.618-04
Nature's MACE,"Nature's MACE Cat Repellent 1 Gallon Spray/Treats 3,000 Sq. Ft. / Keep Cat Out of Your Lawn and Garden/Train Your Cat to Stay Out of Bushes/Safe to use Around Children & Plants",4.0,2018-03-17 09:56:59.913-04
Nature's MACE,"Nature's MACE Cat Repellent 1 Gallon Spray/Treats 3,000 Sq. Ft. / Keep Cat Out of Your Lawn and Garden/Train Your Cat to Stay Out of Bushes/Safe to use Around Children & Plants",2.0,2019-08-16 05:13:22.374-04
Nature's MACE,"Nature's MACE Cat Repellent 1 Gallon Spray/Treats 3,000 Sq. Ft. / Keep Cat Out of Your Lawn and Garden/Train Your Cat to Stay Out of Bushes/Safe to use Around Children & Plants",1.0,2018-11-07 16:42:48.833-05
Nature's MACE,"Nature's MACE Cat Repellent 1 Gallon Spray/Treats 3,000 Sq. Ft. / Keep Cat Out of Your Lawn and Garden/Train Your Cat to Stay Out of Bushes/Safe to use Around Children & Plants",5.0,2019-05-29 20:25:56.656-04
Nature's MACE,"Nature's MACE Cat Repellent 1 Gallon Spray/Treats 3,000 Sq. Ft. / Keep Cat Out of Your Lawn and Garden/Train Your Cat to Stay Out of Bushes/Safe to use Around Children & Plants",1.0,2021-04-08 18:47:54.23-04
Nature's MACE,"Nature's MACE Cat Repellent 1 Gallon Spray/Treats 3,000 Sq. Ft. / Keep Cat Out of Your Lawn and Garden/Train Your Cat to Stay Out of Bushes/Safe to use Around Children & Plants",5.0,2022-07-20 13:29:02.6-04
Nature's MACE,"Nature's MACE Cat Repellent 1 Gallon Spray/Treats 3,000 Sq. Ft. / Keep Cat Out of Your Lawn and Garden/Train Your Cat to Stay Out of Bushes/Safe to use Around Children & Plants",5.0,2022-07-20 13:27:03.938-04
Nature's MACE,"Nature's MACE Cat Repellent 1 Gallon Spray/Treats 3,000 Sq. Ft. / Keep Cat Out of Your Lawn and Garden/Train Your Cat to Stay Out of Bushes/Safe to use Around Children & Plants",1.0,2022-07-29 18:03:39.633-04
Nature's MACE,"Nature's MACE Cat Repellent 1 Gallon Spray/Treats 3,000 Sq. Ft. / Keep Cat Out of Your Lawn and Garden/Train Your Cat to Stay Out of Bushes/Safe to use Around Children & Plants",2.0,2022-02-17 13:17:39.787-05
Nature's MACE,"Nature's MACE Cat Repellent 1 Gallon Spray/Treats 3,000 Sq. Ft. / Keep Cat Out of Your Lawn and Garden/Train Your Cat to Stay Out of Bushes/Safe to use Around Children & Plants",4.0,2022-05-07 22:13:28.383-04
Nature's MACE,"Nature's MACE Cat Repellent 1 Gallon Spray/Treats 3,000 Sq. Ft. / Keep Cat Out of Your Lawn and Garden/Train Your Cat to Stay Out of Bushes/Safe to use Around Children & Plants",3.0,2022-05-17 12:43:59.615-04
Nature's MACE,"Nature's MACE Cat Repellent 1 Gallon Spray/Treats 3,000 Sq. Ft. / Keep Cat Out of Your Lawn and Garden/Train Your Cat to Stay Out of Bushes/Safe to use Around Children & Plants",5.0,2019-08-29 07:58:45.419-04
Nature's MACE,"Nature's MACE Cat Repellent 1 Gallon Spray/Treats 3,000 Sq. Ft. / Keep Cat Out of Your Lawn and Garden/Train Your Cat to Stay Out of Bushes/Safe to use Around Children & Plants",1.0,2021-07-03 05:31:17.927-04
Nature's MACE,"Nature's MACE Cat Repellent 1 Gallon Spray/Treats 3,000 Sq. Ft. / Keep Cat Out of Your Lawn and Garden/Train Your Cat to Stay Out of Bushes/Safe to use Around Children & Plants",1.0,2019-02-03 23:40:05.688-05
Nature's MACE,"Nature's MACE Cat Repellent 1 Gallon Spray/Treats 3,000 Sq. Ft. / Keep Cat Out of Your Lawn and Garden/Train Your Cat to Stay Out of Bushes/Safe to use Around Children & Plants",5.0,2019-11-07 16:47:18.78-05
Nature's MACE,"Nature's MACE Cat Repellent 1 Gallon Spray/Treats 3,000 Sq. Ft. / Keep Cat Out of Your Lawn and Garden/Train Your Cat to Stay Out of Bushes/Safe to use Around Children & Plants",1.0,2021-06-08 19:44:53.084-04
Nature's MACE,"Nature's MACE Cat Repellent 1 Gallon Spray/Treats 3,000 Sq. Ft. / Keep Cat Out of Your Lawn and Garden/Train Your Cat to Stay Out of Bushes/Safe to use Around Children & Plants",1.0,2022-10-22 14:50:10.882-04
Nature's MACE,"Nature's MACE Cat Repellent 1 Gallon Spray/Treats 3,000 Sq. Ft. / Keep Cat Out of Your Lawn and Garden/Train Your Cat to Stay Out of Bushes/Safe to use Around Children & Plants",1.0,2019-11-14 02:13:18.636-05
Nature's MACE,"Nature's MACE Cat Repellent 1 Gallon Spray/Treats 3,000 Sq. Ft. / Keep Cat Out of Your Lawn and Garden/Train Your Cat to Stay Out of Bushes/Safe to use Around Children & Plants",5.0,2019-08-04 17:20:38.742-04
Nature's MACE,"Nature's MACE Cat Repellent 1 Gallon Spray/Treats 3,000 Sq. Ft. / Keep Cat Out of Your Lawn and Garden/Train Your Cat to Stay Out of Bushes/Safe to use Around Children & Plants",5.0,2020-04-30 10:30:04.872-04
Nature's MACE,"Nature's MACE Cat Repellent 1 Gallon Spray/Treats 3,000 Sq. Ft. / Keep Cat Out of Your Lawn and Garden/Train Your Cat to Stay Out of Bushes/Safe to use Around Children & Plants",5.0,2017-12-04 18:00:27.767-05
Nature's MACE,"Nature's MACE Cat Repellent 1 Gallon Spray/Treats 3,000 Sq. Ft. / Keep Cat Out of Your Lawn and Garden/Train Your Cat to Stay Out of Bushes/Safe to use Around Children & Plants",5.0,2022-10-09 09:51:38.005-04
Nature's MACE,"Nature's MACE Cat Repellent 1 Gallon Spray/Treats 3,000 Sq. Ft. / Keep Cat Out of Your Lawn and Garden/Train Your Cat to Stay Out of Bushes/Safe to use Around Children & Plants",1.0,2019-10-29 02:52:32.506-04
Nature's MACE,"Nature's MACE Cat Repellent 1 Gallon Spray/Treats 3,000 Sq. Ft. / Keep Cat Out of Your Lawn and Garden/Train Your Cat to Stay Out of Bushes/Safe to use Around Children & Plants",1.0,2021-07-19 15:25:14.009-04
Nature's MACE,"Nature's MACE Cat Repellent 1 Gallon Spray/Treats 3,000 Sq. Ft. / Keep Cat Out of Your Lawn and Garden/Train Your Cat to Stay Out of Bushes/Safe to use Around Children & Plants",1.0,2022-03-09 06:31:26.095-05
Nature's MACE,"Nature's MACE Cat Repellent 1 Gallon Spray/Treats 3,000 Sq. Ft. / Keep Cat Out of Your Lawn and Garden/Train Your Cat to Stay Out of Bushes/Safe to use Around Children & Plants",4.0,2020-02-28 10:02:31.276-05
Nature's MACE,"Nature's MACE Cat Repellent 1 Gallon Spray/Treats 3,000 Sq. Ft. / Keep Cat Out of Your Lawn and Garden/Train Your Cat to Stay Out of Bushes/Safe to use Around Children & Plants",1.0,2021-04-13 10:45:28.294-04
Nature's MACE,"Nature's MACE Cat Repellent 1 Gallon Spray/Treats 3,000 Sq. Ft. / Keep Cat Out of Your Lawn and Garden/Train Your Cat to Stay Out of Bushes/Safe to use Around Children & Plants",3.0,2021-11-30 18:49:45.184-05
Nature's MACE,"Nature's MACE Cat Repellent 1 Gallon Spray/Treats 3,000 Sq. Ft. / Keep Cat Out of Your Lawn and Garden/Train Your Cat to Stay Out of Bushes/Safe to use Around Children & Plants",1.0,2021-08-04 23:26:05.769-04
Nature's MACE,"Nature's MACE Cat Repellent 1 Gallon Spray/Treats 3,000 Sq. Ft. / Keep Cat Out of Your Lawn and Garden/Train Your Cat to Stay Out of Bushes/Safe to use Around Children & Plants",3.0,2018-09-06 12:00:07.282-04
Nature's MACE,"Nature's MACE Cat Repellent 1 Gallon Spray/Treats 3,000 Sq. Ft. / Keep Cat Out of Your Lawn and Garden/Train Your Cat to Stay Out of Bushes/Safe to use Around Children & Plants",1.0,2019-12-29 20:54:04.242-05
Nature's MACE,"Nature's MACE Cat Repellent 1 Gallon Spray/Treats 3,000 Sq. Ft. / Keep Cat Out of Your Lawn and Garden/Train Your Cat to Stay Out of Bushes/Safe to use Around Children & Plants",1.0,2020-04-02 16:38:37.811-04
Nature's MACE,"Nature's MACE Cat Repellent 1 Gallon Spray/Treats 3,000 Sq. Ft. / Keep Cat Out of Your Lawn and Garden/Train Your Cat to Stay Out of Bushes/Safe to use Around Children & Plants",1.0,2021-12-14 20:22:26.446-05
Nature's MACE,"Nature's MACE Cat Repellent 1 Gallon Spray/Treats 3,000 Sq. Ft. / Keep Cat Out of Your Lawn and Garden/Train Your Cat to Stay Out of Bushes/Safe to use Around Children & Plants",1.0,2022-05-30 15:19:47.95-04
Nature's MACE,"Nature's MACE Cat Repellent 1 Gallon Spray/Treats 3,000 Sq. Ft. / Keep Cat Out of Your Lawn and Garden/Train Your Cat to Stay Out of Bushes/Safe to use Around Children & Plants",1.0,2021-11-06 23:46:42.314-04
Nature's MACE,"Nature's MACE Cat Repellent 1 Gallon Spray/Treats 3,000 Sq. Ft. / Keep Cat Out of Your Lawn and Garden/Train Your Cat to Stay Out of Bushes/Safe to use Around Children & Plants",5.0,2020-02-22 23:12:09.407-05
Nature's MACE,"Nature's MACE Cat Repellent 1 Gallon Spray/Treats 3,000 Sq. Ft. / Keep Cat Out of Your Lawn and Garden/Train Your Cat to Stay Out of Bushes/Safe to use Around Children & Plants",4.0,2022-08-09 08:13:38.859-04
Nature's MACE,"Nature's MACE Cat Repellent 1 Gallon Spray/Treats 3,000 Sq. Ft. / Keep Cat Out of Your Lawn and Garden/Train Your Cat to Stay Out of Bushes/Safe to use Around Children & Plants",2.0,2022-01-26 15:00:45.785-05
Nature's MACE,"Nature's MACE Cat Repellent 1 Gallon Spray/Treats 3,000 Sq. Ft. / Keep Cat Out of Your Lawn and Garden/Train Your Cat to Stay Out of Bushes/Safe to use Around Children & Plants",5.0,2022-06-09 07:26:32.558-04
Nature's MACE,"Nature's MACE Cat Repellent 1 Gallon Spray/Treats 3,000 Sq. Ft. / Keep Cat Out of Your Lawn and Garden/Train Your Cat to Stay Out of Bushes/Safe to use Around Children & Plants",1.0,2021-07-20 11:06:45.5-04
Nature's MACE,"Nature's MACE Cat Repellent 1 Gallon Spray/Treats 3,000 Sq. Ft. / Keep Cat Out of Your Lawn and Garden/Train Your Cat to Stay Out of Bushes/Safe to use Around Children & Plants",3.0,2020-05-04 13:25:54.213-04
Nature's MACE,"Nature's MACE Cat Repellent 1 Gallon Spray/Treats 3,000 Sq. Ft. / Keep Cat Out of Your Lawn and Garden/Train Your Cat to Stay Out of Bushes/Safe to use Around Children & Plants",3.0,2021-07-21 11:32:43.726-04
Nature's MACE,"Nature's MACE Cat Repellent 1 Gallon Spray/Treats 3,000 Sq. Ft. / Keep Cat Out of Your Lawn and Garden/Train Your Cat to Stay Out of Bushes/Safe to use Around Children & Plants",1.0,2022-11-26 23:24:17.582-05
Nature's MACE,"Nature's MACE Cat Repellent 1 Gallon Spray/Treats 3,000 Sq. Ft. / Keep Cat Out of Your Lawn and Garden/Train Your Cat to Stay Out of Bushes/Safe to use Around Children & Plants",4.0,2021-10-06 12:31:51.333-04
Nature's MACE,"Nature's MACE Cat Repellent 1 Gallon Spray/Treats 3,000 Sq. Ft. / Keep Cat Out of Your Lawn and Garden/Train Your Cat to Stay Out of Bushes/Safe to use Around Children & Plants",5.0,2022-05-06 17:17:03.995-04
Nature's MACE,"Nature's MACE Cat Repellent 1 Gallon Spray/Treats 3,000 Sq. Ft. / Keep Cat Out of Your Lawn and Garden/Train Your Cat to Stay Out of Bushes/Safe to use Around Children & Plants",5.0,2018-04-03 10:24:41.803-04
Nature's MACE,"Nature's MACE Cat Repellent 1 Gallon Spray/Treats 3,000 Sq. Ft. / Keep Cat Out of Your Lawn and Garden/Train Your Cat to Stay Out of Bushes/Safe to use Around Children & Plants",1.0,2021-01-28 19:38:51.065-05
Nature's MACE,"Nature's MACE Cat Repellent 1 Gallon Spray/Treats 3,000 Sq. Ft. / Keep Cat Out of Your Lawn and Garden/Train Your Cat to Stay Out of Bushes/Safe to use Around Children & Plants",2.0,2022-04-07 15:19:27.463-04
Nature's MACE,"Nature's MACE Cat Repellent 1 Gallon Spray/Treats 3,000 Sq. Ft. / Keep Cat Out of Your Lawn and Garden/Train Your Cat to Stay Out of Bushes/Safe to use Around Children & Plants",3.0,2020-01-12 14:23:05.34-05
Nature's MACE,"Nature's MACE Cat Repellent 1 Gallon Spray/Treats 3,000 Sq. Ft. / Keep Cat Out of Your Lawn and Garden/Train Your Cat to Stay Out of Bushes/Safe to use Around Children & Plants",1.0,2021-03-23 15:36:24.84-04
Nature's MACE,"Nature's MACE Cat Repellent 1 Gallon Spray/Treats 3,000 Sq. Ft. / Keep Cat Out of Your Lawn and Garden/Train Your Cat to Stay Out of Bushes/Safe to use Around Children & Plants",1.0,2019-05-28 09:54:20.937-04
Nature's MACE,"Nature's MACE Cat Repellent 1 Gallon Spray/Treats 3,000 Sq. Ft. / Keep Cat Out of Your Lawn and Garden/Train Your Cat to Stay Out of Bushes/Safe to use Around Children & Plants",1.0,2021-12-26 15:00:54.087-05
Nature's MACE,"Nature's MACE Cat Repellent 1 Gallon Spray/Treats 3,000 Sq. Ft. / Keep Cat Out of Your Lawn and Garden/Train Your Cat to Stay Out of Bushes/Safe to use Around Children & Plants",1.0,2018-02-21 18:32:24.636-05
Nature's MACE,"Nature's MACE Cat Repellent 1 Gallon Spray/Treats 3,000 Sq. Ft. / Keep Cat Out of Your Lawn and Garden/Train Your Cat to Stay Out of Bushes/Safe to use Around Children & Plants",1.0,2021-12-30 16:39:13.642-05
Nature's MACE,"Nature's MACE Cat Repellent 1 Gallon Spray/Treats 3,000 Sq. Ft. / Keep Cat Out of Your Lawn and Garden/Train Your Cat to Stay Out of Bushes/Safe to use Around Children & Plants",1.0,2022-06-26 13:45:08.989-04
Nature's MACE,"Nature's MACE Cat Repellent 1 Gallon Spray/Treats 3,000 Sq. Ft. / Keep Cat Out of Your Lawn and Garden/Train Your Cat to Stay Out of Bushes/Safe to use Around Children & Plants",2.0,2022-02-07 09:54:57.851-05
Nature's MACE,"Nature's MACE Cat Repellent 1 Gallon Spray/Treats 3,000 Sq. Ft. / Keep Cat Out of Your Lawn and Garden/Train Your Cat to Stay Out of Bushes/Safe to use Around Children & Plants",5.0,2019-04-01 10:29:20.442-04
Nature's MACE,"Nature's MACE Cat Repellent 1 Gallon Spray/Treats 3,000 Sq. Ft. / Keep Cat Out of Your Lawn and Garden/Train Your Cat to Stay Out of Bushes/Safe to use Around Children & Plants",1.0,2023-01-10 09:24:39.734-05
Nature's MACE,"Nature's MACE Cat Repellent 1 Gallon Spray/Treats 3,000 Sq. Ft. / Keep Cat Out of Your Lawn and Garden/Train Your Cat to Stay Out of Bushes/Safe to use Around Children & Plants",1.0,2022-09-02 23:53:43.148-04
Nature's MACE,"Nature's MACE Cat Repellent 1 Gallon Spray/Treats 3,000 Sq. Ft. / Keep Cat Out of Your Lawn and Garden/Train Your Cat to Stay Out of Bushes/Safe to use Around Children & Plants",2.0,2018-05-29 14:18:33.056-04
Nature's MACE,"Nature's MACE Cat Repellent 1 Gallon Spray/Treats 3,000 Sq. Ft. / Keep Cat Out of Your Lawn and Garden/Train Your Cat to Stay Out of Bushes/Safe to use Around Children & Plants",4.0,2019-05-30 11:47:03.27-04
Nature's MACE,"Nature's MACE Cat Repellent 1 Gallon Spray/Treats 3,000 Sq. Ft. / Keep Cat Out of Your Lawn and Garden/Train Your Cat to Stay Out of Bushes/Safe to use Around Children & Plants",1.0,2018-10-17 17:09:37.063-04
Nature's MACE,"Nature's MACE Cat Repellent 1 Gallon Spray/Treats 3,000 Sq. Ft. / Keep Cat Out of Your Lawn and Garden/Train Your Cat to Stay Out of Bushes/Safe to use Around Children & Plants",3.0,2019-01-23 08:16:14.466-05
Nature's MACE,"Nature's MACE Cat Repellent 1 Gallon Spray/Treats 3,000 Sq. Ft. / Keep Cat Out of Your Lawn and Garden/Train Your Cat to Stay Out of Bushes/Safe to use Around Children & Plants",5.0,2019-04-11 21:48:37.386-04
Nature's MACE,"Nature's MACE Cat Repellent 1 Gallon Spray/Treats 3,000 Sq. Ft. / Keep Cat Out of Your Lawn and Garden/Train Your Cat to Stay Out of Bushes/Safe to use Around Children & Plants",1.0,2021-08-17 21:35:42.091-04
Nature's MACE,"Nature's MACE Cat Repellent 1 Gallon Spray/Treats 3,000 Sq. Ft. / Keep Cat Out of Your Lawn and Garden/Train Your Cat to Stay Out of Bushes/Safe to use Around Children & Plants",5.0,2020-12-23 13:30:49.051-05
Nature's MACE,"Nature's MACE Cat Repellent 1 Gallon Spray/Treats 3,000 Sq. Ft. / Keep Cat Out of Your Lawn and Garden/Train Your Cat to Stay Out of Bushes/Safe to use Around Children & Plants",1.0,2021-09-21 21:18:54.244-04
Nature's MACE,"Nature's MACE Cat Repellent 1 Gallon Spray/Treats 3,000 Sq. Ft. / Keep Cat Out of Your Lawn and Garden/Train Your Cat to Stay Out of Bushes/Safe to use Around Children & Plants",4.0,2019-08-08 12:22:14.522-04
Nature's MACE,"Nature's MACE Cat Repellent 1 Gallon Spray/Treats 3,000 Sq. Ft. / Keep Cat Out of Your Lawn and Garden/Train Your Cat to Stay Out of Bushes/Safe to use Around Children & Plants",2.0,2020-11-12 11:04:47.864-05
Nature's MACE,"Nature's MACE Cat Repellent 1 Gallon Spray/Treats 3,000 Sq. Ft. / Keep Cat Out of Your Lawn and Garden/Train Your Cat to Stay Out of Bushes/Safe to use Around Children & Plants",5.0,2019-02-04 12:23:26.487-05
Nature's MACE,"Nature's MACE Cat Repellent 1 Gallon Spray/Treats 3,000 Sq. Ft. / Keep Cat Out of Your Lawn and Garden/Train Your Cat to Stay Out of Bushes/Safe to use Around Children & Plants",1.0,2019-11-08 19:16:56.447-05
Nature's MACE,"Nature's MACE Cat Repellent 1 Gallon Spray/Treats 3,000 Sq. Ft. / Keep Cat Out of Your Lawn and Garden/Train Your Cat to Stay Out of Bushes/Safe to use Around Children & Plants",5.0,2018-10-16 09:37:04.831-04
Nature's MACE,"Nature's MACE Cat Repellent 1 Gallon Spray/Treats 3,000 Sq. Ft. / Keep Cat Out of Your Lawn and Garden/Train Your Cat to Stay Out of Bushes/Safe to use Around Children & Plants",5.0,2021-11-05 15:03:14.311-04
Nature's MACE,"Nature's MACE Cat Repellent 1 Gallon Spray/Treats 3,000 Sq. Ft. / Keep Cat Out of Your Lawn and Garden/Train Your Cat to Stay Out of Bushes/Safe to use Around Children & Plants",1.0,2022-04-29 09:34:15.83-04
Nature's MACE,"Nature's MACE Cat Repellent 1 Gallon Spray/Treats 3,000 Sq. Ft. / Keep Cat Out of Your Lawn and Garden/Train Your Cat to Stay Out of Bushes/Safe to use Around Children & Plants",5.0,2018-05-24 20:31:09.521-04
Nature's MACE,"Nature's MACE Cat Repellent 1 Gallon Spray/Treats 3,000 Sq. Ft. / Keep Cat Out of Your Lawn and Garden/Train Your Cat to Stay Out of Bushes/Safe to use Around Children & Plants",2.0,2022-04-26 13:21:45.666-04
Nature's MACE,"Nature's MACE Cat Repellent 1 Gallon Spray/Treats 3,000 Sq. Ft. / Keep Cat Out of Your Lawn and Garden/Train Your Cat to Stay Out of Bushes/Safe to use Around Children & Plants",3.0,2023-01-25 07:52:34.976-05
Nature's MACE,"Nature's MACE Cat Repellent 1 Gallon Spray/Treats 3,000 Sq. Ft. / Keep Cat Out of Your Lawn and Garden/Train Your Cat to Stay Out of Bushes/Safe to use Around Children & Plants",1.0,2022-01-05 15:37:48.373-05
Nature's MACE,"Nature's MACE Cat Repellent 1 Gallon Spray/Treats 3,000 Sq. Ft. / Keep Cat Out of Your Lawn and Garden/Train Your Cat to Stay Out of Bushes/Safe to use Around Children & Plants",5.0,2018-08-16 14:35:20.304-04
Nature's MACE,"Nature's MACE Cat Repellent 1 Gallon Spray/Treats 3,000 Sq. Ft. / Keep Cat Out of Your Lawn and Garden/Train Your Cat to Stay Out of Bushes/Safe to use Around Children & Plants",1.0,2020-12-30 01:38:46.604-05
Nature's MACE,"Nature's MACE Cat Repellent 1 Gallon Spray/Treats 3,000 Sq. Ft. / Keep Cat Out of Your Lawn and Garden/Train Your Cat to Stay Out of Bushes/Safe to use Around Children & Plants",3.0,2021-04-11 05:45:22.342-04
Nature's MACE,"Nature's MACE Cat Repellent 1 Gallon Spray/Treats 3,000 Sq. Ft. / Keep Cat Out of Your Lawn and Garden/Train Your Cat to Stay Out of Bushes/Safe to use Around Children & Plants",5.0,2022-05-14 14:18:35.286-04
Nature's MACE,"Nature's MACE Cat Repellent 1 Gallon Spray/Treats 3,000 Sq. Ft. / Keep Cat Out of Your Lawn and Garden/Train Your Cat to Stay Out of Bushes/Safe to use Around Children & Plants",1.0,2021-07-31 17:41:30.473-04
Nature's MACE,"Nature's MACE Cat Repellent 1 Gallon Spray/Treats 3,000 Sq. Ft. / Keep Cat Out of Your Lawn and Garden/Train Your Cat to Stay Out of Bushes/Safe to use Around Children & Plants",5.0,2021-03-21 20:12:26.608-04
Nature's MACE,"Nature's MACE Cat Repellent 1 Gallon Spray/Treats 3,000 Sq. Ft. / Keep Cat Out of Your Lawn and Garden/Train Your Cat to Stay Out of Bushes/Safe to use Around Children & Plants",1.0,2022-03-12 16:54:36.802-05
Nature's MACE,"Nature's MACE Cat Repellent 1 Gallon Spray/Treats 3,000 Sq. Ft. / Keep Cat Out of Your Lawn and Garden/Train Your Cat to Stay Out of Bushes/Safe to use Around Children & Plants",1.0,2020-04-04 15:37:09.249-04
Nature's MACE,"Nature's MACE Cat Repellent 1 Gallon Spray/Treats 3,000 Sq. Ft. / Keep Cat Out of Your Lawn and Garden/Train Your Cat to Stay Out of Bushes/Safe to use Around Children & Plants",1.0,2022-09-27 17:03:44.994-04
Nature's MACE,"Nature's MACE Cat Repellent 1 Gallon Spray/Treats 3,000 Sq. Ft. / Keep Cat Out of Your Lawn and Garden/Train Your Cat to Stay Out of Bushes/Safe to use Around Children & Plants",1.0,2021-01-03 19:11:53.957-05
Nature's MACE,"Nature's MACE Cat Repellent 1 Gallon Spray/Treats 3,000 Sq. Ft. / Keep Cat Out of Your Lawn and Garden/Train Your Cat to Stay Out of Bushes/Safe to use Around Children & Plants",5.0,2020-12-23 15:00:52.075-05
Nature's MACE,"Nature's MACE Cat Repellent 1 Gallon Spray/Treats 3,000 Sq. Ft. / Keep Cat Out of Your Lawn and Garden/Train Your Cat to Stay Out of Bushes/Safe to use Around Children & Plants",5.0,2021-11-10 19:46:22.43-05
Nature's MACE,"Nature's MACE Cat Repellent 1 Gallon Spray/Treats 3,000 Sq. Ft. / Keep Cat Out of Your Lawn and Garden/Train Your Cat to Stay Out of Bushes/Safe to use Around Children & Plants",5.0,2019-04-29 16:00:45.027-04
Nature's MACE,"Nature's MACE Cat Repellent 1 Gallon Spray/Treats 3,000 Sq. Ft. / Keep Cat Out of Your Lawn and Garden/Train Your Cat to Stay Out of Bushes/Safe to use Around Children & Plants",5.0,2020-12-23 11:21:01.747-05
Nature's MACE,"Nature's MACE Cat Repellent 1 Gallon Spray/Treats 3,000 Sq. Ft. / Keep Cat Out of Your Lawn and Garden/Train Your Cat to Stay Out of Bushes/Safe to use Around Children & Plants",1.0,2022-05-13 13:45:10.053-04
Nature's MACE,"Nature's MACE Cat Repellent 1 Gallon Spray/Treats 3,000 Sq. Ft. / Keep Cat Out of Your Lawn and Garden/Train Your Cat to Stay Out of Bushes/Safe to use Around Children & Plants",1.0,2022-12-07 09:28:28.129-05
Nature's MACE,"Nature's MACE Cat Repellent 1 Gallon Spray/Treats 3,000 Sq. Ft. / Keep Cat Out of Your Lawn and Garden/Train Your Cat to Stay Out of Bushes/Safe to use Around Children & Plants",1.0,2020-05-09 18:26:48.701-04
Nature's MACE,"Nature's MACE Cat Repellent 1 Gallon Spray/Treats 3,000 Sq. Ft. / Keep Cat Out of Your Lawn and Garden/Train Your Cat to Stay Out of Bushes/Safe to use Around Children & Plants",1.0,2021-11-05 13:46:30.978-04
Nature's MACE,"Nature's MACE Cat Repellent 1 Gallon Spray/Treats 3,000 Sq. Ft. / Keep Cat Out of Your Lawn and Garden/Train Your Cat to Stay Out of Bushes/Safe to use Around Children & Plants",1.0,2019-07-13 14:41:10.835-04
Nature's MACE,"Nature's MACE Cat Repellent 1 Gallon Spray/Treats 3,000 Sq. Ft. / Keep Cat Out of Your Lawn and Garden/Train Your Cat to Stay Out of Bushes/Safe to use Around Children & Plants",1.0,2022-01-24 19:06:00.787-05
Nature's MACE,"Nature's MACE Cat Repellent 1 Gallon Spray/Treats 3,000 Sq. Ft. / Keep Cat Out of Your Lawn and Garden/Train Your Cat to Stay Out of Bushes/Safe to use Around Children & Plants",5.0,2020-01-27 22:46:42.551-05
Nature's MACE,"Nature's MACE Cat Repellent 1 Gallon Spray/Treats 3,000 Sq. Ft. / Keep Cat Out of Your Lawn and Garden/Train Your Cat to Stay Out of Bushes/Safe to use Around Children & Plants",5.0,2021-11-18 14:17:28.073-05
Nature's MACE,"Nature's MACE Cat Repellent 1 Gallon Spray/Treats 3,000 Sq. Ft. / Keep Cat Out of Your Lawn and Garden/Train Your Cat to Stay Out of Bushes/Safe to use Around Children & Plants",5.0,2019-04-17 16:21:02.831-04
Nature's MACE,"Nature's MACE Cat Repellent 1 Gallon Spray/Treats 3,000 Sq. Ft. / Keep Cat Out of Your Lawn and Garden/Train Your Cat to Stay Out of Bushes/Safe to use Around Children & Plants",1.0,2022-02-21 15:58:55.294-05
Nature's MACE,"Nature's MACE Cat Repellent 1 Gallon Spray/Treats 3,000 Sq. Ft. / Keep Cat Out of Your Lawn and Garden/Train Your Cat to Stay Out of Bushes/Safe to use Around Children & Plants",5.0,2021-12-24 12:11:06.783-05
Nature's MACE,"Nature's MACE Cat Repellent 1 Gallon Spray/Treats 3,000 Sq. Ft. / Keep Cat Out of Your Lawn and Garden/Train Your Cat to Stay Out of Bushes/Safe to use Around Children & Plants",1.0,2021-03-04 14:44:30.877-05
Nature's MACE,"Nature's MACE Cat Repellent 1 Gallon Spray/Treats 3,000 Sq. Ft. / Keep Cat Out of Your Lawn and Garden/Train Your Cat to Stay Out of Bushes/Safe to use Around Children & Plants",5.0,2022-03-17 10:00:24.564-04
Nature's MACE,"Nature's MACE Cat Repellent 1 Gallon Spray/Treats 3,000 Sq. Ft. / Keep Cat Out of Your Lawn and Garden/Train Your Cat to Stay Out of Bushes/Safe to use Around Children & Plants",5.0,2023-01-13 13:36:44.956-05
Nature's MACE,"Nature's MACE Cat Repellent 1 Gallon Spray/Treats 3,000 Sq. Ft. / Keep Cat Out of Your Lawn and Garden/Train Your Cat to Stay Out of Bushes/Safe to use Around Children & Plants",1.0,2019-07-05 06:15:54.629-04
Nature's MACE,"Nature's MACE Cat Repellent 1 Gallon Spray/Treats 3,000 Sq. Ft. / Keep Cat Out of Your Lawn and Garden/Train Your Cat to Stay Out of Bushes/Safe to use Around Children & Plants",1.0,2018-12-30 14:34:13.584-05
Nature's MACE,"Nature's MACE Cat Repellent 1 Gallon Spray/Treats 3,000 Sq. Ft. / Keep Cat Out of Your Lawn and Garden/Train Your Cat to Stay Out of Bushes/Safe to use Around Children & Plants",2.0,2022-07-06 12:56:01.184-04
Nature's MACE,"Nature's MACE Cat Repellent 1 Gallon Spray/Treats 3,000 Sq. Ft. / Keep Cat Out of Your Lawn and Garden/Train Your Cat to Stay Out of Bushes/Safe to use Around Children & Plants",2.0,2022-07-10 12:13:54.709-04
Nature's MACE,"Nature's MACE Cat Repellent 1 Gallon Spray/Treats 3,000 Sq. Ft. / Keep Cat Out of Your Lawn and Garden/Train Your Cat to Stay Out of Bushes/Safe to use Around Children & Plants",5.0,2019-01-26 11:26:59.857-05
Nature's MACE,"Nature's MACE Cat Repellent 1 Gallon Spray/Treats 3,000 Sq. Ft. / Keep Cat Out of Your Lawn and Garden/Train Your Cat to Stay Out of Bushes/Safe to use Around Children & Plants",5.0,2019-07-02 18:11:58.111-04
Nature's MACE,"Nature's MACE Cat Repellent 1 Gallon Spray/Treats 3,000 Sq. Ft. / Keep Cat Out of Your Lawn and Garden/Train Your Cat to Stay Out of Bushes/Safe to use Around Children & Plants",1.0,2022-01-01 14:43:36.468-05
Nature's MACE,"Nature's MACE Cat Repellent 1 Gallon Spray/Treats 3,000 Sq. Ft. / Keep Cat Out of Your Lawn and Garden/Train Your Cat to Stay Out of Bushes/Safe to use Around Children & Plants",1.0,2022-02-05 15:58:18.015-05
Nature's MACE,"Nature's MACE Cat Repellent 1 Gallon Spray/Treats 3,000 Sq. Ft. / Keep Cat Out of Your Lawn and Garden/Train Your Cat to Stay Out of Bushes/Safe to use Around Children & Plants",5.0,2020-10-23 07:36:10.371-04
Nature's MACE,"Nature's MACE Cat Repellent 1 Gallon Spray/Treats 3,000 Sq. Ft. / Keep Cat Out of Your Lawn and Garden/Train Your Cat to Stay Out of Bushes/Safe to use Around Children & Plants",5.0,2021-08-01 10:44:12.997-04
Nature's MACE,"Nature's MACE Cat Repellent 1 Gallon Spray/Treats 3,000 Sq. Ft. / Keep Cat Out of Your Lawn and Garden/Train Your Cat to Stay Out of Bushes/Safe to use Around Children & Plants",1.0,2020-03-07 08:30:28.521-05
Nature's MACE,"Nature's MACE Cat Repellent 1 Gallon Spray/Treats 3,000 Sq. Ft. / Keep Cat Out of Your Lawn and Garden/Train Your Cat to Stay Out of Bushes/Safe to use Around Children & Plants",5.0,2018-05-07 10:18:32.499-04
Nature's MACE,"Nature's MACE Cat Repellent 1 Gallon Spray/Treats 3,000 Sq. Ft. / Keep Cat Out of Your Lawn and Garden/Train Your Cat to Stay Out of Bushes/Safe to use Around Children & Plants",1.0,2018-03-29 10:41:10.222-04
Nature's MACE,"Nature's MACE Cat Repellent 1 Gallon Spray/Treats 3,000 Sq. Ft. / Keep Cat Out of Your Lawn and Garden/Train Your Cat to Stay Out of Bushes/Safe to use Around Children & Plants",5.0,2018-09-19 14:30:43.497-04
Nature's MACE,"Nature's MACE Cat Repellent 1 Gallon Spray/Treats 3,000 Sq. Ft. / Keep Cat Out of Your Lawn and Garden/Train Your Cat to Stay Out of Bushes/Safe to use Around Children & Plants",5.0,2021-08-01 13:24:11.091-04
Nature's MACE,"Nature's MACE Cat Repellent 1 Gallon Spray/Treats 3,000 Sq. Ft. / Keep Cat Out of Your Lawn and Garden/Train Your Cat to Stay Out of Bushes/Safe to use Around Children & Plants",3.0,2020-05-28 11:31:18.47-04
Nature's MACE,"Nature's MACE Cat Repellent 1 Gallon Spray/Treats 3,000 Sq. Ft. / Keep Cat Out of Your Lawn and Garden/Train Your Cat to Stay Out of Bushes/Safe to use Around Children & Plants",5.0,2018-05-29 16:16:00.124-04
Nature's MACE,"Nature's MACE Cat Repellent 1 Gallon Spray/Treats 3,000 Sq. Ft. / Keep Cat Out of Your Lawn and Garden/Train Your Cat to Stay Out of Bushes/Safe to use Around Children & Plants",1.0,2021-09-11 11:30:12.648-04
Nature's MACE,"Nature's MACE Cat Repellent 1 Gallon Spray/Treats 3,000 Sq. Ft. / Keep Cat Out of Your Lawn and Garden/Train Your Cat to Stay Out of Bushes/Safe to use Around Children & Plants",2.0,2020-03-30 23:03:39.641-04
Nature's MACE,"Nature's MACE Cat Repellent 1 Gallon Spray/Treats 3,000 Sq. Ft. / Keep Cat Out of Your Lawn and Garden/Train Your Cat to Stay Out of Bushes/Safe to use Around Children & Plants",3.0,2019-10-05 01:05:10.713-04
Nature's MACE,"Nature's MACE Cat Repellent 1 Gallon Spray/Treats 3,000 Sq. Ft. / Keep Cat Out of Your Lawn and Garden/Train Your Cat to Stay Out of Bushes/Safe to use Around Children & Plants",1.0,2018-05-25 09:51:04.181-04
Nature's MACE,"Nature's MACE Cat Repellent 1 Gallon Spray/Treats 3,000 Sq. Ft. / Keep Cat Out of Your Lawn and Garden/Train Your Cat to Stay Out of Bushes/Safe to use Around Children & Plants",5.0,2022-10-13 09:05:20.285-04
Nature's MACE,"Nature's MACE Cat Repellent 1 Gallon Spray/Treats 3,000 Sq. Ft. / Keep Cat Out of Your Lawn and Garden/Train Your Cat to Stay Out of Bushes/Safe to use Around Children & Plants",5.0,2021-10-02 23:49:42.628-04
Nature's MACE,"Nature's MACE Cat Repellent 1 Gallon Spray/Treats 3,000 Sq. Ft. / Keep Cat Out of Your Lawn and Garden/Train Your Cat to Stay Out of Bushes/Safe to use Around Children & Plants",4.0,2022-04-25 14:40:29.444-04
Nature's MACE,"Nature's MACE Cat Repellent 1 Gallon Spray/Treats 3,000 Sq. Ft. / Keep Cat Out of Your Lawn and Garden/Train Your Cat to Stay Out of Bushes/Safe to use Around Children & Plants",1.0,2022-04-21 18:40:08.967-04
Nature's MACE,"Nature's MACE Cat Repellent 1 Gallon Spray/Treats 3,000 Sq. Ft. / Keep Cat Out of Your Lawn and Garden/Train Your Cat to Stay Out of Bushes/Safe to use Around Children & Plants",2.0,2020-10-30 09:47:13.832-04
Nature's MACE,"Nature's MACE Cat Repellent 1 Gallon Spray/Treats 3,000 Sq. Ft. / Keep Cat Out of Your Lawn and Garden/Train Your Cat to Stay Out of Bushes/Safe to use Around Children & Plants",1.0,2019-06-28 09:28:37.719-04
Nature's MACE,"Nature's MACE Cat Repellent 1 Gallon Spray/Treats 3,000 Sq. Ft. / Keep Cat Out of Your Lawn and Garden/Train Your Cat to Stay Out of Bushes/Safe to use Around Children & Plants",5.0,2019-09-20 14:55:42.119-04
Nature's MACE,"Nature's MACE Cat Repellent 1 Gallon Spray/Treats 3,000 Sq. Ft. / Keep Cat Out of Your Lawn and Garden/Train Your Cat to Stay Out of Bushes/Safe to use Around Children & Plants",5.0,2019-05-21 23:07:35.157-04
Nature's MACE,"Nature's MACE Cat Repellent 1 Gallon Spray/Treats 3,000 Sq. Ft. / Keep Cat Out of Your Lawn and Garden/Train Your Cat to Stay Out of Bushes/Safe to use Around Children & Plants",5.0,2022-01-20 18:27:46.99-05
Nature's MACE,"Nature's MACE Cat Repellent 1 Gallon Spray/Treats 3,000 Sq. Ft. / Keep Cat Out of Your Lawn and Garden/Train Your Cat to Stay Out of Bushes/Safe to use Around Children & Plants",1.0,2019-11-30 21:52:35.114-05
Nature's MACE,"Nature's MACE Cat Repellent 1 Gallon Spray/Treats 3,000 Sq. Ft. / Keep Cat Out of Your Lawn and Garden/Train Your Cat to Stay Out of Bushes/Safe to use Around Children & Plants",5.0,2021-01-28 13:04:26.864-05
Nature's MACE,"Nature's MACE Cat Repellent 1 Gallon Spray/Treats 3,000 Sq. Ft. / Keep Cat Out of Your Lawn and Garden/Train Your Cat to Stay Out of Bushes/Safe to use Around Children & Plants",1.0,2019-10-08 23:01:19.701-04
Nature's MACE,"Nature's MACE Cat Repellent 1 Gallon Spray/Treats 3,000 Sq. Ft. / Keep Cat Out of Your Lawn and Garden/Train Your Cat to Stay Out of Bushes/Safe to use Around Children & Plants",2.0,2021-08-03 14:30:34.063-04
Nature's MACE,"Nature's MACE Cat Repellent 1 Gallon Spray/Treats 3,000 Sq. Ft. / Keep Cat Out of Your Lawn and Garden/Train Your Cat to Stay Out of Bushes/Safe to use Around Children & Plants",1.0,2022-12-09 14:12:00.767-05
Nature's MACE,"Nature's MACE Cat Repellent 1 Gallon Spray/Treats 3,000 Sq. Ft. / Keep Cat Out of Your Lawn and Garden/Train Your Cat to Stay Out of Bushes/Safe to use Around Children & Plants",1.0,2022-05-11 12:03:55.076-04
Nature's MACE,"Nature's MACE Cat Repellent 1 Gallon Spray/Treats 3,000 Sq. Ft. / Keep Cat Out of Your Lawn and Garden/Train Your Cat to Stay Out of Bushes/Safe to use Around Children & Plants",1.0,2019-10-01 13:37:57.139-04
Nature's MACE,"Nature's MACE Cat Repellent 1 Gallon Spray/Treats 3,000 Sq. Ft. / Keep Cat Out of Your Lawn and Garden/Train Your Cat to Stay Out of Bushes/Safe to use Around Children & Plants",1.0,2018-12-21 18:30:46.381-05
Nature's MACE,"Nature's MACE Cat Repellent 1 Gallon Spray/Treats 3,000 Sq. Ft. / Keep Cat Out of Your Lawn and Garden/Train Your Cat to Stay Out of Bushes/Safe to use Around Children & Plants",1.0,2021-11-05 14:03:22.76-04
Nature's MACE,"Nature's MACE Cat Repellent 1 Gallon Spray/Treats 3,000 Sq. Ft. / Keep Cat Out of Your Lawn and Garden/Train Your Cat to Stay Out of Bushes/Safe to use Around Children & Plants",1.0,2021-06-21 16:24:08.252-04
Nature's MACE,"Nature's MACE Cat Repellent 1 Gallon Spray/Treats 3,000 Sq. Ft. / Keep Cat Out of Your Lawn and Garden/Train Your Cat to Stay Out of Bushes/Safe to use Around Children & Plants",1.0,2022-08-08 07:07:35.814-04
Nature's MACE,"Nature's MACE Cat Repellent 1 Gallon Spray/Treats 3,000 Sq. Ft. / Keep Cat Out of Your Lawn and Garden/Train Your Cat to Stay Out of Bushes/Safe to use Around Children & Plants",1.0,2018-08-24 18:16:56.428-04
Nature's MACE,"Nature's MACE Cat Repellent 1 Gallon Spray/Treats 3,000 Sq. Ft. / Keep Cat Out of Your Lawn and Garden/Train Your Cat to Stay Out of Bushes/Safe to use Around Children & Plants",4.0,2018-05-02 12:35:30.021-04
Nature's MACE,"Nature's MACE Cat Repellent 1 Gallon Spray/Treats 3,000 Sq. Ft. / Keep Cat Out of Your Lawn and Garden/Train Your Cat to Stay Out of Bushes/Safe to use Around Children & Plants",5.0,2019-04-20 22:24:13.946-04
Nature's MACE,"Nature's MACE Cat Repellent 1 Gallon Spray/Treats 3,000 Sq. Ft. / Keep Cat Out of Your Lawn and Garden/Train Your Cat to Stay Out of Bushes/Safe to use Around Children & Plants",1.0,2020-07-31 02:44:48.678-04
Nature's MACE,"Nature's MACE Cat Repellent 1 Gallon Spray/Treats 3,000 Sq. Ft. / Keep Cat Out of Your Lawn and Garden/Train Your Cat to Stay Out of Bushes/Safe to use Around Children & Plants",5.0,2019-07-18 11:00:33.171-04
Nature's MACE,"Nature's MACE Cat Repellent 1 Gallon Spray/Treats 3,000 Sq. Ft. / Keep Cat Out of Your Lawn and Garden/Train Your Cat to Stay Out of Bushes/Safe to use Around Children & Plants",1.0,2022-06-09 23:33:03.994-04
Nature's MACE,"Nature's MACE Cat Repellent 1 Gallon Spray/Treats 3,000 Sq. Ft. / Keep Cat Out of Your Lawn and Garden/Train Your Cat to Stay Out of Bushes/Safe to use Around Children & Plants",1.0,2019-09-04 21:41:08.533-04
Nature's MACE,"Nature's MACE Cat Repellent 1 Gallon Spray/Treats 3,000 Sq. Ft. / Keep Cat Out of Your Lawn and Garden/Train Your Cat to Stay Out of Bushes/Safe to use Around Children & Plants",3.0,2018-12-19 22:41:19.132-05
Nature's MACE,"Nature's MACE Cat Repellent 1 Gallon Spray/Treats 3,000 Sq. Ft. / Keep Cat Out of Your Lawn and Garden/Train Your Cat to Stay Out of Bushes/Safe to use Around Children & Plants",1.0,2022-08-03 20:39:27.335-04
Nature's MACE,"Nature's MACE Cat Repellent 1 Gallon Spray/Treats 3,000 Sq. Ft. / Keep Cat Out of Your Lawn and Garden/Train Your Cat to Stay Out of Bushes/Safe to use Around Children & Plants",5.0,2018-09-09 23:13:32.313-04
Nature's MACE,"Nature's MACE Cat Repellent 1 Gallon Spray/Treats 3,000 Sq. Ft. / Keep Cat Out of Your Lawn and Garden/Train Your Cat to Stay Out of Bushes/Safe to use Around Children & Plants",5.0,2019-07-15 09:58:14.01-04
Nature's MACE,"Nature's MACE Cat Repellent 1 Gallon Spray/Treats 3,000 Sq. Ft. / Keep Cat Out of Your Lawn and Garden/Train Your Cat to Stay Out of Bushes/Safe to use Around Children & Plants",1.0,2023-01-20 22:09:19.634-05
Nature's MACE,"Nature's MACE Cat Repellent 1 Gallon Spray/Treats 3,000 Sq. Ft. / Keep Cat Out of Your Lawn and Garden/Train Your Cat to Stay Out of Bushes/Safe to use Around Children & Plants",3.0,2021-08-09 13:57:07.706-04
Nature's MACE,"Nature's MACE Cat Repellent 1 Gallon Spray/Treats 3,000 Sq. Ft. / Keep Cat Out of Your Lawn and Garden/Train Your Cat to Stay Out of Bushes/Safe to use Around Children & Plants",1.0,2021-07-30 14:27:01.894-04
Nature's MACE,"Nature's MACE Cat Repellent 1 Gallon Spray/Treats 3,000 Sq. Ft. / Keep Cat Out of Your Lawn and Garden/Train Your Cat to Stay Out of Bushes/Safe to use Around Children & Plants",1.0,2023-03-09 06:17:09.639-05
Nature's MACE,"Nature's MACE Cat Repellent 1 Gallon Spray/Treats 3,000 Sq. Ft. / Keep Cat Out of Your Lawn and Garden/Train Your Cat to Stay Out of Bushes/Safe to use Around Children & Plants",3.0,2018-06-04 09:40:28.185-04
Nature's MACE,"Nature's MACE Cat Repellent 1 Gallon Spray/Treats 3,000 Sq. Ft. / Keep Cat Out of Your Lawn and Garden/Train Your Cat to Stay Out of Bushes/Safe to use Around Children & Plants",1.0,2019-02-28 01:59:40.001-05
Nature's MACE,"Nature's MACE Cat Repellent 1 Gallon Spray/Treats 3,000 Sq. Ft. / Keep Cat Out of Your Lawn and Garden/Train Your Cat to Stay Out of Bushes/Safe to use Around Children & Plants",1.0,2019-05-07 19:56:18.835-04
Nature's MACE,"Nature's MACE Cat Repellent 1 Gallon Spray/Treats 3,000 Sq. Ft. / Keep Cat Out of Your Lawn and Garden/Train Your Cat to Stay Out of Bushes/Safe to use Around Children & Plants",4.0,2019-04-03 16:36:43.891-04
Nature's MACE,"Nature's MACE Cat Repellent 1 Gallon Spray/Treats 3,000 Sq. Ft. / Keep Cat Out of Your Lawn and Garden/Train Your Cat to Stay Out of Bushes/Safe to use Around Children & Plants",5.0,2019-04-13 14:11:25.239-04
Nature's MACE,"Nature's MACE Cat Repellent 1 Gallon Spray/Treats 3,000 Sq. Ft. / Keep Cat Out of Your Lawn and Garden/Train Your Cat to Stay Out of Bushes/Safe to use Around Children & Plants",3.0,2023-01-20 04:41:55.313-05
Nature's MACE,"Nature's MACE Cat Repellent 1 Gallon Spray/Treats 3,000 Sq. Ft. / Keep Cat Out of Your Lawn and Garden/Train Your Cat to Stay Out of Bushes/Safe to use Around Children & Plants",1.0,2023-03-05 18:33:46.52-05
Nature's MACE,"Nature's MACE Cat Repellent 1 Gallon Spray/Treats 3,000 Sq. Ft. / Keep Cat Out of Your Lawn and Garden/Train Your Cat to Stay Out of Bushes/Safe to use Around Children & Plants",1.0,2022-07-19 21:17:40.154-04
Nature's MACE,"Nature's MACE Cat Repellent 1 Gallon Spray/Treats 3,000 Sq. Ft. / Keep Cat Out of Your Lawn and Garden/Train Your Cat to Stay Out of Bushes/Safe to use Around Children & Plants",1.0,2023-01-10 17:32:08.402-05
Nature's MACE,"Nature's MACE Cat Repellent 1 Gallon Spray/Treats 3,000 Sq. Ft. / Keep Cat Out of Your Lawn and Garden/Train Your Cat to Stay Out of Bushes/Safe to use Around Children & Plants",1.0,2019-03-28 18:49:25.487-04
Nature's MACE,"Nature's MACE Cat Repellent 1 Gallon Spray/Treats 3,000 Sq. Ft. / Keep Cat Out of Your Lawn and Garden/Train Your Cat to Stay Out of Bushes/Safe to use Around Children & Plants",3.0,2021-07-22 09:45:11.777-04
Nature's MACE,"Nature's MACE Cat Repellent 1 Gallon Spray/Treats 3,000 Sq. Ft. / Keep Cat Out of Your Lawn and Garden/Train Your Cat to Stay Out of Bushes/Safe to use Around Children & Plants",4.0,2019-04-12 19:48:05.111-04
Nature's MACE,"Nature's MACE Cat Repellent 1 Gallon Spray/Treats 3,000 Sq. Ft. / Keep Cat Out of Your Lawn and Garden/Train Your Cat to Stay Out of Bushes/Safe to use Around Children & Plants",5.0,2021-08-19 11:44:02.649-04
Nature's MACE,"Nature's MACE Cat Repellent 1 Gallon Spray/Treats 3,000 Sq. Ft. / Keep Cat Out of Your Lawn and Garden/Train Your Cat to Stay Out of Bushes/Safe to use Around Children & Plants",5.0,2022-09-19 02:58:56.13-04
Nature's MACE,"Nature's MACE Cat Repellent 1 Gallon Spray/Treats 3,000 Sq. Ft. / Keep Cat Out of Your Lawn and Garden/Train Your Cat to Stay Out of Bushes/Safe to use Around Children & Plants",5.0,2019-05-10 03:17:53.248-04
Nature's MACE,"Nature's MACE Cat Repellent 1 Gallon Spray/Treats 3,000 Sq. Ft. / Keep Cat Out of Your Lawn and Garden/Train Your Cat to Stay Out of Bushes/Safe to use Around Children & Plants",1.0,2018-10-07 08:00:35.614-04
Nature's MACE,"Nature's MACE Cat Repellent 1 Gallon Spray/Treats 3,000 Sq. Ft. / Keep Cat Out of Your Lawn and Garden/Train Your Cat to Stay Out of Bushes/Safe to use Around Children & Plants",5.0,2019-05-15 00:41:37.527-04
Nature's MACE,"Nature's MACE Cat Repellent 1 Gallon Spray/Treats 3,000 Sq. Ft. / Keep Cat Out of Your Lawn and Garden/Train Your Cat to Stay Out of Bushes/Safe to use Around Children & Plants",1.0,2019-09-20 07:54:19.506-04
Nature's MACE,"Nature's MACE Cat Repellent 1 Gallon Spray/Treats 3,000 Sq. Ft. / Keep Cat Out of Your Lawn and Garden/Train Your Cat to Stay Out of Bushes/Safe to use Around Children & Plants",2.0,2020-08-09 19:19:57.291-04
Nature's MACE,"Nature's MACE Cat Repellent 1 Gallon Spray/Treats 3,000 Sq. Ft. / Keep Cat Out of Your Lawn and Garden/Train Your Cat to Stay Out of Bushes/Safe to use Around Children & Plants",1.0,2020-01-31 06:23:51.27-05
Nature's MACE,"Nature's MACE Cat Repellent 1 Gallon Spray/Treats 3,000 Sq. Ft. / Keep Cat Out of Your Lawn and Garden/Train Your Cat to Stay Out of Bushes/Safe to use Around Children & Plants",5.0,2021-01-04 09:31:18.626-05
Nature's MACE,"Nature's MACE Cat Repellent 1 Gallon Spray/Treats 3,000 Sq. Ft. / Keep Cat Out of Your Lawn and Garden/Train Your Cat to Stay Out of Bushes/Safe to use Around Children & Plants",1.0,2022-12-22 16:50:39.728-05
Nature's MACE,"Nature's MACE Cat Repellent 1 Gallon Spray/Treats 3,000 Sq. Ft. / Keep Cat Out of Your Lawn and Garden/Train Your Cat to Stay Out of Bushes/Safe to use Around Children & Plants",2.0,2019-07-14 11:00:36.71-04
Nature's MACE,"Nature's MACE Cat Repellent 1 Gallon Spray/Treats 3,000 Sq. Ft. / Keep Cat Out of Your Lawn and Garden/Train Your Cat to Stay Out of Bushes/Safe to use Around Children & Plants",1.0,2022-10-03 10:41:16.802-04
Nature's MACE,"Nature's MACE Cat Repellent 1 Gallon Spray/Treats 3,000 Sq. Ft. / Keep Cat Out of Your Lawn and Garden/Train Your Cat to Stay Out of Bushes/Safe to use Around Children & Plants",1.0,2022-02-22 15:09:59.546-05
Nature's MACE,"Nature's MACE Cat Repellent 1 Gallon Spray/Treats 3,000 Sq. Ft. / Keep Cat Out of Your Lawn and Garden/Train Your Cat to Stay Out of Bushes/Safe to use Around Children & Plants",3.0,2023-02-08 17:24:41.337-05
Nature's MACE,"Nature's MACE Cat Repellent 1 Gallon Spray/Treats 3,000 Sq. Ft. / Keep Cat Out of Your Lawn and Garden/Train Your Cat to Stay Out of Bushes/Safe to use Around Children & Plants",1.0,2021-08-28 03:33:20.925-04
Nature's MACE,"Nature's MACE Cat Repellent 1 Gallon Spray/Treats 3,000 Sq. Ft. / Keep Cat Out of Your Lawn and Garden/Train Your Cat to Stay Out of Bushes/Safe to use Around Children & Plants",1.0,2022-10-26 16:09:44.226-04
Nature's MACE,"Nature's MACE Cat Repellent 1 Gallon Spray/Treats 3,000 Sq. Ft. / Keep Cat Out of Your Lawn and Garden/Train Your Cat to Stay Out of Bushes/Safe to use Around Children & Plants",5.0,2020-08-03 20:35:57.208-04
Nature's MACE,"Nature's MACE Cat Repellent 1 Gallon Spray/Treats 3,000 Sq. Ft. / Keep Cat Out of Your Lawn and Garden/Train Your Cat to Stay Out of Bushes/Safe to use Around Children & Plants",1.0,2018-10-25 21:04:50.269-04
Nature's MACE,"Nature's MACE Cat Repellent 1 Gallon Spray/Treats 3,000 Sq. Ft. / Keep Cat Out of Your Lawn and Garden/Train Your Cat to Stay Out of Bushes/Safe to use Around Children & Plants",3.0,2019-01-01 17:14:41.531-05
Nature's MACE,"Nature's MACE Cat Repellent 1 Gallon Spray/Treats 3,000 Sq. Ft. / Keep Cat Out of Your Lawn and Garden/Train Your Cat to Stay Out of Bushes/Safe to use Around Children & Plants",5.0,2021-10-23 13:50:26.386-04
Nature's MACE,"Nature's MACE Cat Repellent 1 Gallon Spray/Treats 3,000 Sq. Ft. / Keep Cat Out of Your Lawn and Garden/Train Your Cat to Stay Out of Bushes/Safe to use Around Children & Plants",4.0,2022-10-14 00:08:53.502-04
Nature's MACE,"Nature's MACE Cat Repellent 1 Gallon Spray/Treats 3,000 Sq. Ft. / Keep Cat Out of Your Lawn and Garden/Train Your Cat to Stay Out of Bushes/Safe to use Around Children & Plants",1.0,2022-10-11 20:13:16.576-04
Nature's MACE,"Nature's MACE Cat Repellent 1 Gallon Spray/Treats 3,000 Sq. Ft. / Keep Cat Out of Your Lawn and Garden/Train Your Cat to Stay Out of Bushes/Safe to use Around Children & Plants",1.0,2019-06-24 14:23:15.538-04
Nature's MACE,"Nature's MACE Cat Repellent 1 Gallon Spray/Treats 3,000 Sq. Ft. / Keep Cat Out of Your Lawn and Garden/Train Your Cat to Stay Out of Bushes/Safe to use Around Children & Plants",5.0,2021-06-10 12:07:23.102-04
Nature's MACE,"Nature's MACE Cat Repellent 1 Gallon Spray/Treats 3,000 Sq. Ft. / Keep Cat Out of Your Lawn and Garden/Train Your Cat to Stay Out of Bushes/Safe to use Around Children & Plants",1.0,2022-12-10 21:26:59.587-05
Nature's MACE,"Nature's MACE Cat Repellent 1 Gallon Spray/Treats 3,000 Sq. Ft. / Keep Cat Out of Your Lawn and Garden/Train Your Cat to Stay Out of Bushes/Safe to use Around Children & Plants",3.0,2018-05-02 10:14:17.445-04
Nature's MACE,"Nature's MACE Cat Repellent 1 Gallon Spray/Treats 3,000 Sq. Ft. / Keep Cat Out of Your Lawn and Garden/Train Your Cat to Stay Out of Bushes/Safe to use Around Children & Plants",1.0,2020-10-31 15:53:05.004-04
Nature's MACE,"Nature's MACE Cat Repellent 1 Gallon Spray/Treats 3,000 Sq. Ft. / Keep Cat Out of Your Lawn and Garden/Train Your Cat to Stay Out of Bushes/Safe to use Around Children & Plants",1.0,2018-07-01 07:46:12.162-04
Nature's MACE,"Nature's MACE Cat Repellent 1 Gallon Spray/Treats 3,000 Sq. Ft. / Keep Cat Out of Your Lawn and Garden/Train Your Cat to Stay Out of Bushes/Safe to use Around Children & Plants",1.0,2022-06-01 06:28:40.901-04
Nature's MACE,"Nature's MACE Cat Repellent 1 Gallon Spray/Treats 3,000 Sq. Ft. / Keep Cat Out of Your Lawn and Garden/Train Your Cat to Stay Out of Bushes/Safe to use Around Children & Plants",3.0,2021-03-11 19:54:48.781-05
Nature's MACE,"Nature's MACE Cat Repellent 1 Gallon Spray/Treats 3,000 Sq. Ft. / Keep Cat Out of Your Lawn and Garden/Train Your Cat to Stay Out of Bushes/Safe to use Around Children & Plants",5.0,2018-06-15 11:53:54.597-04
Nature's MACE,"Nature's MACE Cat Repellent 1 Gallon Spray/Treats 3,000 Sq. Ft. / Keep Cat Out of Your Lawn and Garden/Train Your Cat to Stay Out of Bushes/Safe to use Around Children & Plants",4.0,2022-07-22 07:47:43.463-04
Nature's MACE,"Nature's MACE Cat Repellent 1 Gallon Spray/Treats 3,000 Sq. Ft. / Keep Cat Out of Your Lawn and Garden/Train Your Cat to Stay Out of Bushes/Safe to use Around Children & Plants",1.0,2022-03-10 14:26:18.084-05
Nature's MACE,"Nature's MACE Cat Repellent 1 Gallon Spray/Treats 3,000 Sq. Ft. / Keep Cat Out of Your Lawn and Garden/Train Your Cat to Stay Out of Bushes/Safe to use Around Children & Plants",3.0,2021-12-21 15:13:45.788-05
Nature's MACE,"Nature's MACE Cat Repellent 1 Gallon Spray/Treats 3,000 Sq. Ft. / Keep Cat Out of Your Lawn and Garden/Train Your Cat to Stay Out of Bushes/Safe to use Around Children & Plants",3.0,2021-11-21 14:13:08.022-05
Nature's MACE,"Nature's MACE Cat Repellent 1 Gallon Spray/Treats 3,000 Sq. Ft. / Keep Cat Out of Your Lawn and Garden/Train Your Cat to Stay Out of Bushes/Safe to use Around Children & Plants",5.0,2018-09-21 15:05:49.256-04
Nature's MACE,"Nature's MACE Cat Repellent 1 Gallon Spray/Treats 3,000 Sq. Ft. / Keep Cat Out of Your Lawn and Garden/Train Your Cat to Stay Out of Bushes/Safe to use Around Children & Plants",1.0,2022-07-21 13:43:02.916-04
Nature's MACE,"Nature's MACE Cat Repellent 1 Gallon Spray/Treats 3,000 Sq. Ft. / Keep Cat Out of Your Lawn and Garden/Train Your Cat to Stay Out of Bushes/Safe to use Around Children & Plants",4.0,2023-01-21 17:04:38.05-05
Nature's MACE,"Nature's MACE Cat Repellent 1 Gallon Spray/Treats 3,000 Sq. Ft. / Keep Cat Out of Your Lawn and Garden/Train Your Cat to Stay Out of Bushes/Safe to use Around Children & Plants",2.0,2018-01-19 17:42:21.573-05
Nature's MACE,"Nature's MACE Cat Repellent 1 Gallon Spray/Treats 3,000 Sq. Ft. / Keep Cat Out of Your Lawn and Garden/Train Your Cat to Stay Out of Bushes/Safe to use Around Children & Plants",1.0,2021-08-18 12:36:19.382-04
Nature's MACE,"Nature's MACE Cat Repellent 1 Gallon Spray/Treats 3,000 Sq. Ft. / Keep Cat Out of Your Lawn and Garden/Train Your Cat to Stay Out of Bushes/Safe to use Around Children & Plants",1.0,2020-12-08 14:17:04.822-05
Nature's MACE,"Nature's MACE Cat Repellent 1 Gallon Spray/Treats 3,000 Sq. Ft. / Keep Cat Out of Your Lawn and Garden/Train Your Cat to Stay Out of Bushes/Safe to use Around Children & Plants",2.0,2018-03-24 17:49:47.054-04
Nature's MACE,"Nature's MACE Cat Repellent 1 Gallon Spray/Treats 3,000 Sq. Ft. / Keep Cat Out of Your Lawn and Garden/Train Your Cat to Stay Out of Bushes/Safe to use Around Children & Plants",1.0,2023-01-23 09:02:37.461-05
Nature's MACE,"Nature's MACE Cat Repellent 1 Gallon Spray/Treats 3,000 Sq. Ft. / Keep Cat Out of Your Lawn and Garden/Train Your Cat to Stay Out of Bushes/Safe to use Around Children & Plants",1.0,2021-11-05 17:00:06.58-04
Nature's MACE,"Nature's MACE Cat Repellent 1 Gallon Spray/Treats 3,000 Sq. Ft. / Keep Cat Out of Your Lawn and Garden/Train Your Cat to Stay Out of Bushes/Safe to use Around Children & Plants",5.0,2018-07-15 16:50:33.469-04
Nature's MACE,"Nature's MACE Cat Repellent 1 Gallon Spray/Treats 3,000 Sq. Ft. / Keep Cat Out of Your Lawn and Garden/Train Your Cat to Stay Out of Bushes/Safe to use Around Children & Plants",5.0,2022-08-01 15:58:40.318-04
Nature's MACE,"Nature's MACE Cat Repellent 1 Gallon Spray/Treats 3,000 Sq. Ft. / Keep Cat Out of Your Lawn and Garden/Train Your Cat to Stay Out of Bushes/Safe to use Around Children & Plants",1.0,2021-05-19 20:29:46.077-04
Nature's MACE,"Nature's MACE Cat Repellent 1 Gallon Spray/Treats 3,000 Sq. Ft. / Keep Cat Out of Your Lawn and Garden/Train Your Cat to Stay Out of Bushes/Safe to use Around Children & Plants",5.0,2022-05-29 16:13:29.554-04
Nature's MACE,"Nature's MACE Cat Repellent 1 Gallon Spray/Treats 3,000 Sq. Ft. / Keep Cat Out of Your Lawn and Garden/Train Your Cat to Stay Out of Bushes/Safe to use Around Children & Plants",1.0,2023-01-28 13:17:29.792-05
Nature's MACE,"Nature's MACE Cat Repellent 1 Gallon Spray/Treats 3,000 Sq. Ft. / Keep Cat Out of Your Lawn and Garden/Train Your Cat to Stay Out of Bushes/Safe to use Around Children & Plants",1.0,2022-01-14 18:34:15.797-05
Nature's MACE,"Nature's MACE Cat Repellent 1 Gallon Spray/Treats 3,000 Sq. Ft. / Keep Cat Out of Your Lawn and Garden/Train Your Cat to Stay Out of Bushes/Safe to use Around Children & Plants",3.0,2023-01-16 10:03:54.357-05
Nature's MACE,"Nature's MACE Cat Repellent 1 Gallon Spray/Treats 3,000 Sq. Ft. / Keep Cat Out of Your Lawn and Garden/Train Your Cat to Stay Out of Bushes/Safe to use Around Children & Plants",5.0,2019-07-09 11:12:23.225-04
Nature's MACE,"Nature's MACE Cat Repellent 1 Gallon Spray/Treats 3,000 Sq. Ft. / Keep Cat Out of Your Lawn and Garden/Train Your Cat to Stay Out of Bushes/Safe to use Around Children & Plants",5.0,2019-05-03 14:10:37.409-04
Nature's MACE,"Nature's MACE Cat Repellent 1 Gallon Spray/Treats 3,000 Sq. Ft. / Keep Cat Out of Your Lawn and Garden/Train Your Cat to Stay Out of Bushes/Safe to use Around Children & Plants",1.0,2020-01-06 14:34:34.481-05
Nature's MACE,"Nature's MACE Cat Repellent 1 Gallon Spray/Treats 3,000 Sq. Ft. / Keep Cat Out of Your Lawn and Garden/Train Your Cat to Stay Out of Bushes/Safe to use Around Children & Plants",5.0,2018-07-05 14:40:09.604-04
Nature's MACE,"Nature's MACE Cat Repellent 1 Gallon Spray/Treats 3,000 Sq. Ft. / Keep Cat Out of Your Lawn and Garden/Train Your Cat to Stay Out of Bushes/Safe to use Around Children & Plants",4.0,2019-04-08 16:10:05.104-04
Nature's MACE,"Nature's MACE Cat Repellent 1 Gallon Spray/Treats 3,000 Sq. Ft. / Keep Cat Out of Your Lawn and Garden/Train Your Cat to Stay Out of Bushes/Safe to use Around Children & Plants",1.0,2021-03-04 15:47:46.095-05
Nature's MACE,"Nature's MACE Cat Repellent 1 Gallon Spray/Treats 3,000 Sq. Ft. / Keep Cat Out of Your Lawn and Garden/Train Your Cat to Stay Out of Bushes/Safe to use Around Children & Plants",5.0,2018-03-15 18:49:35.858-04
Nature's MACE,"Nature's MACE Cat Repellent 1 Gallon Spray/Treats 3,000 Sq. Ft. / Keep Cat Out of Your Lawn and Garden/Train Your Cat to Stay Out of Bushes/Safe to use Around Children & Plants",1.0,2020-12-23 01:20:07.695-05
Nature's MACE,"Nature's MACE Cat Repellent 1 Gallon Spray/Treats 3,000 Sq. Ft. / Keep Cat Out of Your Lawn and Garden/Train Your Cat to Stay Out of Bushes/Safe to use Around Children & Plants",1.0,2022-10-03 14:01:39.697-04
Nature's MACE,"Nature's MACE Cat Repellent 1 Gallon Spray/Treats 3,000 Sq. Ft. / Keep Cat Out of Your Lawn and Garden/Train Your Cat to Stay Out of Bushes/Safe to use Around Children & Plants",5.0,2019-12-15 08:37:59.831-05
Nature's MACE,"Nature's MACE Cat Repellent 1 Gallon Spray/Treats 3,000 Sq. Ft. / Keep Cat Out of Your Lawn and Garden/Train Your Cat to Stay Out of Bushes/Safe to use Around Children & Plants",5.0,2018-08-11 18:09:02.912-04
Nature's MACE,"Nature's MACE Cat Repellent 1 Gallon Spray/Treats 3,000 Sq. Ft. / Keep Cat Out of Your Lawn and Garden/Train Your Cat to Stay Out of Bushes/Safe to use Around Children & Plants",1.0,2022-06-28 16:56:28.073-04
Nature's MACE,"Nature's MACE Cat Repellent 1 Gallon Spray/Treats 3,000 Sq. Ft. / Keep Cat Out of Your Lawn and Garden/Train Your Cat to Stay Out of Bushes/Safe to use Around Children & Plants",1.0,2018-06-01 06:03:44.596-04
Nature's MACE,"Nature's MACE Cat Repellent 1 Gallon Spray/Treats 3,000 Sq. Ft. / Keep Cat Out of Your Lawn and Garden/Train Your Cat to Stay Out of Bushes/Safe to use Around Children & Plants",5.0,2021-12-13 11:16:45.437-05
Nature's MACE,"Nature's MACE Cat Repellent 1 Gallon Spray/Treats 3,000 Sq. Ft. / Keep Cat Out of Your Lawn and Garden/Train Your Cat to Stay Out of Bushes/Safe to use Around Children & Plants",5.0,2018-07-07 14:29:51.978-04
Nature's MACE,"Nature's MACE Cat Repellent 1 Gallon Spray/Treats 3,000 Sq. Ft. / Keep Cat Out of Your Lawn and Garden/Train Your Cat to Stay Out of Bushes/Safe to use Around Children & Plants",1.0,2022-07-06 16:47:08.708-04
Nature's MACE,"Nature's MACE Cat Repellent 1 Gallon Spray/Treats 3,000 Sq. Ft. / Keep Cat Out of Your Lawn and Garden/Train Your Cat to Stay Out of Bushes/Safe to use Around Children & Plants",5.0,2019-05-07 14:28:01.448-04
Nature's MACE,"Nature's MACE Cat Repellent 1 Gallon Spray/Treats 3,000 Sq. Ft. / Keep Cat Out of Your Lawn and Garden/Train Your Cat to Stay Out of Bushes/Safe to use Around Children & Plants",1.0,2021-08-17 18:37:07.81-04
Nature's MACE,"Nature's MACE Cat Repellent 1 Gallon Spray/Treats 3,000 Sq. Ft. / Keep Cat Out of Your Lawn and Garden/Train Your Cat to Stay Out of Bushes/Safe to use Around Children & Plants",1.0,2019-01-20 13:57:25.043-05
Nature's MACE,"Nature's MACE Cat Repellent 1 Gallon Spray/Treats 3,000 Sq. Ft. / Keep Cat Out of Your Lawn and Garden/Train Your Cat to Stay Out of Bushes/Safe to use Around Children & Plants",5.0,2021-12-31 09:39:19.506-05
Nature's MACE,"Nature's MACE Cat Repellent 1 Gallon Spray/Treats 3,000 Sq. Ft. / Keep Cat Out of Your Lawn and Garden/Train Your Cat to Stay Out of Bushes/Safe to use Around Children & Plants",5.0,2021-04-13 11:20:20.664-04
Nature's MACE,"Nature's MACE Cat Repellent 1 Gallon Spray/Treats 3,000 Sq. Ft. / Keep Cat Out of Your Lawn and Garden/Train Your Cat to Stay Out of Bushes/Safe to use Around Children & Plants",1.0,2022-06-03 09:24:00.758-04
Nature's MACE,"Nature's MACE Cat Repellent 1 Gallon Spray/Treats 3,000 Sq. Ft. / Keep Cat Out of Your Lawn and Garden/Train Your Cat to Stay Out of Bushes/Safe to use Around Children & Plants",5.0,2018-05-20 15:23:00.181-04
Nature's MACE,"Nature's MACE Cat Repellent 1 Gallon Spray/Treats 3,000 Sq. Ft. / Keep Cat Out of Your Lawn and Garden/Train Your Cat to Stay Out of Bushes/Safe to use Around Children & Plants",1.0,2020-09-28 19:24:54.571-04
Nature's MACE,"Nature's MACE Cat Repellent 1 Gallon Spray/Treats 3,000 Sq. Ft. / Keep Cat Out of Your Lawn and Garden/Train Your Cat to Stay Out of Bushes/Safe to use Around Children & Plants",5.0,2022-08-05 09:00:11.054-04
Nature's MACE,"Nature's MACE Cat Repellent 1 Gallon Spray/Treats 3,000 Sq. Ft. / Keep Cat Out of Your Lawn and Garden/Train Your Cat to Stay Out of Bushes/Safe to use Around Children & Plants",1.0,2023-01-16 16:22:34.968-05
Nature's MACE,"Nature's MACE Cat Repellent 1 Gallon Spray/Treats 3,000 Sq. Ft. / Keep Cat Out of Your Lawn and Garden/Train Your Cat to Stay Out of Bushes/Safe to use Around Children & Plants",1.0,2018-08-28 12:36:32.175-04
Nature's MACE,"Nature's MACE Cat Repellent 1 Gallon Spray/Treats 3,000 Sq. Ft. / Keep Cat Out of Your Lawn and Garden/Train Your Cat to Stay Out of Bushes/Safe to use Around Children & Plants",1.0,2021-06-20 13:24:35.203-04
Nature's MACE,"Nature's MACE Cat Repellent 1 Gallon Spray/Treats 3,000 Sq. Ft. / Keep Cat Out of Your Lawn and Garden/Train Your Cat to Stay Out of Bushes/Safe to use Around Children & Plants",1.0,2018-07-08 18:43:30.483-04
Nature's MACE,"Nature's MACE Cat Repellent 1 Gallon Spray/Treats 3,000 Sq. Ft. / Keep Cat Out of Your Lawn and Garden/Train Your Cat to Stay Out of Bushes/Safe to use Around Children & Plants",5.0,2021-03-01 11:23:33.783-05
Nature's MACE,"Nature's MACE Cat Repellent 1 Gallon Spray/Treats 3,000 Sq. Ft. / Keep Cat Out of Your Lawn and Garden/Train Your Cat to Stay Out of Bushes/Safe to use Around Children & Plants",1.0,2022-07-14 12:28:54.206-04
Nature's MACE,"Nature's MACE Cat Repellent 1 Gallon Spray/Treats 3,000 Sq. Ft. / Keep Cat Out of Your Lawn and Garden/Train Your Cat to Stay Out of Bushes/Safe to use Around Children & Plants",5.0,2023-02-11 08:43:46.646-05
Nature's MACE,"Nature's MACE Cat Repellent 1 Gallon Spray/Treats 3,000 Sq. Ft. / Keep Cat Out of Your Lawn and Garden/Train Your Cat to Stay Out of Bushes/Safe to use Around Children & Plants",1.0,2021-12-17 03:01:03.932-05
Nature's MACE,"Nature's MACE Cat Repellent 1 Gallon Spray/Treats 3,000 Sq. Ft. / Keep Cat Out of Your Lawn and Garden/Train Your Cat to Stay Out of Bushes/Safe to use Around Children & Plants",1.0,2022-09-05 20:08:57.71-04
Nature's MACE,"Nature's MACE Cat Repellent 1 Gallon Spray/Treats 3,000 Sq. Ft. / Keep Cat Out of Your Lawn and Garden/Train Your Cat to Stay Out of Bushes/Safe to use Around Children & Plants",1.0,2021-07-16 15:53:28.543-04
Nature's MACE,"Nature's MACE Cat Repellent 1 Gallon Spray/Treats 3,000 Sq. Ft. / Keep Cat Out of Your Lawn and Garden/Train Your Cat to Stay Out of Bushes/Safe to use Around Children & Plants",3.0,2020-11-02 10:20:37.608-05
Nature's MACE,"Nature's MACE Cat Repellent 1 Gallon Spray/Treats 3,000 Sq. Ft. / Keep Cat Out of Your Lawn and Garden/Train Your Cat to Stay Out of Bushes/Safe to use Around Children & Plants",1.0,2022-05-26 12:02:10.944-04
Nature's MACE,"Nature's MACE Cat Repellent 1 Gallon Spray/Treats 3,000 Sq. Ft. / Keep Cat Out of Your Lawn and Garden/Train Your Cat to Stay Out of Bushes/Safe to use Around Children & Plants",1.0,2021-09-10 18:52:32.686-04
Nature's MACE,"Nature's MACE Cat Repellent 1 Gallon Spray/Treats 3,000 Sq. Ft. / Keep Cat Out of Your Lawn and Garden/Train Your Cat to Stay Out of Bushes/Safe to use Around Children & Plants",2.0,2018-08-31 23:16:31.692-04
Nature's MACE,"Nature's MACE Cat Repellent 1 Gallon Spray/Treats 3,000 Sq. Ft. / Keep Cat Out of Your Lawn and Garden/Train Your Cat to Stay Out of Bushes/Safe to use Around Children & Plants",5.0,2020-01-30 07:41:30.752-05
Nature's MACE,"Nature's MACE Cat Repellent 1 Gallon Spray/Treats 3,000 Sq. Ft. / Keep Cat Out of Your Lawn and Garden/Train Your Cat to Stay Out of Bushes/Safe to use Around Children & Plants",4.0,2018-06-20 18:19:50.788-04
Nature's MACE,"Nature's MACE Cat Repellent 1 Gallon Spray/Treats 3,000 Sq. Ft. / Keep Cat Out of Your Lawn and Garden/Train Your Cat to Stay Out of Bushes/Safe to use Around Children & Plants",1.0,2022-09-22 23:29:39.531-04
Nature's MACE,"Nature's MACE Cat Repellent 1 Gallon Spray/Treats 3,000 Sq. Ft. / Keep Cat Out of Your Lawn and Garden/Train Your Cat to Stay Out of Bushes/Safe to use Around Children & Plants",4.0,2021-08-10 16:57:08.978-04
Nature's MACE,"Nature's MACE Cat Repellent 1 Gallon Spray/Treats 3,000 Sq. Ft. / Keep Cat Out of Your Lawn and Garden/Train Your Cat to Stay Out of Bushes/Safe to use Around Children & Plants",5.0,2018-12-02 11:42:22.538-05
Nature's MACE,"Nature's MACE Cat Repellent 1 Gallon Spray/Treats 3,000 Sq. Ft. / Keep Cat Out of Your Lawn and Garden/Train Your Cat to Stay Out of Bushes/Safe to use Around Children & Plants",3.0,2018-11-22 10:08:45.747-05
Nature's MACE,"Nature's MACE Cat Repellent 1 Gallon Spray/Treats 3,000 Sq. Ft. / Keep Cat Out of Your Lawn and Garden/Train Your Cat to Stay Out of Bushes/Safe to use Around Children & Plants",1.0,2022-09-16 15:39:10.296-04
Nature's MACE,"Nature's MACE Cat Repellent 1 Gallon Spray/Treats 3,000 Sq. Ft. / Keep Cat Out of Your Lawn and Garden/Train Your Cat to Stay Out of Bushes/Safe to use Around Children & Plants",1.0,2021-07-22 18:48:02.757-04
Nature's MACE,"Nature's MACE Cat Repellent 1 Gallon Spray/Treats 3,000 Sq. Ft. / Keep Cat Out of Your Lawn and Garden/Train Your Cat to Stay Out of Bushes/Safe to use Around Children & Plants",4.0,2018-07-10 07:06:10.357-04
Nature's MACE,"Nature's MACE Cat Repellent 1 Gallon Spray/Treats 3,000 Sq. Ft. / Keep Cat Out of Your Lawn and Garden/Train Your Cat to Stay Out of Bushes/Safe to use Around Children & Plants",1.0,2022-05-17 21:59:29.059-04
Nature's MACE,"Nature's MACE Cat Repellent 1 Gallon Spray/Treats 3,000 Sq. Ft. / Keep Cat Out of Your Lawn and Garden/Train Your Cat to Stay Out of Bushes/Safe to use Around Children & Plants",1.0,2021-07-17 13:09:55.102-04
Nature's MACE,"Nature's MACE Cat Repellent 1 Gallon Spray/Treats 3,000 Sq. Ft. / Keep Cat Out of Your Lawn and Garden/Train Your Cat to Stay Out of Bushes/Safe to use Around Children & Plants",1.0,2019-04-24 01:24:14.37-04
Nature's MACE,"Nature's MACE Cat Repellent 1 Gallon Spray/Treats 3,000 Sq. Ft. / Keep Cat Out of Your Lawn and Garden/Train Your Cat to Stay Out of Bushes/Safe to use Around Children & Plants",1.0,2020-10-20 08:42:45.261-04
Nature's MACE,"Nature's MACE Cat Repellent 1 Gallon Spray/Treats 3,000 Sq. Ft. / Keep Cat Out of Your Lawn and Garden/Train Your Cat to Stay Out of Bushes/Safe to use Around Children & Plants",5.0,2021-07-31 17:34:40.048-04
Nature's MACE,"Nature's MACE Cat Repellent 1 Gallon Spray/Treats 3,000 Sq. Ft. / Keep Cat Out of Your Lawn and Garden/Train Your Cat to Stay Out of Bushes/Safe to use Around Children & Plants",4.0,2022-08-05 20:06:16.378-04
Nature's MACE,"Nature's MACE Cat Repellent 1 Gallon Spray/Treats 3,000 Sq. Ft. / Keep Cat Out of Your Lawn and Garden/Train Your Cat to Stay Out of Bushes/Safe to use Around Children & Plants",5.0,2019-05-05 20:50:20.517-04
Nature's MACE,"Nature's MACE Cat Repellent 1 Gallon Spray/Treats 3,000 Sq. Ft. / Keep Cat Out of Your Lawn and Garden/Train Your Cat to Stay Out of Bushes/Safe to use Around Children & Plants",4.0,2019-11-21 04:09:18.771-05
Nature's MACE,"Nature's MACE Cat Repellent 1 Gallon Spray/Treats 3,000 Sq. Ft. / Keep Cat Out of Your Lawn and Garden/Train Your Cat to Stay Out of Bushes/Safe to use Around Children & Plants",4.0,2018-08-11 15:59:46.745-04
Nature's MACE,"Nature's MACE Cat Repellent 1 Gallon Spray/Treats 3,000 Sq. Ft. / Keep Cat Out of Your Lawn and Garden/Train Your Cat to Stay Out of Bushes/Safe to use Around Children & Plants",5.0,2018-06-11 11:53:21.925-04
Nature's MACE,"Nature's MACE Cat Repellent 1 Gallon Spray/Treats 3,000 Sq. Ft. / Keep Cat Out of Your Lawn and Garden/Train Your Cat to Stay Out of Bushes/Safe to use Around Children & Plants",4.0,2021-08-04 06:55:10.29-04
Nature's MACE,"Nature's MACE Cat Repellent 1 Gallon Spray/Treats 3,000 Sq. Ft. / Keep Cat Out of Your Lawn and Garden/Train Your Cat to Stay Out of Bushes/Safe to use Around Children & Plants",2.0,2021-09-09 17:42:18.006-04
Nature's MACE,"Nature's MACE Cat Repellent 1 Gallon Spray/Treats 3,000 Sq. Ft. / Keep Cat Out of Your Lawn and Garden/Train Your Cat to Stay Out of Bushes/Safe to use Around Children & Plants",5.0,2020-01-23 08:45:22.01-05
Nature's MACE,"Nature's MACE Cat Repellent 1 Gallon Spray/Treats 3,000 Sq. Ft. / Keep Cat Out of Your Lawn and Garden/Train Your Cat to Stay Out of Bushes/Safe to use Around Children & Plants",1.0,2021-06-30 10:45:26.352-04
Nature's MACE,"Nature's MACE Cat Repellent 1 Gallon Spray/Treats 3,000 Sq. Ft. / Keep Cat Out of Your Lawn and Garden/Train Your Cat to Stay Out of Bushes/Safe to use Around Children & Plants",5.0,2022-09-06 14:09:20.841-04
Nature's MACE,"Nature's MACE Cat Repellent 1 Gallon Spray/Treats 3,000 Sq. Ft. / Keep Cat Out of Your Lawn and Garden/Train Your Cat to Stay Out of Bushes/Safe to use Around Children & Plants",2.0,2023-03-11 17:51:18.305-05
Nature's MACE,"Nature's MACE Cat Repellent 1 Gallon Spray/Treats 3,000 Sq. Ft. / Keep Cat Out of Your Lawn and Garden/Train Your Cat to Stay Out of Bushes/Safe to use Around Children & Plants",5.0,2019-06-17 13:50:51.593-04
Nature's MACE,"Nature's MACE Cat Repellent 1 Gallon Spray/Treats 3,000 Sq. Ft. / Keep Cat Out of Your Lawn and Garden/Train Your Cat to Stay Out of Bushes/Safe to use Around Children & Plants",1.0,2023-03-13 19:48:27.775-04
Nature's MACE,"Nature's MACE Cat Repellent 1 Gallon Spray/Treats 3,000 Sq. Ft. / Keep Cat Out of Your Lawn and Garden/Train Your Cat to Stay Out of Bushes/Safe to use Around Children & Plants",1.0,2022-02-27 19:22:09.839-05
Nature's MACE,"Nature's MACE Cat Repellent 1 Gallon Spray/Treats 3,000 Sq. Ft. / Keep Cat Out of Your Lawn and Garden/Train Your Cat to Stay Out of Bushes/Safe to use Around Children & Plants",3.0,2020-10-23 21:56:46.973-04
Nature's MACE,"Nature's MACE Cat Repellent 1 Gallon Spray/Treats 3,000 Sq. Ft. / Keep Cat Out of Your Lawn and Garden/Train Your Cat to Stay Out of Bushes/Safe to use Around Children & Plants",3.0,2021-09-04 13:39:13.149-04
Nature's MACE,"Nature's MACE Cat Repellent 1 Gallon Spray/Treats 3,000 Sq. Ft. / Keep Cat Out of Your Lawn and Garden/Train Your Cat to Stay Out of Bushes/Safe to use Around Children & Plants",5.0,2021-02-11 11:03:12.144-05
Nature's MACE,"Nature's MACE Cat Repellent 1 Gallon Spray/Treats 3,000 Sq. Ft. / Keep Cat Out of Your Lawn and Garden/Train Your Cat to Stay Out of Bushes/Safe to use Around Children & Plants",3.0,2020-09-07 00:04:31.939-04
Nature's MACE,"Nature's MACE Cat Repellent 1 Gallon Spray/Treats 3,000 Sq. Ft. / Keep Cat Out of Your Lawn and Garden/Train Your Cat to Stay Out of Bushes/Safe to use Around Children & Plants",1.0,2018-03-19 20:25:38.142-04
Nature's MACE,"Nature's MACE Cat Repellent 1 Gallon Spray/Treats 3,000 Sq. Ft. / Keep Cat Out of Your Lawn and Garden/Train Your Cat to Stay Out of Bushes/Safe to use Around Children & Plants",1.0,2018-10-22 16:59:52.56-04
Nature's MACE,"Nature's MACE Cat Repellent 1 Gallon Spray/Treats 3,000 Sq. Ft. / Keep Cat Out of Your Lawn and Garden/Train Your Cat to Stay Out of Bushes/Safe to use Around Children & Plants",3.0,2021-06-05 20:58:40.427-04
Nature's MACE,"Nature's MACE Cat Repellent 1 Gallon Spray/Treats 3,000 Sq. Ft. / Keep Cat Out of Your Lawn and Garden/Train Your Cat to Stay Out of Bushes/Safe to use Around Children & Plants",1.0,2022-02-24 21:32:07.977-05
Nature's MACE,"Nature's MACE Cat Repellent 1 Gallon Spray/Treats 3,000 Sq. Ft. / Keep Cat Out of Your Lawn and Garden/Train Your Cat to Stay Out of Bushes/Safe to use Around Children & Plants",5.0,2019-05-25 22:06:27.89-04
Nature's MACE,"Nature's MACE Cat Repellent 1 Gallon Spray/Treats 3,000 Sq. Ft. / Keep Cat Out of Your Lawn and Garden/Train Your Cat to Stay Out of Bushes/Safe to use Around Children & Plants",3.0,2019-05-15 20:34:18.989-04
Nature's MACE,"Nature's MACE Cat Repellent 1 Gallon Spray/Treats 3,000 Sq. Ft. / Keep Cat Out of Your Lawn and Garden/Train Your Cat to Stay Out of Bushes/Safe to use Around Children & Plants",1.0,2021-09-03 12:12:21.566-04
Nature's MACE,"Nature's MACE Cat Repellent 1 Gallon Spray/Treats 3,000 Sq. Ft. / Keep Cat Out of Your Lawn and Garden/Train Your Cat to Stay Out of Bushes/Safe to use Around Children & Plants",1.0,2021-03-07 11:38:25.765-05
Nature's MACE,"Nature's MACE Cat Repellent 1 Gallon Spray/Treats 3,000 Sq. Ft. / Keep Cat Out of Your Lawn and Garden/Train Your Cat to Stay Out of Bushes/Safe to use Around Children & Plants",1.0,2022-04-19 21:07:40.811-04
Nature's MACE,"Nature's MACE Cat Repellent 1 Gallon Spray/Treats 3,000 Sq. Ft. / Keep Cat Out of Your Lawn and Garden/Train Your Cat to Stay Out of Bushes/Safe to use Around Children & Plants",1.0,2022-11-28 21:26:56.45-05
Nature's MACE,"Nature's MACE Cat Repellent 1 Gallon Spray/Treats 3,000 Sq. Ft. / Keep Cat Out of Your Lawn and Garden/Train Your Cat to Stay Out of Bushes/Safe to use Around Children & Plants",5.0,2018-03-02 18:52:20.782-05
Nature's MACE,"Nature's MACE Cat Repellent 1 Gallon Spray/Treats 3,000 Sq. Ft. / Keep Cat Out of Your Lawn and Garden/Train Your Cat to Stay Out of Bushes/Safe to use Around Children & Plants",1.0,2022-01-12 03:34:24.896-05
Nature's MACE,"Nature's MACE Cat Repellent 1 Gallon Spray/Treats 3,000 Sq. Ft. / Keep Cat Out of Your Lawn and Garden/Train Your Cat to Stay Out of Bushes/Safe to use Around Children & Plants",1.0,2022-01-05 00:20:48.296-05
Nature's MACE,"Nature's MACE Cat Repellent 1 Gallon Spray/Treats 3,000 Sq. Ft. / Keep Cat Out of Your Lawn and Garden/Train Your Cat to Stay Out of Bushes/Safe to use Around Children & Plants",1.0,2019-12-07 06:16:10.534-05
Nature's MACE,"Nature's MACE Cat Repellent 1 Gallon Spray/Treats 3,000 Sq. Ft. / Keep Cat Out of Your Lawn and Garden/Train Your Cat to Stay Out of Bushes/Safe to use Around Children & Plants",3.0,2022-03-16 20:21:33.729-04
Nature's MACE,"Nature's MACE Cat Repellent 1 Gallon Spray/Treats 3,000 Sq. Ft. / Keep Cat Out of Your Lawn and Garden/Train Your Cat to Stay Out of Bushes/Safe to use Around Children & Plants",4.0,2018-08-26 01:26:42.777-04
Nature's MACE,"Nature's MACE Cat Repellent 1 Gallon Spray/Treats 3,000 Sq. Ft. / Keep Cat Out of Your Lawn and Garden/Train Your Cat to Stay Out of Bushes/Safe to use Around Children & Plants",1.0,2021-10-08 12:33:02.834-04
Nature's MACE,"Nature's MACE Cat Repellent 1 Gallon Spray/Treats 3,000 Sq. Ft. / Keep Cat Out of Your Lawn and Garden/Train Your Cat to Stay Out of Bushes/Safe to use Around Children & Plants",5.0,2022-08-07 14:16:47.776-04
Nature's MACE,"Nature's MACE Cat Repellent 1 Gallon Spray/Treats 3,000 Sq. Ft. / Keep Cat Out of Your Lawn and Garden/Train Your Cat to Stay Out of Bushes/Safe to use Around Children & Plants",5.0,2020-12-09 19:17:18.343-05
Nature's MACE,"Nature's MACE Cat Repellent 1 Gallon Spray/Treats 3,000 Sq. Ft. / Keep Cat Out of Your Lawn and Garden/Train Your Cat to Stay Out of Bushes/Safe to use Around Children & Plants",1.0,2020-01-01 16:48:45.654-05
Nature's MACE,"Nature's MACE Cat Repellent 1 Gallon Spray/Treats 3,000 Sq. Ft. / Keep Cat Out of Your Lawn and Garden/Train Your Cat to Stay Out of Bushes/Safe to use Around Children & Plants",3.0,2019-12-18 10:13:20.663-05
Nature's MACE,"Nature's MACE Cat Repellent 1 Gallon Spray/Treats 3,000 Sq. Ft. / Keep Cat Out of Your Lawn and Garden/Train Your Cat to Stay Out of Bushes/Safe to use Around Children & Plants",1.0,2020-09-29 13:40:41.549-04
Nature's MACE,"Nature's MACE Cat Repellent 1 Gallon Spray/Treats 3,000 Sq. Ft. / Keep Cat Out of Your Lawn and Garden/Train Your Cat to Stay Out of Bushes/Safe to use Around Children & Plants",2.0,2022-07-19 22:56:21.699-04
Nature's MACE,"Nature's MACE Cat Repellent 1 Gallon Spray/Treats 3,000 Sq. Ft. / Keep Cat Out of Your Lawn and Garden/Train Your Cat to Stay Out of Bushes/Safe to use Around Children & Plants",4.0,2019-11-07 06:32:40.485-05
Nature's MACE,"Nature's MACE Cat Repellent 1 Gallon Spray/Treats 3,000 Sq. Ft. / Keep Cat Out of Your Lawn and Garden/Train Your Cat to Stay Out of Bushes/Safe to use Around Children & Plants",1.0,2022-08-10 16:23:43.281-04
Nature's MACE,"Nature's MACE Cat Repellent 1 Gallon Spray/Treats 3,000 Sq. Ft. / Keep Cat Out of Your Lawn and Garden/Train Your Cat to Stay Out of Bushes/Safe to use Around Children & Plants",1.0,2021-08-06 16:50:00.105-04
Nature's MACE,"Nature's MACE Cat Repellent 1 Gallon Spray/Treats 3,000 Sq. Ft. / Keep Cat Out of Your Lawn and Garden/Train Your Cat to Stay Out of Bushes/Safe to use Around Children & Plants",5.0,2017-12-11 06:38:40.223-05
Nature's MACE,"Nature's MACE Cat Repellent 1 Gallon Spray/Treats 3,000 Sq. Ft. / Keep Cat Out of Your Lawn and Garden/Train Your Cat to Stay Out of Bushes/Safe to use Around Children & Plants",5.0,2019-09-05 05:54:18.722-04
Nature's MACE,"Nature's MACE Cat Repellent 1 Gallon Spray/Treats 3,000 Sq. Ft. / Keep Cat Out of Your Lawn and Garden/Train Your Cat to Stay Out of Bushes/Safe to use Around Children & Plants",1.0,2022-08-01 14:17:20.578-04
Nature's MACE,"Nature's MACE Cat Repellent 1 Gallon Spray/Treats 3,000 Sq. Ft. / Keep Cat Out of Your Lawn and Garden/Train Your Cat to Stay Out of Bushes/Safe to use Around Children & Plants",3.0,2021-08-16 17:14:23.182-04
Nature's MACE,"Nature's MACE Cat Repellent 1 Gallon Spray/Treats 3,000 Sq. Ft. / Keep Cat Out of Your Lawn and Garden/Train Your Cat to Stay Out of Bushes/Safe to use Around Children & Plants",1.0,2018-07-28 06:32:26.335-04
Nature's MACE,"Nature's MACE Cat Repellent 1 Gallon Spray/Treats 3,000 Sq. Ft. / Keep Cat Out of Your Lawn and Garden/Train Your Cat to Stay Out of Bushes/Safe to use Around Children & Plants",4.0,2019-06-27 21:51:10.885-04
Nature's MACE,"Nature's MACE Cat Repellent 1 Gallon Spray/Treats 3,000 Sq. Ft. / Keep Cat Out of Your Lawn and Garden/Train Your Cat to Stay Out of Bushes/Safe to use Around Children & Plants",1.0,2022-04-29 20:57:03.362-04
Nature's MACE,"Nature's MACE Cat Repellent 1 Gallon Spray/Treats 3,000 Sq. Ft. / Keep Cat Out of Your Lawn and Garden/Train Your Cat to Stay Out of Bushes/Safe to use Around Children & Plants",1.0,2021-06-28 12:15:54.811-04
Nature's MACE,"Nature's MACE Cat Repellent 1 Gallon Spray/Treats 3,000 Sq. Ft. / Keep Cat Out of Your Lawn and Garden/Train Your Cat to Stay Out of Bushes/Safe to use Around Children & Plants",5.0,2019-08-01 00:51:24.737-04
Nature's MACE,"Nature's MACE Cat Repellent 1 Gallon Spray/Treats 3,000 Sq. Ft. / Keep Cat Out of Your Lawn and Garden/Train Your Cat to Stay Out of Bushes/Safe to use Around Children & Plants",5.0,2019-04-25 03:44:42.371-04
Nature's MACE,"Nature's MACE Cat Repellent 1 Gallon Spray/Treats 3,000 Sq. Ft. / Keep Cat Out of Your Lawn and Garden/Train Your Cat to Stay Out of Bushes/Safe to use Around Children & Plants",1.0,2022-07-17 19:06:29.197-04
Nature's MACE,"Nature's MACE Cat Repellent 1 Gallon Spray/Treats 3,000 Sq. Ft. / Keep Cat Out of Your Lawn and Garden/Train Your Cat to Stay Out of Bushes/Safe to use Around Children & Plants",1.0,2020-11-10 17:24:19.56-05
Nature's MACE,"Nature's MACE Cat Repellent 1 Gallon Spray/Treats 3,000 Sq. Ft. / Keep Cat Out of Your Lawn and Garden/Train Your Cat to Stay Out of Bushes/Safe to use Around Children & Plants",1.0,2021-07-29 12:15:49.837-04
Nature's MACE,"Nature's MACE Cat Repellent 1 Gallon Spray/Treats 3,000 Sq. Ft. / Keep Cat Out of Your Lawn and Garden/Train Your Cat to Stay Out of Bushes/Safe to use Around Children & Plants",5.0,2019-03-10 14:31:25.476-04
Nature's MACE,"Nature's MACE Cat Repellent 1 Gallon Spray/Treats 3,000 Sq. Ft. / Keep Cat Out of Your Lawn and Garden/Train Your Cat to Stay Out of Bushes/Safe to use Around Children & Plants",5.0,2022-01-29 07:26:59.629-05
Nature's MACE,"Nature's MACE Cat Repellent 1 Gallon Spray/Treats 3,000 Sq. Ft. / Keep Cat Out of Your Lawn and Garden/Train Your Cat to Stay Out of Bushes/Safe to use Around Children & Plants",1.0,2021-08-16 17:27:25.688-04
Nature's MACE,"Nature's MACE Cat Repellent 1 Gallon Spray/Treats 3,000 Sq. Ft. / Keep Cat Out of Your Lawn and Garden/Train Your Cat to Stay Out of Bushes/Safe to use Around Children & Plants",5.0,2021-07-09 16:32:33.529-04
Nature's MACE,"Nature's MACE Cat Repellent 1 Gallon Spray/Treats 3,000 Sq. Ft. / Keep Cat Out of Your Lawn and Garden/Train Your Cat to Stay Out of Bushes/Safe to use Around Children & Plants",4.0,2019-01-30 10:21:25.943-05
Nature's MACE,"Nature's MACE Cat Repellent 1 Gallon Spray/Treats 3,000 Sq. Ft. / Keep Cat Out of Your Lawn and Garden/Train Your Cat to Stay Out of Bushes/Safe to use Around Children & Plants",5.0,2019-03-04 23:50:41.65-05
Nature's MACE,"Nature's MACE Cat Repellent 1 Gallon Spray/Treats 3,000 Sq. Ft. / Keep Cat Out of Your Lawn and Garden/Train Your Cat to Stay Out of Bushes/Safe to use Around Children & Plants",2.0,2021-06-26 11:33:28.663-04
Nature's MACE,"Nature's MACE Cat Repellent 1 Gallon Spray/Treats 3,000 Sq. Ft. / Keep Cat Out of Your Lawn and Garden/Train Your Cat to Stay Out of Bushes/Safe to use Around Children & Plants",1.0,2020-04-16 15:01:45.77-04
Nature's MACE,"Nature's MACE Cat Repellent 1 Gallon Spray/Treats 3,000 Sq. Ft. / Keep Cat Out of Your Lawn and Garden/Train Your Cat to Stay Out of Bushes/Safe to use Around Children & Plants",5.0,2019-10-04 18:07:52.845-04
Nature's MACE,"Nature's MACE Cat Repellent 1 Gallon Spray/Treats 3,000 Sq. Ft. / Keep Cat Out of Your Lawn and Garden/Train Your Cat to Stay Out of Bushes/Safe to use Around Children & Plants",1.0,2022-08-10 21:13:35.856-04
Nature's MACE,"Nature's MACE Cat Repellent 1 Gallon Spray/Treats 3,000 Sq. Ft. / Keep Cat Out of Your Lawn and Garden/Train Your Cat to Stay Out of Bushes/Safe to use Around Children & Plants",5.0,2019-07-30 17:01:09.187-04
Nature's MACE,"Nature's MACE Cat Repellent 1 Gallon Spray/Treats 3,000 Sq. Ft. / Keep Cat Out of Your Lawn and Garden/Train Your Cat to Stay Out of Bushes/Safe to use Around Children & Plants",5.0,2019-04-20 12:45:37.177-04
Nature's MACE,"Nature's MACE Cat Repellent 1 Gallon Spray/Treats 3,000 Sq. Ft. / Keep Cat Out of Your Lawn and Garden/Train Your Cat to Stay Out of Bushes/Safe to use Around Children & Plants",1.0,2021-09-27 21:10:45.266-04
Nature's MACE,"Nature's MACE Cat Repellent 1 Gallon Spray/Treats 3,000 Sq. Ft. / Keep Cat Out of Your Lawn and Garden/Train Your Cat to Stay Out of Bushes/Safe to use Around Children & Plants",5.0,2021-05-15 12:26:38.611-04
Nature's MACE,"Nature's MACE Cat Repellent 1 Gallon Spray/Treats 3,000 Sq. Ft. / Keep Cat Out of Your Lawn and Garden/Train Your Cat to Stay Out of Bushes/Safe to use Around Children & Plants",1.0,2021-11-06 12:27:34.598-04
Nature's MACE,"Nature's MACE Cat Repellent 1 Gallon Spray/Treats 3,000 Sq. Ft. / Keep Cat Out of Your Lawn and Garden/Train Your Cat to Stay Out of Bushes/Safe to use Around Children & Plants",3.0,2019-11-20 10:52:47.754-05
Nature's MACE,"Nature's MACE Cat Repellent 1 Gallon Spray/Treats 3,000 Sq. Ft. / Keep Cat Out of Your Lawn and Garden/Train Your Cat to Stay Out of Bushes/Safe to use Around Children & Plants",3.0,2018-10-26 10:41:39.91-04
Nature's MACE,"Nature's MACE Cat Repellent 1 Gallon Spray/Treats 3,000 Sq. Ft. / Keep Cat Out of Your Lawn and Garden/Train Your Cat to Stay Out of Bushes/Safe to use Around Children & Plants",5.0,2022-10-26 18:23:27.904-04
Nature's MACE,"Nature's MACE Cat Repellent 1 Gallon Spray/Treats 3,000 Sq. Ft. / Keep Cat Out of Your Lawn and Garden/Train Your Cat to Stay Out of Bushes/Safe to use Around Children & Plants",1.0,2023-02-25 13:58:22.617-05
Nature's MACE,"Nature's MACE Cat Repellent 1 Gallon Spray/Treats 3,000 Sq. Ft. / Keep Cat Out of Your Lawn and Garden/Train Your Cat to Stay Out of Bushes/Safe to use Around Children & Plants",1.0,2020-08-16 15:41:56.88-04
Nature's MACE,"Nature's MACE Cat Repellent 1 Gallon Spray/Treats 3,000 Sq. Ft. / Keep Cat Out of Your Lawn and Garden/Train Your Cat to Stay Out of Bushes/Safe to use Around Children & Plants",1.0,2018-08-13 14:35:50.538-04
Nature's MACE,"Nature's MACE Cat Repellent 1 Gallon Spray/Treats 3,000 Sq. Ft. / Keep Cat Out of Your Lawn and Garden/Train Your Cat to Stay Out of Bushes/Safe to use Around Children & Plants",5.0,2018-03-15 15:55:30.712-04
Nature's MACE,"Nature's MACE Cat Repellent 1 Gallon Spray/Treats 3,000 Sq. Ft. / Keep Cat Out of Your Lawn and Garden/Train Your Cat to Stay Out of Bushes/Safe to use Around Children & Plants",1.0,2021-08-10 20:27:14.314-04
Nature's MACE,"Nature's MACE Cat Repellent 1 Gallon Spray/Treats 3,000 Sq. Ft. / Keep Cat Out of Your Lawn and Garden/Train Your Cat to Stay Out of Bushes/Safe to use Around Children & Plants",1.0,2018-10-15 11:29:21.257-04
Nature's MACE,"Nature's MACE Cat Repellent 1 Gallon Spray/Treats 3,000 Sq. Ft. / Keep Cat Out of Your Lawn and Garden/Train Your Cat to Stay Out of Bushes/Safe to use Around Children & Plants",1.0,2023-03-16 09:45:19.524-04
Nature's MACE,"Nature's MACE Cat Repellent 1 Gallon Spray/Treats 3,000 Sq. Ft. / Keep Cat Out of Your Lawn and Garden/Train Your Cat to Stay Out of Bushes/Safe to use Around Children & Plants",5.0,2017-10-08 14:23:47.671-04
Nature's MACE,"Nature's MACE Cat Repellent 1 Gallon Spray/Treats 3,000 Sq. Ft. / Keep Cat Out of Your Lawn and Garden/Train Your Cat to Stay Out of Bushes/Safe to use Around Children & Plants",1.0,2021-07-27 18:39:27.43-04
Nature's MACE,"Nature's MACE Cat Repellent 1 Gallon Spray/Treats 3,000 Sq. Ft. / Keep Cat Out of Your Lawn and Garden/Train Your Cat to Stay Out of Bushes/Safe to use Around Children & Plants",5.0,2021-06-09 11:41:48.777-04
Nature's MACE,"Nature's MACE Cat Repellent 1 Gallon Spray/Treats 3,000 Sq. Ft. / Keep Cat Out of Your Lawn and Garden/Train Your Cat to Stay Out of Bushes/Safe to use Around Children & Plants",1.0,2021-12-13 20:46:03.225-05
Nature's MACE,"Nature's MACE Cat Repellent 1 Gallon Spray/Treats 3,000 Sq. Ft. / Keep Cat Out of Your Lawn and Garden/Train Your Cat to Stay Out of Bushes/Safe to use Around Children & Plants",2.0,2021-03-04 18:14:53.313-05
Nature's MACE,"Nature's MACE Cat Repellent 1 Gallon Spray/Treats 3,000 Sq. Ft. / Keep Cat Out of Your Lawn and Garden/Train Your Cat to Stay Out of Bushes/Safe to use Around Children & Plants",5.0,2018-05-03 07:20:21.451-04
Nature's MACE,"Nature's MACE Cat Repellent 1 Gallon Spray/Treats 3,000 Sq. Ft. / Keep Cat Out of Your Lawn and Garden/Train Your Cat to Stay Out of Bushes/Safe to use Around Children & Plants",1.0,2022-01-29 22:47:26.801-05
Nature's MACE,"Nature's MACE Cat Repellent 1 Gallon Spray/Treats 3,000 Sq. Ft. / Keep Cat Out of Your Lawn and Garden/Train Your Cat to Stay Out of Bushes/Safe to use Around Children & Plants",1.0,2020-03-04 09:23:20.003-05
Nature's MACE,"Nature's MACE Cat Repellent 1 Gallon Spray/Treats 3,000 Sq. Ft. / Keep Cat Out of Your Lawn and Garden/Train Your Cat to Stay Out of Bushes/Safe to use Around Children & Plants",1.0,2019-10-21 05:21:21.32-04
Nature's MACE,"Nature's MACE Cat Repellent 1 Gallon Spray/Treats 3,000 Sq. Ft. / Keep Cat Out of Your Lawn and Garden/Train Your Cat to Stay Out of Bushes/Safe to use Around Children & Plants",1.0,2021-12-12 10:32:12.11-05
Nature's MACE,"Nature's MACE Cat Repellent 1 Gallon Spray/Treats 3,000 Sq. Ft. / Keep Cat Out of Your Lawn and Garden/Train Your Cat to Stay Out of Bushes/Safe to use Around Children & Plants",1.0,2019-07-08 10:56:26.978-04
Nature's MACE,"Nature's MACE Cat Repellent 1 Gallon Spray/Treats 3,000 Sq. Ft. / Keep Cat Out of Your Lawn and Garden/Train Your Cat to Stay Out of Bushes/Safe to use Around Children & Plants",5.0,2018-08-25 14:36:18.256-04
Nature's MACE,"Nature's MACE Cat Repellent 1 Gallon Spray/Treats 3,000 Sq. Ft. / Keep Cat Out of Your Lawn and Garden/Train Your Cat to Stay Out of Bushes/Safe to use Around Children & Plants",1.0,2023-02-28 13:15:14.648-05
Nature's MACE,"Nature's MACE Cat Repellent 1 Gallon Spray/Treats 3,000 Sq. Ft. / Keep Cat Out of Your Lawn and Garden/Train Your Cat to Stay Out of Bushes/Safe to use Around Children & Plants",1.0,2022-05-08 14:39:05.385-04
Nature's MACE,"Nature's MACE Cat Repellent 1 Gallon Spray/Treats 3,000 Sq. Ft. / Keep Cat Out of Your Lawn and Garden/Train Your Cat to Stay Out of Bushes/Safe to use Around Children & Plants",5.0,2021-12-29 13:55:14.192-05
Nature's MACE,"Nature's MACE Cat Repellent 1 Gallon Spray/Treats 3,000 Sq. Ft. / Keep Cat Out of Your Lawn and Garden/Train Your Cat to Stay Out of Bushes/Safe to use Around Children & Plants",1.0,2018-08-05 19:00:44.696-04
Nature's MACE,"Nature's MACE Cat Repellent 1 Gallon Spray/Treats 3,000 Sq. Ft. / Keep Cat Out of Your Lawn and Garden/Train Your Cat to Stay Out of Bushes/Safe to use Around Children & Plants",1.0,2021-03-26 12:14:02.281-04
Nature's MACE,"Nature's MACE Cat Repellent 1 Gallon Spray/Treats 3,000 Sq. Ft. / Keep Cat Out of Your Lawn and Garden/Train Your Cat to Stay Out of Bushes/Safe to use Around Children & Plants",1.0,2021-07-13 11:02:54.239-04
Nature's MACE,"Nature's MACE Cat Repellent 1 Gallon Spray/Treats 3,000 Sq. Ft. / Keep Cat Out of Your Lawn and Garden/Train Your Cat to Stay Out of Bushes/Safe to use Around Children & Plants",4.0,2021-10-11 15:26:31.294-04
Nature's MACE,"Nature's MACE Cat Repellent 1 Gallon Spray/Treats 3,000 Sq. Ft. / Keep Cat Out of Your Lawn and Garden/Train Your Cat to Stay Out of Bushes/Safe to use Around Children & Plants",1.0,2021-02-26 15:34:05.455-05
Nature's MACE,"Nature's MACE Cat Repellent 1 Gallon Spray/Treats 3,000 Sq. Ft. / Keep Cat Out of Your Lawn and Garden/Train Your Cat to Stay Out of Bushes/Safe to use Around Children & Plants",1.0,2019-12-29 16:22:03.36-05
Nature's MACE,"Nature's MACE Cat Repellent 1 Gallon Spray/Treats 3,000 Sq. Ft. / Keep Cat Out of Your Lawn and Garden/Train Your Cat to Stay Out of Bushes/Safe to use Around Children & Plants",1.0,2021-04-18 16:47:53.398-04
Nature's MACE,"Nature's MACE Cat Repellent 1 Gallon Spray/Treats 3,000 Sq. Ft. / Keep Cat Out of Your Lawn and Garden/Train Your Cat to Stay Out of Bushes/Safe to use Around Children & Plants",4.0,2018-05-03 09:06:53.795-04
Nature's MACE,"Nature's MACE Cat Repellent 1 Gallon Spray/Treats 3,000 Sq. Ft. / Keep Cat Out of Your Lawn and Garden/Train Your Cat to Stay Out of Bushes/Safe to use Around Children & Plants",1.0,2022-12-04 14:58:11.352-05
Nature's MACE,"Nature's MACE Cat Repellent 1 Gallon Spray/Treats 3,000 Sq. Ft. / Keep Cat Out of Your Lawn and Garden/Train Your Cat to Stay Out of Bushes/Safe to use Around Children & Plants",1.0,2021-08-06 15:09:56.215-04
Nature's MACE,"Nature's MACE Cat Repellent 1 Gallon Spray/Treats 3,000 Sq. Ft. / Keep Cat Out of Your Lawn and Garden/Train Your Cat to Stay Out of Bushes/Safe to use Around Children & Plants",3.0,2018-11-02 22:46:58.102-04
Nature's MACE,"Nature's MACE Cat Repellent 1 Gallon Spray/Treats 3,000 Sq. Ft. / Keep Cat Out of Your Lawn and Garden/Train Your Cat to Stay Out of Bushes/Safe to use Around Children & Plants",1.0,2022-02-25 23:39:32.507-05
Nature's MACE,"Nature's MACE Cat Repellent 1 Gallon Spray/Treats 3,000 Sq. Ft. / Keep Cat Out of Your Lawn and Garden/Train Your Cat to Stay Out of Bushes/Safe to use Around Children & Plants",1.0,2022-02-22 14:20:12.17-05
Nature's MACE,"Nature's MACE Cat Repellent 1 Gallon Spray/Treats 3,000 Sq. Ft. / Keep Cat Out of Your Lawn and Garden/Train Your Cat to Stay Out of Bushes/Safe to use Around Children & Plants",1.0,2019-03-18 08:47:06.429-04
Nature's MACE,"Nature's MACE Cat Repellent 1 Gallon Spray/Treats 3,000 Sq. Ft. / Keep Cat Out of Your Lawn and Garden/Train Your Cat to Stay Out of Bushes/Safe to use Around Children & Plants",5.0,2019-07-08 15:30:51.007-04
Nature's MACE,"Nature's MACE Cat Repellent 1 Gallon Spray/Treats 3,000 Sq. Ft. / Keep Cat Out of Your Lawn and Garden/Train Your Cat to Stay Out of Bushes/Safe to use Around Children & Plants",1.0,2020-07-24 15:16:52.224-04
Nature's MACE,"Nature's MACE Cat Repellent 1 Gallon Spray/Treats 3,000 Sq. Ft. / Keep Cat Out of Your Lawn and Garden/Train Your Cat to Stay Out of Bushes/Safe to use Around Children & Plants",5.0,2019-10-06 07:18:37.937-04
Nature's MACE,"Nature's MACE Cat Repellent 1 Gallon Spray/Treats 3,000 Sq. Ft. / Keep Cat Out of Your Lawn and Garden/Train Your Cat to Stay Out of Bushes/Safe to use Around Children & Plants",1.0,2020-12-15 11:54:47.267-05
Nature's MACE,"Nature's MACE Cat Repellent 1 Gallon Spray/Treats 3,000 Sq. Ft. / Keep Cat Out of Your Lawn and Garden/Train Your Cat to Stay Out of Bushes/Safe to use Around Children & Plants",5.0,2019-03-20 21:17:27.564-04
Nature's MACE,"Nature's MACE Cat Repellent 1 Gallon Spray/Treats 3,000 Sq. Ft. / Keep Cat Out of Your Lawn and Garden/Train Your Cat to Stay Out of Bushes/Safe to use Around Children & Plants",3.0,2019-09-28 00:28:31.799-04
Nature's MACE,"Nature's MACE Cat Repellent 1 Gallon Spray/Treats 3,000 Sq. Ft. / Keep Cat Out of Your Lawn and Garden/Train Your Cat to Stay Out of Bushes/Safe to use Around Children & Plants",1.0,2022-07-25 12:13:27.326-04
Nature's MACE,"Nature's MACE Cat Repellent 1 Gallon Spray/Treats 3,000 Sq. Ft. / Keep Cat Out of Your Lawn and Garden/Train Your Cat to Stay Out of Bushes/Safe to use Around Children & Plants",4.0,2019-11-13 09:56:54.166-05
Nature's MACE,"Nature's MACE Cat Repellent 1 Gallon Spray/Treats 3,000 Sq. Ft. / Keep Cat Out of Your Lawn and Garden/Train Your Cat to Stay Out of Bushes/Safe to use Around Children & Plants",5.0,2021-04-06 14:26:00.242-04
Nature's MACE,"Nature's MACE Cat Repellent 1 Gallon Spray/Treats 3,000 Sq. Ft. / Keep Cat Out of Your Lawn and Garden/Train Your Cat to Stay Out of Bushes/Safe to use Around Children & Plants",4.0,2018-04-16 21:04:32.724-04
Nature's MACE,"Nature's MACE Cat Repellent 1 Gallon Spray/Treats 3,000 Sq. Ft. / Keep Cat Out of Your Lawn and Garden/Train Your Cat to Stay Out of Bushes/Safe to use Around Children & Plants",1.0,2022-04-25 16:44:16.202-04
Nature's MACE,"Nature's MACE Cat Repellent 1 Gallon Spray/Treats 3,000 Sq. Ft. / Keep Cat Out of Your Lawn and Garden/Train Your Cat to Stay Out of Bushes/Safe to use Around Children & Plants",4.0,2021-08-30 14:25:35.865-04
Nature's MACE,"Nature's MACE Cat Repellent 1 Gallon Spray/Treats 3,000 Sq. Ft. / Keep Cat Out of Your Lawn and Garden/Train Your Cat to Stay Out of Bushes/Safe to use Around Children & Plants",4.0,2019-05-01 19:57:31.463-04
Nature's MACE,"Nature's MACE Cat Repellent 1 Gallon Spray/Treats 3,000 Sq. Ft. / Keep Cat Out of Your Lawn and Garden/Train Your Cat to Stay Out of Bushes/Safe to use Around Children & Plants",2.0,2019-04-21 18:08:28.815-04
Nature's MACE,"Nature's MACE Cat Repellent 1 Gallon Spray/Treats 3,000 Sq. Ft. / Keep Cat Out of Your Lawn and Garden/Train Your Cat to Stay Out of Bushes/Safe to use Around Children & Plants",3.0,2023-01-01 21:07:11.412-05
Nature's MACE,"Nature's MACE Cat Repellent 1 Gallon Spray/Treats 3,000 Sq. Ft. / Keep Cat Out of Your Lawn and Garden/Train Your Cat to Stay Out of Bushes/Safe to use Around Children & Plants",2.0,2019-11-06 16:30:00.721-05
Nature's MACE,"Nature's MACE Cat Repellent 1 Gallon Spray/Treats 3,000 Sq. Ft. / Keep Cat Out of Your Lawn and Garden/Train Your Cat to Stay Out of Bushes/Safe to use Around Children & Plants",5.0,2020-07-27 17:11:06.914-04
Nature's MACE,"Nature's MACE Cat Repellent 1 Gallon Spray/Treats 3,000 Sq. Ft. / Keep Cat Out of Your Lawn and Garden/Train Your Cat to Stay Out of Bushes/Safe to use Around Children & Plants",1.0,2022-08-29 17:05:28.464-04
Nature's MACE,"Nature's MACE Cat Repellent 1 Gallon Spray/Treats 3,000 Sq. Ft. / Keep Cat Out of Your Lawn and Garden/Train Your Cat to Stay Out of Bushes/Safe to use Around Children & Plants",3.0,2021-11-17 20:58:34.172-05
Nature's MACE,"Nature's MACE Cat Repellent 1 Gallon Spray/Treats 3,000 Sq. Ft. / Keep Cat Out of Your Lawn and Garden/Train Your Cat to Stay Out of Bushes/Safe to use Around Children & Plants",5.0,2021-12-14 18:11:48.756-05
Nature's MACE,"Nature's MACE Cat Repellent 1 Gallon Spray/Treats 3,000 Sq. Ft. / Keep Cat Out of Your Lawn and Garden/Train Your Cat to Stay Out of Bushes/Safe to use Around Children & Plants",2.0,2021-12-14 22:15:25.702-05
Nature's MACE,"Nature's MACE Cat Repellent 1 Gallon Spray/Treats 3,000 Sq. Ft. / Keep Cat Out of Your Lawn and Garden/Train Your Cat to Stay Out of Bushes/Safe to use Around Children & Plants",4.0,2018-12-17 07:27:03.841-05
Nature's MACE,"Nature's MACE Cat Repellent 1 Gallon Spray/Treats 3,000 Sq. Ft. / Keep Cat Out of Your Lawn and Garden/Train Your Cat to Stay Out of Bushes/Safe to use Around Children & Plants",1.0,2021-11-17 23:43:20.46-05
Nature's MACE,"Nature's MACE Cat Repellent 1 Gallon Spray/Treats 3,000 Sq. Ft. / Keep Cat Out of Your Lawn and Garden/Train Your Cat to Stay Out of Bushes/Safe to use Around Children & Plants",1.0,2018-04-06 18:04:14.251-04
Nature's MACE,"Nature's MACE Cat Repellent 1 Gallon Spray/Treats 3,000 Sq. Ft. / Keep Cat Out of Your Lawn and Garden/Train Your Cat to Stay Out of Bushes/Safe to use Around Children & Plants",5.0,2020-01-21 14:56:09.283-05
Nature's MACE,"Nature's MACE Cat Repellent 1 Gallon Spray/Treats 3,000 Sq. Ft. / Keep Cat Out of Your Lawn and Garden/Train Your Cat to Stay Out of Bushes/Safe to use Around Children & Plants",1.0,2023-01-16 17:16:25.595-05
Nature's MACE,"Nature's MACE Cat Repellent 1 Gallon Spray/Treats 3,000 Sq. Ft. / Keep Cat Out of Your Lawn and Garden/Train Your Cat to Stay Out of Bushes/Safe to use Around Children & Plants",1.0,2021-10-22 11:38:54.221-04
Nature's MACE,"Nature's MACE Cat Repellent 1 Gallon Spray/Treats 3,000 Sq. Ft. / Keep Cat Out of Your Lawn and Garden/Train Your Cat to Stay Out of Bushes/Safe to use Around Children & Plants",2.0,2019-03-23 12:27:34.669-04
Nature's MACE,"Nature's MACE Cat Repellent 1 Gallon Spray/Treats 3,000 Sq. Ft. / Keep Cat Out of Your Lawn and Garden/Train Your Cat to Stay Out of Bushes/Safe to use Around Children & Plants",1.0,2021-08-03 17:07:35.25-04
Nature's MACE,"Nature's MACE Cat Repellent 1 Gallon Spray/Treats 3,000 Sq. Ft. / Keep Cat Out of Your Lawn and Garden/Train Your Cat to Stay Out of Bushes/Safe to use Around Children & Plants",1.0,2022-04-30 13:58:50.367-04
Nature's MACE,"Nature's MACE Cat Repellent 1 Gallon Spray/Treats 3,000 Sq. Ft. / Keep Cat Out of Your Lawn and Garden/Train Your Cat to Stay Out of Bushes/Safe to use Around Children & Plants",2.0,2021-02-27 15:29:32.746-05
Nature's MACE,"Nature's MACE Cat Repellent 1 Gallon Spray/Treats 3,000 Sq. Ft. / Keep Cat Out of Your Lawn and Garden/Train Your Cat to Stay Out of Bushes/Safe to use Around Children & Plants",4.0,2019-11-09 13:29:09.643-05
Nature's MACE,"Nature's MACE Cat Repellent 1 Gallon Spray/Treats 3,000 Sq. Ft. / Keep Cat Out of Your Lawn and Garden/Train Your Cat to Stay Out of Bushes/Safe to use Around Children & Plants",1.0,2018-07-26 12:52:08.412-04
Nature's MACE,"Nature's MACE Cat Repellent 1 Gallon Spray/Treats 3,000 Sq. Ft. / Keep Cat Out of Your Lawn and Garden/Train Your Cat to Stay Out of Bushes/Safe to use Around Children & Plants",5.0,2023-03-06 13:25:34.671-05
Nature's MACE,"Nature's MACE Cat Repellent 1 Gallon Spray/Treats 3,000 Sq. Ft. / Keep Cat Out of Your Lawn and Garden/Train Your Cat to Stay Out of Bushes/Safe to use Around Children & Plants",1.0,2021-09-11 12:53:11.869-04
Nature's MACE,"Nature's MACE Cat Repellent 1 Gallon Spray/Treats 3,000 Sq. Ft. / Keep Cat Out of Your Lawn and Garden/Train Your Cat to Stay Out of Bushes/Safe to use Around Children & Plants",5.0,2019-07-29 03:27:39.441-04
Nature's MACE,"Nature's MACE Cat Repellent 1 Gallon Spray/Treats 3,000 Sq. Ft. / Keep Cat Out of Your Lawn and Garden/Train Your Cat to Stay Out of Bushes/Safe to use Around Children & Plants",1.0,2022-06-20 14:17:48.717-04
Nature's MACE,"Nature's MACE Cat Repellent 1 Gallon Spray/Treats 3,000 Sq. Ft. / Keep Cat Out of Your Lawn and Garden/Train Your Cat to Stay Out of Bushes/Safe to use Around Children & Plants",1.0,2022-02-21 13:16:19.944-05
Nature's MACE,"Nature's MACE Cat Repellent 1 Gallon Spray/Treats 3,000 Sq. Ft. / Keep Cat Out of Your Lawn and Garden/Train Your Cat to Stay Out of Bushes/Safe to use Around Children & Plants",4.0,2020-10-26 14:29:48.019-04
Nature's MACE,"Nature's MACE Cat Repellent 1 Gallon Spray/Treats 3,000 Sq. Ft. / Keep Cat Out of Your Lawn and Garden/Train Your Cat to Stay Out of Bushes/Safe to use Around Children & Plants",5.0,2019-04-27 00:19:18.827-04
Nature's MACE,"Nature's MACE Cat Repellent 1 Gallon Spray/Treats 3,000 Sq. Ft. / Keep Cat Out of Your Lawn and Garden/Train Your Cat to Stay Out of Bushes/Safe to use Around Children & Plants",1.0,2020-07-21 16:56:51.388-04
Nature's MACE,"Nature's MACE Cat Repellent 1 Gallon Spray/Treats 3,000 Sq. Ft. / Keep Cat Out of Your Lawn and Garden/Train Your Cat to Stay Out of Bushes/Safe to use Around Children & Plants",5.0,2021-08-07 13:47:29.656-04
Nature's MACE,"Nature's MACE Cat Repellent 1 Gallon Spray/Treats 3,000 Sq. Ft. / Keep Cat Out of Your Lawn and Garden/Train Your Cat to Stay Out of Bushes/Safe to use Around Children & Plants",1.0,2021-06-17 18:56:50.884-04
Nature's MACE,"Nature's MACE Cat Repellent 1 Gallon Spray/Treats 3,000 Sq. Ft. / Keep Cat Out of Your Lawn and Garden/Train Your Cat to Stay Out of Bushes/Safe to use Around Children & Plants",1.0,2019-07-22 16:21:47.388-04
Nature's MACE,"Nature's MACE Cat Repellent 1 Gallon Spray/Treats 3,000 Sq. Ft. / Keep Cat Out of Your Lawn and Garden/Train Your Cat to Stay Out of Bushes/Safe to use Around Children & Plants",1.0,2022-03-20 17:51:45.125-04
Nature's MACE,"Nature's MACE Cat Repellent 1 Gallon Spray/Treats 3,000 Sq. Ft. / Keep Cat Out of Your Lawn and Garden/Train Your Cat to Stay Out of Bushes/Safe to use Around Children & Plants",5.0,2019-08-12 14:06:57.23-04
Nature's MACE,"Nature's MACE Cat Repellent 1 Gallon Spray/Treats 3,000 Sq. Ft. / Keep Cat Out of Your Lawn and Garden/Train Your Cat to Stay Out of Bushes/Safe to use Around Children & Plants",1.0,2021-07-04 15:45:32.222-04
Nature's MACE,"Nature's MACE Cat Repellent 1 Gallon Spray/Treats 3,000 Sq. Ft. / Keep Cat Out of Your Lawn and Garden/Train Your Cat to Stay Out of Bushes/Safe to use Around Children & Plants",4.0,2021-02-27 08:40:19.139-05
Nature's MACE,"Nature's MACE Cat Repellent 1 Gallon Spray/Treats 3,000 Sq. Ft. / Keep Cat Out of Your Lawn and Garden/Train Your Cat to Stay Out of Bushes/Safe to use Around Children & Plants",1.0,2021-11-03 16:17:54.585-04
Nature's MACE,"Nature's MACE Cat Repellent 1 Gallon Spray/Treats 3,000 Sq. Ft. / Keep Cat Out of Your Lawn and Garden/Train Your Cat to Stay Out of Bushes/Safe to use Around Children & Plants",1.0,2019-04-26 12:02:08.275-04
Nature's MACE,"Nature's MACE Cat Repellent 1 Gallon Spray/Treats 3,000 Sq. Ft. / Keep Cat Out of Your Lawn and Garden/Train Your Cat to Stay Out of Bushes/Safe to use Around Children & Plants",1.0,2021-08-23 07:36:14.236-04
Nature's MACE,"Nature's MACE Cat Repellent 1 Gallon Spray/Treats 3,000 Sq. Ft. / Keep Cat Out of Your Lawn and Garden/Train Your Cat to Stay Out of Bushes/Safe to use Around Children & Plants",5.0,2018-08-27 08:04:43.001-04
Nature's MACE,"Nature's MACE Cat Repellent 1 Gallon Spray/Treats 3,000 Sq. Ft. / Keep Cat Out of Your Lawn and Garden/Train Your Cat to Stay Out of Bushes/Safe to use Around Children & Plants",5.0,2021-07-13 13:19:00.393-04
Nature's MACE,"Nature's MACE Cat Repellent 1 Gallon Spray/Treats 3,000 Sq. Ft. / Keep Cat Out of Your Lawn and Garden/Train Your Cat to Stay Out of Bushes/Safe to use Around Children & Plants",1.0,2023-01-08 08:50:18.723-05
Nature's MACE,"Nature's MACE Cat Repellent 1 Gallon Spray/Treats 3,000 Sq. Ft. / Keep Cat Out of Your Lawn and Garden/Train Your Cat to Stay Out of Bushes/Safe to use Around Children & Plants",5.0,2020-02-26 21:36:45.429-05
Nature's MACE,"Nature's MACE Cat Repellent 1 Gallon Spray/Treats 3,000 Sq. Ft. / Keep Cat Out of Your Lawn and Garden/Train Your Cat to Stay Out of Bushes/Safe to use Around Children & Plants",5.0,2020-01-13 11:02:02.433-05
Nature's MACE,"Nature's MACE Cat Repellent 1 Gallon Spray/Treats 3,000 Sq. Ft. / Keep Cat Out of Your Lawn and Garden/Train Your Cat to Stay Out of Bushes/Safe to use Around Children & Plants",1.0,2019-05-06 12:23:38.602-04
Nature's MACE,"Nature's MACE Cat Repellent 1 Gallon Spray/Treats 3,000 Sq. Ft. / Keep Cat Out of Your Lawn and Garden/Train Your Cat to Stay Out of Bushes/Safe to use Around Children & Plants",5.0,2021-08-08 16:20:54.352-04
Nature's MACE,"Nature's MACE Cat Repellent 1 Gallon Spray/Treats 3,000 Sq. Ft. / Keep Cat Out of Your Lawn and Garden/Train Your Cat to Stay Out of Bushes/Safe to use Around Children & Plants",1.0,2022-04-28 12:02:34.484-04
Nature's MACE,"Nature's MACE Cat Repellent 1 Gallon Spray/Treats 3,000 Sq. Ft. / Keep Cat Out of Your Lawn and Garden/Train Your Cat to Stay Out of Bushes/Safe to use Around Children & Plants",2.0,2022-08-07 15:47:40.458-04
Nature's MACE,"Nature's MACE Cat Repellent 1 Gallon Spray/Treats 3,000 Sq. Ft. / Keep Cat Out of Your Lawn and Garden/Train Your Cat to Stay Out of Bushes/Safe to use Around Children & Plants",1.0,2023-01-14 12:22:53.12-05
Nature's MACE,"Nature's MACE Cat Repellent 1 Gallon Spray/Treats 3,000 Sq. Ft. / Keep Cat Out of Your Lawn and Garden/Train Your Cat to Stay Out of Bushes/Safe to use Around Children & Plants",4.0,2021-08-17 08:39:20.942-04
Nature's MACE,"Nature's MACE Cat Repellent 1 Gallon Spray/Treats 3,000 Sq. Ft. / Keep Cat Out of Your Lawn and Garden/Train Your Cat to Stay Out of Bushes/Safe to use Around Children & Plants",3.0,2020-05-06 08:52:48.682-04
Nature's MACE,"Nature's MACE Cat Repellent 1 Gallon Spray/Treats 3,000 Sq. Ft. / Keep Cat Out of Your Lawn and Garden/Train Your Cat to Stay Out of Bushes/Safe to use Around Children & Plants",1.0,2021-05-17 16:08:20.574-04
Nature's MACE,"Nature's MACE Cat Repellent 1 Gallon Spray/Treats 3,000 Sq. Ft. / Keep Cat Out of Your Lawn and Garden/Train Your Cat to Stay Out of Bushes/Safe to use Around Children & Plants",5.0,2022-02-12 13:32:17.359-05
Nature's MACE,"Nature's MACE Cat Repellent 1 Gallon Spray/Treats 3,000 Sq. Ft. / Keep Cat Out of Your Lawn and Garden/Train Your Cat to Stay Out of Bushes/Safe to use Around Children & Plants",2.0,2018-04-16 07:49:35.785-04
Nature's MACE,"Nature's MACE Cat Repellent 1 Gallon Spray/Treats 3,000 Sq. Ft. / Keep Cat Out of Your Lawn and Garden/Train Your Cat to Stay Out of Bushes/Safe to use Around Children & Plants",1.0,2019-04-27 10:37:58.448-04
Nature's MACE,"Nature's MACE Cat Repellent 1 Gallon Spray/Treats 3,000 Sq. Ft. / Keep Cat Out of Your Lawn and Garden/Train Your Cat to Stay Out of Bushes/Safe to use Around Children & Plants",5.0,2022-09-14 16:15:38.181-04
Nature's MACE,"Nature's MACE Cat Repellent 1 Gallon Spray/Treats 3,000 Sq. Ft. / Keep Cat Out of Your Lawn and Garden/Train Your Cat to Stay Out of Bushes/Safe to use Around Children & Plants",5.0,2019-09-13 11:14:21.456-04
Nature's MACE,"Nature's MACE Cat Repellent 1 Gallon Spray/Treats 3,000 Sq. Ft. / Keep Cat Out of Your Lawn and Garden/Train Your Cat to Stay Out of Bushes/Safe to use Around Children & Plants",4.0,2021-08-03 19:08:15.246-04
Nature's MACE,"Nature's MACE Cat Repellent 1 Gallon Spray/Treats 3,000 Sq. Ft. / Keep Cat Out of Your Lawn and Garden/Train Your Cat to Stay Out of Bushes/Safe to use Around Children & Plants",3.0,2018-09-12 13:38:07.326-04
Nature's MACE,"Nature's MACE Cat Repellent 1 Gallon Spray/Treats 3,000 Sq. Ft. / Keep Cat Out of Your Lawn and Garden/Train Your Cat to Stay Out of Bushes/Safe to use Around Children & Plants",2.0,2021-04-10 12:30:20.404-04
Nature's MACE,"Nature's MACE Cat Repellent 1 Gallon Spray/Treats 3,000 Sq. Ft. / Keep Cat Out of Your Lawn and Garden/Train Your Cat to Stay Out of Bushes/Safe to use Around Children & Plants",5.0,2020-03-12 19:28:17.642-04
Nature's MACE,"Nature's MACE Cat Repellent 1 Gallon Spray/Treats 3,000 Sq. Ft. / Keep Cat Out of Your Lawn and Garden/Train Your Cat to Stay Out of Bushes/Safe to use Around Children & Plants",5.0,2019-07-18 20:32:46.159-04
Nature's MACE,"Nature's MACE Cat Repellent 1 Gallon Spray/Treats 3,000 Sq. Ft. / Keep Cat Out of Your Lawn and Garden/Train Your Cat to Stay Out of Bushes/Safe to use Around Children & Plants",1.0,2021-02-09 15:37:22.537-05
Nature's MACE,"Nature's MACE Cat Repellent 1 Gallon Spray/Treats 3,000 Sq. Ft. / Keep Cat Out of Your Lawn and Garden/Train Your Cat to Stay Out of Bushes/Safe to use Around Children & Plants",3.0,2021-04-21 19:20:04.165-04
Nature's MACE,"Nature's MACE Cat Repellent 1 Gallon Spray/Treats 3,000 Sq. Ft. / Keep Cat Out of Your Lawn and Garden/Train Your Cat to Stay Out of Bushes/Safe to use Around Children & Plants",1.0,2021-06-03 00:57:31.095-04
Nature's MACE,"Nature's MACE Cat Repellent 1 Gallon Spray/Treats 3,000 Sq. Ft. / Keep Cat Out of Your Lawn and Garden/Train Your Cat to Stay Out of Bushes/Safe to use Around Children & Plants",1.0,2022-04-29 21:08:15.825-04
Nature's MACE,"Nature's MACE Cat Repellent 1 Gallon Spray/Treats 3,000 Sq. Ft. / Keep Cat Out of Your Lawn and Garden/Train Your Cat to Stay Out of Bushes/Safe to use Around Children & Plants",3.0,2021-05-26 11:18:54.812-04
Nature's MACE,"Nature's MACE Cat Repellent 1 Gallon Spray/Treats 3,000 Sq. Ft. / Keep Cat Out of Your Lawn and Garden/Train Your Cat to Stay Out of Bushes/Safe to use Around Children & Plants",1.0,2022-05-30 11:43:46.025-04
Nature's MACE,"Nature's MACE Cat Repellent 1 Gallon Spray/Treats 3,000 Sq. Ft. / Keep Cat Out of Your Lawn and Garden/Train Your Cat to Stay Out of Bushes/Safe to use Around Children & Plants",2.0,2019-02-25 12:10:39.455-05
Nature's MACE,"Nature's MACE Cat Repellent 1 Gallon Spray/Treats 3,000 Sq. Ft. / Keep Cat Out of Your Lawn and Garden/Train Your Cat to Stay Out of Bushes/Safe to use Around Children & Plants",5.0,2018-06-02 05:31:08.935-04
Nature's MACE,"Nature's MACE Cat Repellent 1 Gallon Spray/Treats 3,000 Sq. Ft. / Keep Cat Out of Your Lawn and Garden/Train Your Cat to Stay Out of Bushes/Safe to use Around Children & Plants",5.0,2019-08-02 08:41:29.936-04
Nature's MACE,"Nature's MACE Cat Repellent 1 Gallon Spray/Treats 3,000 Sq. Ft. / Keep Cat Out of Your Lawn and Garden/Train Your Cat to Stay Out of Bushes/Safe to use Around Children & Plants",5.0,2021-08-04 12:31:07.47-04
Nature's MACE,"Nature's MACE Cat Repellent 1 Gallon Spray/Treats 3,000 Sq. Ft. / Keep Cat Out of Your Lawn and Garden/Train Your Cat to Stay Out of Bushes/Safe to use Around Children & Plants",2.0,2022-06-29 13:25:18.293-04
Nature's MACE,"Nature's MACE Cat Repellent 1 Gallon Spray/Treats 3,000 Sq. Ft. / Keep Cat Out of Your Lawn and Garden/Train Your Cat to Stay Out of Bushes/Safe to use Around Children & Plants",5.0,2021-10-06 15:01:47.126-04
Nature's MACE,"Nature's MACE Cat Repellent 1 Gallon Spray/Treats 3,000 Sq. Ft. / Keep Cat Out of Your Lawn and Garden/Train Your Cat to Stay Out of Bushes/Safe to use Around Children & Plants",3.0,2021-12-13 22:21:05.694-05
Nature's MACE,"Nature's MACE Cat Repellent 1 Gallon Spray/Treats 3,000 Sq. Ft. / Keep Cat Out of Your Lawn and Garden/Train Your Cat to Stay Out of Bushes/Safe to use Around Children & Plants",3.0,2018-03-17 07:22:29.279-04
Nature's MACE,"Nature's MACE Cat Repellent 1 Gallon Spray/Treats 3,000 Sq. Ft. / Keep Cat Out of Your Lawn and Garden/Train Your Cat to Stay Out of Bushes/Safe to use Around Children & Plants",1.0,2020-02-29 07:04:34.443-05
Nature's MACE,"Nature's MACE Cat Repellent 1 Gallon Spray/Treats 3,000 Sq. Ft. / Keep Cat Out of Your Lawn and Garden/Train Your Cat to Stay Out of Bushes/Safe to use Around Children & Plants",3.0,2022-10-24 23:33:06.031-04
Nature's MACE,"Nature's MACE Cat Repellent 1 Gallon Spray/Treats 3,000 Sq. Ft. / Keep Cat Out of Your Lawn and Garden/Train Your Cat to Stay Out of Bushes/Safe to use Around Children & Plants",1.0,2021-09-02 17:26:22.347-04
Nature's MACE,"Nature's MACE Cat Repellent 1 Gallon Spray/Treats 3,000 Sq. Ft. / Keep Cat Out of Your Lawn and Garden/Train Your Cat to Stay Out of Bushes/Safe to use Around Children & Plants",1.0,2022-05-16 19:47:45.423-04
Nature's MACE,"Nature's MACE Cat Repellent 1 Gallon Spray/Treats 3,000 Sq. Ft. / Keep Cat Out of Your Lawn and Garden/Train Your Cat to Stay Out of Bushes/Safe to use Around Children & Plants",3.0,2020-07-13 22:09:45.287-04
Nature's MACE,"Nature's MACE Cat Repellent 1 Gallon Spray/Treats 3,000 Sq. Ft. / Keep Cat Out of Your Lawn and Garden/Train Your Cat to Stay Out of Bushes/Safe to use Around Children & Plants",1.0,2022-01-18 12:47:35.464-05
Nature's MACE,"Nature's MACE Cat Repellent 1 Gallon Spray/Treats 3,000 Sq. Ft. / Keep Cat Out of Your Lawn and Garden/Train Your Cat to Stay Out of Bushes/Safe to use Around Children & Plants",4.0,2022-03-07 13:28:59.809-05
Nature's MACE,"Nature's MACE Cat Repellent 1 Gallon Spray/Treats 3,000 Sq. Ft. / Keep Cat Out of Your Lawn and Garden/Train Your Cat to Stay Out of Bushes/Safe to use Around Children & Plants",4.0,2018-08-27 09:39:16.421-04
Nature's MACE,"Nature's MACE Cat Repellent 1 Gallon Spray/Treats 3,000 Sq. Ft. / Keep Cat Out of Your Lawn and Garden/Train Your Cat to Stay Out of Bushes/Safe to use Around Children & Plants",4.0,2019-02-19 16:48:10.353-05
Nature's MACE,"Nature's MACE Cat Repellent 1 Gallon Spray/Treats 3,000 Sq. Ft. / Keep Cat Out of Your Lawn and Garden/Train Your Cat to Stay Out of Bushes/Safe to use Around Children & Plants",1.0,2022-03-25 08:32:05.939-04
Nature's MACE,"Nature's MACE Cat Repellent 1 Gallon Spray/Treats 3,000 Sq. Ft. / Keep Cat Out of Your Lawn and Garden/Train Your Cat to Stay Out of Bushes/Safe to use Around Children & Plants",1.0,2023-03-14 15:20:44.014-04
Nature's MACE,"Nature's MACE Cat Repellent 1 Gallon Spray/Treats 3,000 Sq. Ft. / Keep Cat Out of Your Lawn and Garden/Train Your Cat to Stay Out of Bushes/Safe to use Around Children & Plants",5.0,2020-08-18 17:54:52.341-04
Nature's MACE,"Nature's MACE Cat Repellent 1 Gallon Spray/Treats 3,000 Sq. Ft. / Keep Cat Out of Your Lawn and Garden/Train Your Cat to Stay Out of Bushes/Safe to use Around Children & Plants",1.0,2022-12-04 11:37:03.125-05
Nature's MACE,"Nature's MACE Cat Repellent 1 Gallon Spray/Treats 3,000 Sq. Ft. / Keep Cat Out of Your Lawn and Garden/Train Your Cat to Stay Out of Bushes/Safe to use Around Children & Plants",5.0,2019-05-13 13:16:09.828-04
Nature's MACE,"Nature's MACE Cat Repellent 1 Gallon Spray/Treats 3,000 Sq. Ft. / Keep Cat Out of Your Lawn and Garden/Train Your Cat to Stay Out of Bushes/Safe to use Around Children & Plants",2.0,2022-07-09 19:58:46.509-04
Nature's MACE,"Nature's MACE Cat Repellent 1 Gallon Spray/Treats 3,000 Sq. Ft. / Keep Cat Out of Your Lawn and Garden/Train Your Cat to Stay Out of Bushes/Safe to use Around Children & Plants",1.0,2022-09-04 23:51:32.07-04
Nature's MACE,"Nature's MACE Cat Repellent 1 Gallon Spray/Treats 3,000 Sq. Ft. / Keep Cat Out of Your Lawn and Garden/Train Your Cat to Stay Out of Bushes/Safe to use Around Children & Plants",1.0,2023-03-12 08:10:37.345-04
Nature's MACE,"Nature's MACE Cat Repellent 1 Gallon Spray/Treats 3,000 Sq. Ft. / Keep Cat Out of Your Lawn and Garden/Train Your Cat to Stay Out of Bushes/Safe to use Around Children & Plants",1.0,2022-05-07 20:09:27.913-04
Nature's MACE,"Nature's MACE Cat Repellent 1 Gallon Spray/Treats 3,000 Sq. Ft. / Keep Cat Out of Your Lawn and Garden/Train Your Cat to Stay Out of Bushes/Safe to use Around Children & Plants",3.0,2019-05-26 00:56:02.243-04
Nature's MACE,"Nature's MACE Cat Repellent 1 Gallon Spray/Treats 3,000 Sq. Ft. / Keep Cat Out of Your Lawn and Garden/Train Your Cat to Stay Out of Bushes/Safe to use Around Children & Plants",2.0,2018-10-16 17:44:41.449-04
Nature's MACE,"Nature's MACE Cat Repellent 1 Gallon Spray/Treats 3,000 Sq. Ft. / Keep Cat Out of Your Lawn and Garden/Train Your Cat to Stay Out of Bushes/Safe to use Around Children & Plants",5.0,2019-09-18 08:47:10.517-04
Nature's MACE,"Nature's MACE Cat Repellent 1 Gallon Spray/Treats 3,000 Sq. Ft. / Keep Cat Out of Your Lawn and Garden/Train Your Cat to Stay Out of Bushes/Safe to use Around Children & Plants",1.0,2023-03-10 14:56:50.167-05
Nature's MACE,"Nature's MACE Cat Repellent 1 Gallon Spray/Treats 3,000 Sq. Ft. / Keep Cat Out of Your Lawn and Garden/Train Your Cat to Stay Out of Bushes/Safe to use Around Children & Plants",5.0,2022-08-09 15:37:19.326-04
Nature's MACE,"Nature's MACE Cat Repellent 1 Gallon Spray/Treats 3,000 Sq. Ft. / Keep Cat Out of Your Lawn and Garden/Train Your Cat to Stay Out of Bushes/Safe to use Around Children & Plants",1.0,2021-09-16 21:34:59.857-04
Nature's MACE,"Nature's MACE Cat Repellent 1 Gallon Spray/Treats 3,000 Sq. Ft. / Keep Cat Out of Your Lawn and Garden/Train Your Cat to Stay Out of Bushes/Safe to use Around Children & Plants",1.0,2021-10-16 21:14:51.301-04
Nature's MACE,"Nature's MACE Cat Repellent 1 Gallon Spray/Treats 3,000 Sq. Ft. / Keep Cat Out of Your Lawn and Garden/Train Your Cat to Stay Out of Bushes/Safe to use Around Children & Plants",3.0,2019-04-29 00:27:31.884-04
Nature's MACE,"Nature's MACE Cat Repellent 1 Gallon Spray/Treats 3,000 Sq. Ft. / Keep Cat Out of Your Lawn and Garden/Train Your Cat to Stay Out of Bushes/Safe to use Around Children & Plants",2.0,2022-12-20 13:35:03.652-05
Nature's MACE,"Nature's MACE Cat Repellent 1 Gallon Spray/Treats 3,000 Sq. Ft. / Keep Cat Out of Your Lawn and Garden/Train Your Cat to Stay Out of Bushes/Safe to use Around Children & Plants",5.0,2018-08-16 16:29:02.256-04
Nature's MACE,"Nature's MACE Cat Repellent 1 Gallon Spray/Treats 3,000 Sq. Ft. / Keep Cat Out of Your Lawn and Garden/Train Your Cat to Stay Out of Bushes/Safe to use Around Children & Plants",1.0,2021-04-19 10:21:46.316-04
Nature's MACE,"Nature's MACE Cat Repellent 1 Gallon Spray/Treats 3,000 Sq. Ft. / Keep Cat Out of Your Lawn and Garden/Train Your Cat to Stay Out of Bushes/Safe to use Around Children & Plants",2.0,2022-12-15 14:35:11.989-05
Nature's MACE,"Nature's MACE Cat Repellent 1 Gallon Spray/Treats 3,000 Sq. Ft. / Keep Cat Out of Your Lawn and Garden/Train Your Cat to Stay Out of Bushes/Safe to use Around Children & Plants",1.0,2022-05-31 10:53:27.694-04
Nature's MACE,"Nature's MACE Cat Repellent 1 Gallon Spray/Treats 3,000 Sq. Ft. / Keep Cat Out of Your Lawn and Garden/Train Your Cat to Stay Out of Bushes/Safe to use Around Children & Plants",1.0,2022-12-16 14:15:44.978-05
Nature's MACE,"Nature's MACE Cat Repellent 1 Gallon Spray/Treats 3,000 Sq. Ft. / Keep Cat Out of Your Lawn and Garden/Train Your Cat to Stay Out of Bushes/Safe to use Around Children & Plants",3.0,2019-06-01 10:38:31.618-04
Nature's MACE,"Nature's MACE Cat Repellent 1 Gallon Spray/Treats 3,000 Sq. Ft. / Keep Cat Out of Your Lawn and Garden/Train Your Cat to Stay Out of Bushes/Safe to use Around Children & Plants",5.0,2021-08-15 12:00:38.373-04
Nature's MACE,"Nature's MACE Cat Repellent 1 Gallon Spray/Treats 3,000 Sq. Ft. / Keep Cat Out of Your Lawn and Garden/Train Your Cat to Stay Out of Bushes/Safe to use Around Children & Plants",1.0,2022-04-16 21:19:13.854-04
Nature's MACE,"Nature's MACE Cat Repellent 1 Gallon Spray/Treats 3,000 Sq. Ft. / Keep Cat Out of Your Lawn and Garden/Train Your Cat to Stay Out of Bushes/Safe to use Around Children & Plants",1.0,2021-03-09 17:54:22.564-05
Nature's MACE,"Nature's MACE Cat Repellent 1 Gallon Spray/Treats 3,000 Sq. Ft. / Keep Cat Out of Your Lawn and Garden/Train Your Cat to Stay Out of Bushes/Safe to use Around Children & Plants",1.0,2022-07-14 11:35:42.512-04
Nature's MACE,"Nature's MACE Cat Repellent 1 Gallon Spray/Treats 3,000 Sq. Ft. / Keep Cat Out of Your Lawn and Garden/Train Your Cat to Stay Out of Bushes/Safe to use Around Children & Plants",2.0,2021-08-01 14:14:24.478-04
Nature's MACE,"Nature's MACE Cat Repellent 1 Gallon Spray/Treats 3,000 Sq. Ft. / Keep Cat Out of Your Lawn and Garden/Train Your Cat to Stay Out of Bushes/Safe to use Around Children & Plants",1.0,2018-03-23 19:54:08.901-04
Nature's MACE,"Nature's MACE Cat Repellent 1 Gallon Spray/Treats 3,000 Sq. Ft. / Keep Cat Out of Your Lawn and Garden/Train Your Cat to Stay Out of Bushes/Safe to use Around Children & Plants",1.0,2021-09-20 18:40:50.583-04
Nature's MACE,"Nature's MACE Cat Repellent 1 Gallon Spray/Treats 3,000 Sq. Ft. / Keep Cat Out of Your Lawn and Garden/Train Your Cat to Stay Out of Bushes/Safe to use Around Children & Plants",5.0,2021-09-20 11:59:59.447-04
Nature's MACE,"Nature's MACE Cat Repellent 1 Gallon Spray/Treats 3,000 Sq. Ft. / Keep Cat Out of Your Lawn and Garden/Train Your Cat to Stay Out of Bushes/Safe to use Around Children & Plants",1.0,2021-09-12 13:54:33.635-04
Nature's MACE,"Nature's MACE Cat Repellent 1 Gallon Spray/Treats 3,000 Sq. Ft. / Keep Cat Out of Your Lawn and Garden/Train Your Cat to Stay Out of Bushes/Safe to use Around Children & Plants",1.0,2021-05-16 02:32:10.93-04
Nature's MACE,"Nature's MACE Cat Repellent 1 Gallon Spray/Treats 3,000 Sq. Ft. / Keep Cat Out of Your Lawn and Garden/Train Your Cat to Stay Out of Bushes/Safe to use Around Children & Plants",1.0,2020-03-06 16:29:51.117-05
Nature's MACE,"Nature's MACE Cat Repellent 1 Gallon Spray/Treats 3,000 Sq. Ft. / Keep Cat Out of Your Lawn and Garden/Train Your Cat to Stay Out of Bushes/Safe to use Around Children & Plants",1.0,2021-08-13 14:11:30.499-04
Nature's MACE,"Nature's MACE Cat Repellent 1 Gallon Spray/Treats 3,000 Sq. Ft. / Keep Cat Out of Your Lawn and Garden/Train Your Cat to Stay Out of Bushes/Safe to use Around Children & Plants",5.0,2022-08-03 15:18:06.354-04
Nature's MACE,"Nature's MACE Cat Repellent 1 Gallon Spray/Treats 3,000 Sq. Ft. / Keep Cat Out of Your Lawn and Garden/Train Your Cat to Stay Out of Bushes/Safe to use Around Children & Plants",1.0,2022-12-28 06:51:34.557-05
Nature's MACE,"Nature's MACE Cat Repellent 1 Gallon Spray/Treats 3,000 Sq. Ft. / Keep Cat Out of Your Lawn and Garden/Train Your Cat to Stay Out of Bushes/Safe to use Around Children & Plants",1.0,2018-10-04 14:05:45.803-04
Nature's MACE,"Nature's MACE Cat Repellent 1 Gallon Spray/Treats 3,000 Sq. Ft. / Keep Cat Out of Your Lawn and Garden/Train Your Cat to Stay Out of Bushes/Safe to use Around Children & Plants",1.0,2020-03-28 13:00:36.328-04
Nature's MACE,"Nature's MACE Cat Repellent 1 Gallon Spray/Treats 3,000 Sq. Ft. / Keep Cat Out of Your Lawn and Garden/Train Your Cat to Stay Out of Bushes/Safe to use Around Children & Plants",1.0,2018-08-13 11:26:40.32-04
Nature's MACE,"Nature's MACE Cat Repellent 1 Gallon Spray/Treats 3,000 Sq. Ft. / Keep Cat Out of Your Lawn and Garden/Train Your Cat to Stay Out of Bushes/Safe to use Around Children & Plants",1.0,2019-08-02 18:26:22.374-04
Nature's MACE,"Nature's MACE Cat Repellent 1 Gallon Spray/Treats 3,000 Sq. Ft. / Keep Cat Out of Your Lawn and Garden/Train Your Cat to Stay Out of Bushes/Safe to use Around Children & Plants",1.0,2023-02-14 19:27:48.058-05
Nature's MACE,"Nature's MACE Cat Repellent 1 Gallon Spray/Treats 3,000 Sq. Ft. / Keep Cat Out of Your Lawn and Garden/Train Your Cat to Stay Out of Bushes/Safe to use Around Children & Plants",4.0,2022-04-16 08:20:49.64-04
Nature's MACE,"Nature's MACE Cat Repellent 1 Gallon Spray/Treats 3,000 Sq. Ft. / Keep Cat Out of Your Lawn and Garden/Train Your Cat to Stay Out of Bushes/Safe to use Around Children & Plants",5.0,2019-05-28 00:46:46.185-04
Nature's MACE,"Nature's MACE Cat Repellent 1 Gallon Spray/Treats 3,000 Sq. Ft. / Keep Cat Out of Your Lawn and Garden/Train Your Cat to Stay Out of Bushes/Safe to use Around Children & Plants",3.0,2021-06-17 18:06:21.393-04
Nature's MACE,"Nature's MACE Cat Repellent 1 Gallon Spray/Treats 3,000 Sq. Ft. / Keep Cat Out of Your Lawn and Garden/Train Your Cat to Stay Out of Bushes/Safe to use Around Children & Plants",1.0,2021-05-25 22:45:12.601-04
Nature's MACE,"Nature's MACE Cat Repellent 1 Gallon Spray/Treats 3,000 Sq. Ft. / Keep Cat Out of Your Lawn and Garden/Train Your Cat to Stay Out of Bushes/Safe to use Around Children & Plants",1.0,2021-11-05 20:32:11.579-04
Nature's MACE,"Nature's MACE Cat Repellent 1 Gallon Spray/Treats 3,000 Sq. Ft. / Keep Cat Out of Your Lawn and Garden/Train Your Cat to Stay Out of Bushes/Safe to use Around Children & Plants",2.0,2019-12-24 15:51:15.291-05
Nature's MACE,"Nature's MACE Cat Repellent 1 Gallon Spray/Treats 3,000 Sq. Ft. / Keep Cat Out of Your Lawn and Garden/Train Your Cat to Stay Out of Bushes/Safe to use Around Children & Plants",4.0,2022-09-03 16:42:43.802-04
Nature's MACE,"Nature's MACE Cat Repellent 1 Gallon Spray/Treats 3,000 Sq. Ft. / Keep Cat Out of Your Lawn and Garden/Train Your Cat to Stay Out of Bushes/Safe to use Around Children & Plants",1.0,2022-04-28 13:53:25.155-04
Nature's MACE,"Nature's MACE Cat Repellent 1 Gallon Spray/Treats 3,000 Sq. Ft. / Keep Cat Out of Your Lawn and Garden/Train Your Cat to Stay Out of Bushes/Safe to use Around Children & Plants",1.0,2021-10-10 23:09:56.71-04
Nature's MACE,"Nature's MACE Cat Repellent 1 Gallon Spray/Treats 3,000 Sq. Ft. / Keep Cat Out of Your Lawn and Garden/Train Your Cat to Stay Out of Bushes/Safe to use Around Children & Plants",4.0,2021-06-17 13:29:41.384-04
Nature's MACE,"Nature's MACE Cat Repellent 1 Gallon Spray/Treats 3,000 Sq. Ft. / Keep Cat Out of Your Lawn and Garden/Train Your Cat to Stay Out of Bushes/Safe to use Around Children & Plants",5.0,2020-06-18 22:57:13.099-04
Nature's MACE,"Nature's MACE Cat Repellent 1 Gallon Spray/Treats 3,000 Sq. Ft. / Keep Cat Out of Your Lawn and Garden/Train Your Cat to Stay Out of Bushes/Safe to use Around Children & Plants",1.0,2019-07-31 17:29:13.577-04
Nature's MACE,"Nature's MACE Cat Repellent 1 Gallon Spray/Treats 3,000 Sq. Ft. / Keep Cat Out of Your Lawn and Garden/Train Your Cat to Stay Out of Bushes/Safe to use Around Children & Plants",1.0,2022-08-08 16:06:46.888-04
Nature's MACE,"Nature's MACE Cat Repellent 1 Gallon Spray/Treats 3,000 Sq. Ft. / Keep Cat Out of Your Lawn and Garden/Train Your Cat to Stay Out of Bushes/Safe to use Around Children & Plants",1.0,2022-08-07 01:01:54.697-04
Nature's MACE,"Nature's MACE Cat Repellent 1 Gallon Spray/Treats 3,000 Sq. Ft. / Keep Cat Out of Your Lawn and Garden/Train Your Cat to Stay Out of Bushes/Safe to use Around Children & Plants",4.0,2019-07-19 20:40:56.728-04
Nature's MACE,"Nature's MACE Cat Repellent 1 Gallon Spray/Treats 3,000 Sq. Ft. / Keep Cat Out of Your Lawn and Garden/Train Your Cat to Stay Out of Bushes/Safe to use Around Children & Plants",1.0,2019-09-22 20:54:40.341-04
Nature's MACE,"Nature's MACE Cat Repellent 1 Gallon Spray/Treats 3,000 Sq. Ft. / Keep Cat Out of Your Lawn and Garden/Train Your Cat to Stay Out of Bushes/Safe to use Around Children & Plants",1.0,2021-06-23 09:36:24.921-04
Nature's MACE,"Nature's MACE Cat Repellent 1 Gallon Spray/Treats 3,000 Sq. Ft. / Keep Cat Out of Your Lawn and Garden/Train Your Cat to Stay Out of Bushes/Safe to use Around Children & Plants",5.0,2020-02-10 08:33:10.453-05
Nature's MACE,"Nature's MACE Cat Repellent 1 Gallon Spray/Treats 3,000 Sq. Ft. / Keep Cat Out of Your Lawn and Garden/Train Your Cat to Stay Out of Bushes/Safe to use Around Children & Plants",5.0,2018-08-12 08:44:18.601-04
Nature's MACE,"Nature's MACE Cat Repellent 1 Gallon Spray/Treats 3,000 Sq. Ft. / Keep Cat Out of Your Lawn and Garden/Train Your Cat to Stay Out of Bushes/Safe to use Around Children & Plants",3.0,2018-05-01 20:28:47.838-04
Nature's MACE,"Nature's MACE Cat Repellent 1 Gallon Spray/Treats 3,000 Sq. Ft. / Keep Cat Out of Your Lawn and Garden/Train Your Cat to Stay Out of Bushes/Safe to use Around Children & Plants",1.0,2022-01-28 16:38:22.913-05
Nature's MACE,"Nature's MACE Cat Repellent 1 Gallon Spray/Treats 3,000 Sq. Ft. / Keep Cat Out of Your Lawn and Garden/Train Your Cat to Stay Out of Bushes/Safe to use Around Children & Plants",1.0,2021-07-05 02:11:03.73-04
Nature's MACE,"Nature's MACE Cat Repellent 1 Gallon Spray/Treats 3,000 Sq. Ft. / Keep Cat Out of Your Lawn and Garden/Train Your Cat to Stay Out of Bushes/Safe to use Around Children & Plants",1.0,2018-06-25 09:49:18.4-04
Nature's MACE,"Nature's MACE Cat Repellent 1 Gallon Spray/Treats 3,000 Sq. Ft. / Keep Cat Out of Your Lawn and Garden/Train Your Cat to Stay Out of Bushes/Safe to use Around Children & Plants",1.0,2020-07-02 22:40:09.45-04
Nature's MACE,"Nature's MACE Cat Repellent 1 Gallon Spray/Treats 3,000 Sq. Ft. / Keep Cat Out of Your Lawn and Garden/Train Your Cat to Stay Out of Bushes/Safe to use Around Children & Plants",2.0,2018-10-07 13:01:51.46-04
Nature's MACE,"Nature's MACE Cat Repellent 1 Gallon Spray/Treats 3,000 Sq. Ft. / Keep Cat Out of Your Lawn and Garden/Train Your Cat to Stay Out of Bushes/Safe to use Around Children & Plants",1.0,2020-03-10 17:00:39.127-04
Nature's MACE,"Nature's MACE Cat Repellent 1 Gallon Spray/Treats 3,000 Sq. Ft. / Keep Cat Out of Your Lawn and Garden/Train Your Cat to Stay Out of Bushes/Safe to use Around Children & Plants",1.0,2021-04-05 10:05:08.153-04
Nature's MACE,"Nature's MACE Cat Repellent 1 Gallon Spray/Treats 3,000 Sq. Ft. / Keep Cat Out of Your Lawn and Garden/Train Your Cat to Stay Out of Bushes/Safe to use Around Children & Plants",1.0,2022-01-15 10:34:54.218-05
Nature's MACE,"Nature's MACE Cat Repellent 1 Gallon Spray/Treats 3,000 Sq. Ft. / Keep Cat Out of Your Lawn and Garden/Train Your Cat to Stay Out of Bushes/Safe to use Around Children & Plants",1.0,2018-05-01 20:56:20.398-04
Nature's MACE,"Nature's MACE Cat Repellent 1 Gallon Spray/Treats 3,000 Sq. Ft. / Keep Cat Out of Your Lawn and Garden/Train Your Cat to Stay Out of Bushes/Safe to use Around Children & Plants",1.0,2022-07-11 17:29:27.898-04
Nature's MACE,"Nature's MACE Cat Repellent 1 Gallon Spray/Treats 3,000 Sq. Ft. / Keep Cat Out of Your Lawn and Garden/Train Your Cat to Stay Out of Bushes/Safe to use Around Children & Plants",1.0,2021-07-04 19:04:35.888-04
Nature's MACE,"Nature's MACE Cat Repellent 1 Gallon Spray/Treats 3,000 Sq. Ft. / Keep Cat Out of Your Lawn and Garden/Train Your Cat to Stay Out of Bushes/Safe to use Around Children & Plants",1.0,2021-03-24 09:15:11.306-04
Nature's MACE,"Nature's MACE Cat Repellent 1 Gallon Spray/Treats 3,000 Sq. Ft. / Keep Cat Out of Your Lawn and Garden/Train Your Cat to Stay Out of Bushes/Safe to use Around Children & Plants",5.0,2017-09-23 21:56:33.265-04
Nature's MACE,"Nature's MACE Cat Repellent 1 Gallon Spray/Treats 3,000 Sq. Ft. / Keep Cat Out of Your Lawn and Garden/Train Your Cat to Stay Out of Bushes/Safe to use Around Children & Plants",1.0,2021-08-11 09:47:20.072-04
Nature's MACE,"Nature's MACE Cat Repellent 1 Gallon Spray/Treats 3,000 Sq. Ft. / Keep Cat Out of Your Lawn and Garden/Train Your Cat to Stay Out of Bushes/Safe to use Around Children & Plants",3.0,2023-03-14 16:20:17.74-04
Nature's MACE,"Nature's MACE Cat Repellent 1 Gallon Spray/Treats 3,000 Sq. Ft. / Keep Cat Out of Your Lawn and Garden/Train Your Cat to Stay Out of Bushes/Safe to use Around Children & Plants",1.0,2023-02-12 09:31:20.113-05
Nature's MACE,"Nature's MACE Cat Repellent 1 Gallon Spray/Treats 3,000 Sq. Ft. / Keep Cat Out of Your Lawn and Garden/Train Your Cat to Stay Out of Bushes/Safe to use Around Children & Plants",1.0,2022-05-20 15:14:26.988-04
Nature's MACE,"Nature's MACE Cat Repellent 1 Gallon Spray/Treats 3,000 Sq. Ft. / Keep Cat Out of Your Lawn and Garden/Train Your Cat to Stay Out of Bushes/Safe to use Around Children & Plants",1.0,2022-01-12 08:59:52.334-05
Nature's MACE,"Nature's MACE Cat Repellent 1 Gallon Spray/Treats 3,000 Sq. Ft. / Keep Cat Out of Your Lawn and Garden/Train Your Cat to Stay Out of Bushes/Safe to use Around Children & Plants",1.0,2018-07-19 17:10:55.124-04
Nature's MACE,"Nature's MACE Cat Repellent 1 Gallon Spray/Treats 3,000 Sq. Ft. / Keep Cat Out of Your Lawn and Garden/Train Your Cat to Stay Out of Bushes/Safe to use Around Children & Plants",1.0,2018-09-16 16:14:35.651-04
Nature's MACE,"Nature's MACE Cat Repellent 1 Gallon Spray/Treats 3,000 Sq. Ft. / Keep Cat Out of Your Lawn and Garden/Train Your Cat to Stay Out of Bushes/Safe to use Around Children & Plants",1.0,2022-09-27 19:10:50.51-04
Nature's MACE,"Nature's MACE Cat Repellent 1 Gallon Spray/Treats 3,000 Sq. Ft. / Keep Cat Out of Your Lawn and Garden/Train Your Cat to Stay Out of Bushes/Safe to use Around Children & Plants",5.0,2020-11-19 14:36:14.192-05
Nature's MACE,"Nature's MACE Cat Repellent 1 Gallon Spray/Treats 3,000 Sq. Ft. / Keep Cat Out of Your Lawn and Garden/Train Your Cat to Stay Out of Bushes/Safe to use Around Children & Plants",4.0,2018-03-14 21:23:28.45-04
Nature's MACE,"Nature's MACE Cat Repellent 1 Gallon Spray/Treats 3,000 Sq. Ft. / Keep Cat Out of Your Lawn and Garden/Train Your Cat to Stay Out of Bushes/Safe to use Around Children & Plants",1.0,2019-08-16 12:11:16.683-04
Nature's MACE,"Nature's MACE Cat Repellent 1 Gallon Spray/Treats 3,000 Sq. Ft. / Keep Cat Out of Your Lawn and Garden/Train Your Cat to Stay Out of Bushes/Safe to use Around Children & Plants",5.0,2023-02-15 16:41:24.427-05
Nature's MACE,"Nature's MACE Cat Repellent 1 Gallon Spray/Treats 3,000 Sq. Ft. / Keep Cat Out of Your Lawn and Garden/Train Your Cat to Stay Out of Bushes/Safe to use Around Children & Plants",5.0,2023-02-10 11:39:59.405-05
Nature's MACE,"Nature's MACE Cat Repellent 1 Gallon Spray/Treats 3,000 Sq. Ft. / Keep Cat Out of Your Lawn and Garden/Train Your Cat to Stay Out of Bushes/Safe to use Around Children & Plants",1.0,2022-03-19 14:13:19.824-04
Nature's MACE,"Nature's MACE Cat Repellent 1 Gallon Spray/Treats 3,000 Sq. Ft. / Keep Cat Out of Your Lawn and Garden/Train Your Cat to Stay Out of Bushes/Safe to use Around Children & Plants",2.0,2021-06-28 21:54:31.772-04
Nature's MACE,"Nature's MACE Cat Repellent 1 Gallon Spray/Treats 3,000 Sq. Ft. / Keep Cat Out of Your Lawn and Garden/Train Your Cat to Stay Out of Bushes/Safe to use Around Children & Plants",1.0,2019-12-08 03:18:58.225-05
Nature's MACE,"Nature's MACE Cat Repellent 1 Gallon Spray/Treats 3,000 Sq. Ft. / Keep Cat Out of Your Lawn and Garden/Train Your Cat to Stay Out of Bushes/Safe to use Around Children & Plants",5.0,2022-06-23 01:43:32.362-04
Nature's MACE,"Nature's MACE Cat Repellent 1 Gallon Spray/Treats 3,000 Sq. Ft. / Keep Cat Out of Your Lawn and Garden/Train Your Cat to Stay Out of Bushes/Safe to use Around Children & Plants",4.0,2023-01-03 18:10:04.98-05
Nature's MACE,"Nature's MACE Cat Repellent 1 Gallon Spray/Treats 3,000 Sq. Ft. / Keep Cat Out of Your Lawn and Garden/Train Your Cat to Stay Out of Bushes/Safe to use Around Children & Plants",1.0,2022-11-16 17:55:13.35-05
Nature's MACE,"Nature's MACE Cat Repellent 1 Gallon Spray/Treats 3,000 Sq. Ft. / Keep Cat Out of Your Lawn and Garden/Train Your Cat to Stay Out of Bushes/Safe to use Around Children & Plants",1.0,2022-09-13 18:14:21.46-04
Nature's MACE,"Nature's MACE Cat Repellent 1 Gallon Spray/Treats 3,000 Sq. Ft. / Keep Cat Out of Your Lawn and Garden/Train Your Cat to Stay Out of Bushes/Safe to use Around Children & Plants",1.0,2018-10-20 13:10:16.802-04
Nature's MACE,"Nature's MACE Cat Repellent 1 Gallon Spray/Treats 3,000 Sq. Ft. / Keep Cat Out of Your Lawn and Garden/Train Your Cat to Stay Out of Bushes/Safe to use Around Children & Plants",1.0,2020-05-15 16:39:00.705-04
Nature's MACE,"Nature's MACE Cat Repellent 1 Gallon Spray/Treats 3,000 Sq. Ft. / Keep Cat Out of Your Lawn and Garden/Train Your Cat to Stay Out of Bushes/Safe to use Around Children & Plants",1.0,2023-03-16 21:07:42.465-04
Nature's MACE,"Nature's MACE Cat Repellent 1 Gallon Spray/Treats 3,000 Sq. Ft. / Keep Cat Out of Your Lawn and Garden/Train Your Cat to Stay Out of Bushes/Safe to use Around Children & Plants",5.0,2018-08-03 07:54:08.449-04
Nature's MACE,"Nature's MACE Cat Repellent 1 Gallon Spray/Treats 3,000 Sq. Ft. / Keep Cat Out of Your Lawn and Garden/Train Your Cat to Stay Out of Bushes/Safe to use Around Children & Plants",4.0,2021-08-07 12:57:35.411-04
Nature's MACE,"Nature's MACE Cat Repellent 1 Gallon Spray/Treats 3,000 Sq. Ft. / Keep Cat Out of Your Lawn and Garden/Train Your Cat to Stay Out of Bushes/Safe to use Around Children & Plants",5.0,2019-09-16 12:16:02.717-04
Nature's MACE,"Nature's MACE Cat Repellent 1 Gallon Spray/Treats 3,000 Sq. Ft. / Keep Cat Out of Your Lawn and Garden/Train Your Cat to Stay Out of Bushes/Safe to use Around Children & Plants",5.0,2022-01-30 19:00:31.74-05
Nature's MACE,"Nature's MACE Cat Repellent 1 Gallon Spray/Treats 3,000 Sq. Ft. / Keep Cat Out of Your Lawn and Garden/Train Your Cat to Stay Out of Bushes/Safe to use Around Children & Plants",1.0,2022-08-22 22:38:55.096-04
Nature's MACE,"Nature's MACE Cat Repellent 1 Gallon Spray/Treats 3,000 Sq. Ft. / Keep Cat Out of Your Lawn and Garden/Train Your Cat to Stay Out of Bushes/Safe to use Around Children & Plants",1.0,2020-11-17 14:48:26.377-05
Nature's MACE,"Nature's MACE Cat Repellent 1 Gallon Spray/Treats 3,000 Sq. Ft. / Keep Cat Out of Your Lawn and Garden/Train Your Cat to Stay Out of Bushes/Safe to use Around Children & Plants",3.0,2022-02-26 13:39:02.894-05
Nature's MACE,"Nature's MACE Cat Repellent 1 Gallon Spray/Treats 3,000 Sq. Ft. / Keep Cat Out of Your Lawn and Garden/Train Your Cat to Stay Out of Bushes/Safe to use Around Children & Plants",5.0,2019-09-17 13:05:53.679-04
Nature's MACE,"Nature's MACE Cat Repellent 1 Gallon Spray/Treats 3,000 Sq. Ft. / Keep Cat Out of Your Lawn and Garden/Train Your Cat to Stay Out of Bushes/Safe to use Around Children & Plants",5.0,2018-03-17 11:01:31.569-04
Nature's MACE,"Nature's MACE Cat Repellent 1 Gallon Spray/Treats 3,000 Sq. Ft. / Keep Cat Out of Your Lawn and Garden/Train Your Cat to Stay Out of Bushes/Safe to use Around Children & Plants",1.0,2022-08-11 14:27:17.999-04
Nature's MACE,"Nature's MACE Cat Repellent 1 Gallon Spray/Treats 3,000 Sq. Ft. / Keep Cat Out of Your Lawn and Garden/Train Your Cat to Stay Out of Bushes/Safe to use Around Children & Plants",5.0,2021-12-15 13:15:05.286-05
Nature's MACE,"Nature's MACE Cat Repellent 1 Gallon Spray/Treats 3,000 Sq. Ft. / Keep Cat Out of Your Lawn and Garden/Train Your Cat to Stay Out of Bushes/Safe to use Around Children & Plants",5.0,2019-05-23 14:45:52.264-04
Nature's MACE,"Nature's MACE Cat Repellent 1 Gallon Spray/Treats 3,000 Sq. Ft. / Keep Cat Out of Your Lawn and Garden/Train Your Cat to Stay Out of Bushes/Safe to use Around Children & Plants",1.0,2022-06-02 11:35:11.148-04
Nature's MACE,"Nature's MACE Cat Repellent 1 Gallon Spray/Treats 3,000 Sq. Ft. / Keep Cat Out of Your Lawn and Garden/Train Your Cat to Stay Out of Bushes/Safe to use Around Children & Plants",1.0,2018-07-17 22:30:36.531-04
Nature's MACE,"Nature's MACE Cat Repellent 1 Gallon Spray/Treats 3,000 Sq. Ft. / Keep Cat Out of Your Lawn and Garden/Train Your Cat to Stay Out of Bushes/Safe to use Around Children & Plants",5.0,2023-02-18 23:02:54.304-05
Nature's MACE,"Nature's MACE Cat Repellent 1 Gallon Spray/Treats 3,000 Sq. Ft. / Keep Cat Out of Your Lawn and Garden/Train Your Cat to Stay Out of Bushes/Safe to use Around Children & Plants",5.0,2023-03-16 11:54:44.816-04
Nature's MACE,"Nature's MACE Cat Repellent 1 Gallon Spray/Treats 3,000 Sq. Ft. / Keep Cat Out of Your Lawn and Garden/Train Your Cat to Stay Out of Bushes/Safe to use Around Children & Plants",1.0,2018-06-28 17:42:06.176-04
Nature's MACE,"Nature's MACE Cat Repellent 1 Gallon Spray/Treats 3,000 Sq. Ft. / Keep Cat Out of Your Lawn and Garden/Train Your Cat to Stay Out of Bushes/Safe to use Around Children & Plants",1.0,2019-05-06 06:44:18.927-04
Nature's MACE,"Nature's MACE Cat Repellent 1 Gallon Spray/Treats 3,000 Sq. Ft. / Keep Cat Out of Your Lawn and Garden/Train Your Cat to Stay Out of Bushes/Safe to use Around Children & Plants",1.0,2022-03-21 04:04:52.421-04
Nature's MACE,"Nature's MACE Cat Repellent 1 Gallon Spray/Treats 3,000 Sq. Ft. / Keep Cat Out of Your Lawn and Garden/Train Your Cat to Stay Out of Bushes/Safe to use Around Children & Plants",1.0,2020-12-29 15:53:39.129-05
Nature's MACE,"Nature's MACE Cat Repellent 1 Gallon Spray/Treats 3,000 Sq. Ft. / Keep Cat Out of Your Lawn and Garden/Train Your Cat to Stay Out of Bushes/Safe to use Around Children & Plants",2.0,2018-07-25 14:17:27.628-04
Nature's MACE,"Nature's MACE Cat Repellent 1 Gallon Spray/Treats 3,000 Sq. Ft. / Keep Cat Out of Your Lawn and Garden/Train Your Cat to Stay Out of Bushes/Safe to use Around Children & Plants",1.0,2022-01-08 08:28:21.689-05
Nature's MACE,"Nature's MACE Cat Repellent 1 Gallon Spray/Treats 3,000 Sq. Ft. / Keep Cat Out of Your Lawn and Garden/Train Your Cat to Stay Out of Bushes/Safe to use Around Children & Plants",5.0,2019-07-03 09:03:51.746-04
Nature's MACE,"Nature's MACE Cat Repellent 1 Gallon Spray/Treats 3,000 Sq. Ft. / Keep Cat Out of Your Lawn and Garden/Train Your Cat to Stay Out of Bushes/Safe to use Around Children & Plants",2.0,2023-03-16 09:06:46.659-04
Nature's MACE,"Nature's MACE Cat Repellent 1 Gallon Spray/Treats 3,000 Sq. Ft. / Keep Cat Out of Your Lawn and Garden/Train Your Cat to Stay Out of Bushes/Safe to use Around Children & Plants",5.0,2022-12-03 15:40:58.607-05
Nature's MACE,"Nature's MACE Cat Repellent 1 Gallon Spray/Treats 3,000 Sq. Ft. / Keep Cat Out of Your Lawn and Garden/Train Your Cat to Stay Out of Bushes/Safe to use Around Children & Plants",1.0,2019-03-25 00:35:26.587-04
Nature's MACE,"Nature's MACE Cat Repellent 1 Gallon Spray/Treats 3,000 Sq. Ft. / Keep Cat Out of Your Lawn and Garden/Train Your Cat to Stay Out of Bushes/Safe to use Around Children & Plants",5.0,2022-11-16 21:53:49.314-05
Nature's MACE,"Nature's MACE Cat Repellent 1 Gallon Spray/Treats 3,000 Sq. Ft. / Keep Cat Out of Your Lawn and Garden/Train Your Cat to Stay Out of Bushes/Safe to use Around Children & Plants",1.0,2021-02-08 11:10:54.529-05
Nature's MACE,"Nature's MACE Cat Repellent 1 Gallon Spray/Treats 3,000 Sq. Ft. / Keep Cat Out of Your Lawn and Garden/Train Your Cat to Stay Out of Bushes/Safe to use Around Children & Plants",5.0,2020-03-11 07:09:22.737-04
Nature's MACE,"Nature's MACE Cat Repellent 1 Gallon Spray/Treats 3,000 Sq. Ft. / Keep Cat Out of Your Lawn and Garden/Train Your Cat to Stay Out of Bushes/Safe to use Around Children & Plants",2.0,2020-01-28 17:23:10.919-05
Nature's MACE,"Nature's MACE Cat Repellent 1 Gallon Spray/Treats 3,000 Sq. Ft. / Keep Cat Out of Your Lawn and Garden/Train Your Cat to Stay Out of Bushes/Safe to use Around Children & Plants",1.0,2021-03-04 19:55:09.405-05
Nature's MACE,"Nature's MACE Cat Repellent 1 Gallon Spray/Treats 3,000 Sq. Ft. / Keep Cat Out of Your Lawn and Garden/Train Your Cat to Stay Out of Bushes/Safe to use Around Children & Plants",4.0,2018-07-22 13:47:53.897-04
Nature's MACE,"Nature's MACE Cat Repellent 1 Gallon Spray/Treats 3,000 Sq. Ft. / Keep Cat Out of Your Lawn and Garden/Train Your Cat to Stay Out of Bushes/Safe to use Around Children & Plants",1.0,2021-09-25 15:10:57.339-04
Nature's MACE,"Nature's MACE Cat Repellent 1 Gallon Spray/Treats 3,000 Sq. Ft. / Keep Cat Out of Your Lawn and Garden/Train Your Cat to Stay Out of Bushes/Safe to use Around Children & Plants",1.0,2021-05-03 14:29:37.263-04
Nature's MACE,"Nature's MACE Cat Repellent 1 Gallon Spray/Treats 3,000 Sq. Ft. / Keep Cat Out of Your Lawn and Garden/Train Your Cat to Stay Out of Bushes/Safe to use Around Children & Plants",1.0,2022-07-17 15:38:16.907-04
Nature's MACE,"Nature's MACE Cat Repellent 1 Gallon Spray/Treats 3,000 Sq. Ft. / Keep Cat Out of Your Lawn and Garden/Train Your Cat to Stay Out of Bushes/Safe to use Around Children & Plants",5.0,2021-10-15 22:03:14.978-04
Nature's MACE,"Nature's MACE Cat Repellent 1 Gallon Spray/Treats 3,000 Sq. Ft. / Keep Cat Out of Your Lawn and Garden/Train Your Cat to Stay Out of Bushes/Safe to use Around Children & Plants",5.0,2022-06-02 13:47:29.613-04
Nature's MACE,"Nature's MACE Cat Repellent 1 Gallon Spray/Treats 3,000 Sq. Ft. / Keep Cat Out of Your Lawn and Garden/Train Your Cat to Stay Out of Bushes/Safe to use Around Children & Plants",1.0,2022-11-29 11:40:44.497-05
Nature's MACE,"Nature's MACE Cat Repellent 1 Gallon Spray/Treats 3,000 Sq. Ft. / Keep Cat Out of Your Lawn and Garden/Train Your Cat to Stay Out of Bushes/Safe to use Around Children & Plants",1.0,2020-02-21 19:08:19.721-05
Nature's MACE,"Nature's MACE Cat Repellent 1 Gallon Spray/Treats 3,000 Sq. Ft. / Keep Cat Out of Your Lawn and Garden/Train Your Cat to Stay Out of Bushes/Safe to use Around Children & Plants",1.0,2022-06-04 14:21:27.162-04
Nature's MACE,"Nature's MACE Cat Repellent 1 Gallon Spray/Treats 3,000 Sq. Ft. / Keep Cat Out of Your Lawn and Garden/Train Your Cat to Stay Out of Bushes/Safe to use Around Children & Plants",1.0,2022-07-21 20:25:34.85-04
Nature's MACE,"Nature's MACE Cat Repellent 1 Gallon Spray/Treats 3,000 Sq. Ft. / Keep Cat Out of Your Lawn and Garden/Train Your Cat to Stay Out of Bushes/Safe to use Around Children & Plants",5.0,2022-06-27 19:24:56.449-04
Nature's MACE,"Nature's MACE Cat Repellent 1 Gallon Spray/Treats 3,000 Sq. Ft. / Keep Cat Out of Your Lawn and Garden/Train Your Cat to Stay Out of Bushes/Safe to use Around Children & Plants",1.0,2021-06-14 04:34:37.33-04
Nature's MACE,"Nature's MACE Cat Repellent 1 Gallon Spray/Treats 3,000 Sq. Ft. / Keep Cat Out of Your Lawn and Garden/Train Your Cat to Stay Out of Bushes/Safe to use Around Children & Plants",1.0,2023-02-03 08:36:46.609-05
Nature's MACE,"Nature's MACE Cat Repellent 1 Gallon Spray/Treats 3,000 Sq. Ft. / Keep Cat Out of Your Lawn and Garden/Train Your Cat to Stay Out of Bushes/Safe to use Around Children & Plants",3.0,2021-02-26 02:43:41.463-05
Nature's MACE,"Nature's MACE Cat Repellent 1 Gallon Spray/Treats 3,000 Sq. Ft. / Keep Cat Out of Your Lawn and Garden/Train Your Cat to Stay Out of Bushes/Safe to use Around Children & Plants",1.0,2019-04-20 10:37:52.552-04
Nature's MACE,"Nature's MACE Cat Repellent 1 Gallon Spray/Treats 3,000 Sq. Ft. / Keep Cat Out of Your Lawn and Garden/Train Your Cat to Stay Out of Bushes/Safe to use Around Children & Plants",3.0,2018-08-30 20:06:06.382-04
Nature's MACE,"Nature's MACE Cat Repellent 1 Gallon Spray/Treats 3,000 Sq. Ft. / Keep Cat Out of Your Lawn and Garden/Train Your Cat to Stay Out of Bushes/Safe to use Around Children & Plants",1.0,2021-06-09 12:30:52.073-04
Nature's MACE,"Nature's MACE Cat Repellent 1 Gallon Spray/Treats 3,000 Sq. Ft. / Keep Cat Out of Your Lawn and Garden/Train Your Cat to Stay Out of Bushes/Safe to use Around Children & Plants",1.0,2022-09-13 13:12:02.615-04
Nature's MACE,"Nature's MACE Cat Repellent 1 Gallon Spray/Treats 3,000 Sq. Ft. / Keep Cat Out of Your Lawn and Garden/Train Your Cat to Stay Out of Bushes/Safe to use Around Children & Plants",1.0,2021-01-05 13:08:26.989-05
Nature's MACE,"Nature's MACE Cat Repellent 1 Gallon Spray/Treats 3,000 Sq. Ft. / Keep Cat Out of Your Lawn and Garden/Train Your Cat to Stay Out of Bushes/Safe to use Around Children & Plants",5.0,2018-06-19 06:38:01.908-04
Nature's MACE,"Nature's MACE Cat Repellent 1 Gallon Spray/Treats 3,000 Sq. Ft. / Keep Cat Out of Your Lawn and Garden/Train Your Cat to Stay Out of Bushes/Safe to use Around Children & Plants",5.0,2021-08-03 13:24:20.751-04
Nature's MACE,"Nature's MACE Cat Repellent 1 Gallon Spray/Treats 3,000 Sq. Ft. / Keep Cat Out of Your Lawn and Garden/Train Your Cat to Stay Out of Bushes/Safe to use Around Children & Plants",1.0,2020-07-23 14:52:47.109-04
Nature's MACE,"Nature's MACE Cat Repellent 1 Gallon Spray/Treats 3,000 Sq. Ft. / Keep Cat Out of Your Lawn and Garden/Train Your Cat to Stay Out of Bushes/Safe to use Around Children & Plants",5.0,2021-06-07 13:34:24.684-04
Nature's MACE,"Nature's MACE Cat Repellent 1 Gallon Spray/Treats 3,000 Sq. Ft. / Keep Cat Out of Your Lawn and Garden/Train Your Cat to Stay Out of Bushes/Safe to use Around Children & Plants",1.0,2019-02-19 07:50:40.299-05
Nature's MACE,"Nature's MACE Cat Repellent 1 Gallon Spray/Treats 3,000 Sq. Ft. / Keep Cat Out of Your Lawn and Garden/Train Your Cat to Stay Out of Bushes/Safe to use Around Children & Plants",5.0,2021-08-05 19:24:28.271-04
Nature's MACE,"Nature's MACE Cat Repellent 1 Gallon Spray/Treats 3,000 Sq. Ft. / Keep Cat Out of Your Lawn and Garden/Train Your Cat to Stay Out of Bushes/Safe to use Around Children & Plants",5.0,2019-07-25 14:16:35.915-04
Nature's MACE,"Nature's MACE Cat Repellent 1 Gallon Spray/Treats 3,000 Sq. Ft. / Keep Cat Out of Your Lawn and Garden/Train Your Cat to Stay Out of Bushes/Safe to use Around Children & Plants",1.0,2020-03-06 20:07:56.98-05
Nature's MACE,"Nature's MACE Cat Repellent 1 Gallon Spray/Treats 3,000 Sq. Ft. / Keep Cat Out of Your Lawn and Garden/Train Your Cat to Stay Out of Bushes/Safe to use Around Children & Plants",1.0,2021-07-08 11:34:15.874-04
Nature's MACE,"Nature's MACE Cat Repellent 1 Gallon Spray/Treats 3,000 Sq. Ft. / Keep Cat Out of Your Lawn and Garden/Train Your Cat to Stay Out of Bushes/Safe to use Around Children & Plants",2.0,2023-03-18 13:33:07.988-04
Nature's MACE,"Nature's MACE Cat Repellent 1 Gallon Spray/Treats 3,000 Sq. Ft. / Keep Cat Out of Your Lawn and Garden/Train Your Cat to Stay Out of Bushes/Safe to use Around Children & Plants",5.0,2021-11-10 18:24:11.839-05
Nature's MACE,"Nature's MACE Cat Repellent 1 Gallon Spray/Treats 3,000 Sq. Ft. / Keep Cat Out of Your Lawn and Garden/Train Your Cat to Stay Out of Bushes/Safe to use Around Children & Plants",5.0,2022-04-20 09:18:36.422-04
Nature's MACE,"Nature's MACE Cat Repellent 1 Gallon Spray/Treats 3,000 Sq. Ft. / Keep Cat Out of Your Lawn and Garden/Train Your Cat to Stay Out of Bushes/Safe to use Around Children & Plants",1.0,2022-11-30 13:05:33.568-05
Nature's MACE,"Nature's MACE Cat Repellent 1 Gallon Spray/Treats 3,000 Sq. Ft. / Keep Cat Out of Your Lawn and Garden/Train Your Cat to Stay Out of Bushes/Safe to use Around Children & Plants",3.0,2018-05-05 11:59:34.905-04
Nature's MACE,"Nature's MACE Cat Repellent 1 Gallon Spray/Treats 3,000 Sq. Ft. / Keep Cat Out of Your Lawn and Garden/Train Your Cat to Stay Out of Bushes/Safe to use Around Children & Plants",5.0,2022-12-13 23:48:36.588-05
Nature's MACE,"Nature's MACE Cat Repellent 1 Gallon Spray/Treats 3,000 Sq. Ft. / Keep Cat Out of Your Lawn and Garden/Train Your Cat to Stay Out of Bushes/Safe to use Around Children & Plants",1.0,2022-07-07 14:05:18.318-04
Nature's MACE,"Nature's MACE Cat Repellent 1 Gallon Spray/Treats 3,000 Sq. Ft. / Keep Cat Out of Your Lawn and Garden/Train Your Cat to Stay Out of Bushes/Safe to use Around Children & Plants",3.0,2020-09-26 03:54:53.863-04
Nature's MACE,"Nature's MACE Cat Repellent 1 Gallon Spray/Treats 3,000 Sq. Ft. / Keep Cat Out of Your Lawn and Garden/Train Your Cat to Stay Out of Bushes/Safe to use Around Children & Plants",4.0,2019-02-19 18:13:40.985-05
Nature's MACE,"Nature's MACE Cat Repellent 1 Gallon Spray/Treats 3,000 Sq. Ft. / Keep Cat Out of Your Lawn and Garden/Train Your Cat to Stay Out of Bushes/Safe to use Around Children & Plants",5.0,2018-06-24 09:30:01.256-04
Nature's MACE,"Nature's MACE Cat Repellent 1 Gallon Spray/Treats 3,000 Sq. Ft. / Keep Cat Out of Your Lawn and Garden/Train Your Cat to Stay Out of Bushes/Safe to use Around Children & Plants",5.0,2019-09-15 11:45:19.086-04
Nature's MACE,"Nature's MACE Cat Repellent 1 Gallon Spray/Treats 3,000 Sq. Ft. / Keep Cat Out of Your Lawn and Garden/Train Your Cat to Stay Out of Bushes/Safe to use Around Children & Plants",2.0,2018-06-20 11:39:06.219-04
Nature's MACE,"Nature's MACE Cat Repellent 1 Gallon Spray/Treats 3,000 Sq. Ft. / Keep Cat Out of Your Lawn and Garden/Train Your Cat to Stay Out of Bushes/Safe to use Around Children & Plants",4.0,2018-05-03 10:01:12.746-04
Nature's MACE,"Nature's MACE Cat Repellent 1 Gallon Spray/Treats 3,000 Sq. Ft. / Keep Cat Out of Your Lawn and Garden/Train Your Cat to Stay Out of Bushes/Safe to use Around Children & Plants",5.0,2021-10-23 19:36:44.999-04
Nature's MACE,"Nature's MACE Cat Repellent 1 Gallon Spray/Treats 3,000 Sq. Ft. / Keep Cat Out of Your Lawn and Garden/Train Your Cat to Stay Out of Bushes/Safe to use Around Children & Plants",5.0,2022-02-26 18:06:56.53-05
Nature's MACE,"Nature's MACE Cat Repellent 1 Gallon Spray/Treats 3,000 Sq. Ft. / Keep Cat Out of Your Lawn and Garden/Train Your Cat to Stay Out of Bushes/Safe to use Around Children & Plants",5.0,2021-09-24 13:57:36.572-04
Nature's MACE,"Nature's MACE Cat Repellent 1 Gallon Spray/Treats 3,000 Sq. Ft. / Keep Cat Out of Your Lawn and Garden/Train Your Cat to Stay Out of Bushes/Safe to use Around Children & Plants",1.0,2022-05-25 02:41:33.013-04
Nature's MACE,"Nature's MACE Cat Repellent 1 Gallon Spray/Treats 3,000 Sq. Ft. / Keep Cat Out of Your Lawn and Garden/Train Your Cat to Stay Out of Bushes/Safe to use Around Children & Plants",1.0,2022-11-29 16:24:35.376-05
Nature's MACE,"Nature's MACE Cat Repellent 1 Gallon Spray/Treats 3,000 Sq. Ft. / Keep Cat Out of Your Lawn and Garden/Train Your Cat to Stay Out of Bushes/Safe to use Around Children & Plants",1.0,2021-07-10 07:23:09.618-04
Nature's MACE,"Nature's MACE Cat Repellent 1 Gallon Spray/Treats 3,000 Sq. Ft. / Keep Cat Out of Your Lawn and Garden/Train Your Cat to Stay Out of Bushes/Safe to use Around Children & Plants",1.0,2021-04-16 22:33:43.923-04
Nature's MACE,"Nature's MACE Cat Repellent 1 Gallon Spray/Treats 3,000 Sq. Ft. / Keep Cat Out of Your Lawn and Garden/Train Your Cat to Stay Out of Bushes/Safe to use Around Children & Plants",5.0,2021-08-02 15:47:00.996-04
Nature's MACE,"Nature's MACE Cat Repellent 1 Gallon Spray/Treats 3,000 Sq. Ft. / Keep Cat Out of Your Lawn and Garden/Train Your Cat to Stay Out of Bushes/Safe to use Around Children & Plants",1.0,2019-11-12 10:01:07.534-05
Nature's MACE,"Nature's MACE Cat Repellent 1 Gallon Spray/Treats 3,000 Sq. Ft. / Keep Cat Out of Your Lawn and Garden/Train Your Cat to Stay Out of Bushes/Safe to use Around Children & Plants",1.0,2021-09-25 07:29:56.64-04
Nature's MACE,"Nature's MACE Cat Repellent 1 Gallon Spray/Treats 3,000 Sq. Ft. / Keep Cat Out of Your Lawn and Garden/Train Your Cat to Stay Out of Bushes/Safe to use Around Children & Plants",1.0,2023-01-03 14:13:46.704-05
Nature's MACE,"Nature's MACE Cat Repellent 1 Gallon Spray/Treats 3,000 Sq. Ft. / Keep Cat Out of Your Lawn and Garden/Train Your Cat to Stay Out of Bushes/Safe to use Around Children & Plants",5.0,2022-08-01 18:20:46.045-04
Nature's MACE,"Nature's MACE Cat Repellent 1 Gallon Spray/Treats 3,000 Sq. Ft. / Keep Cat Out of Your Lawn and Garden/Train Your Cat to Stay Out of Bushes/Safe to use Around Children & Plants",4.0,2021-03-07 17:30:30.701-05
Nature's MACE,"Nature's MACE Cat Repellent 1 Gallon Spray/Treats 3,000 Sq. Ft. / Keep Cat Out of Your Lawn and Garden/Train Your Cat to Stay Out of Bushes/Safe to use Around Children & Plants",4.0,2018-10-15 12:33:14.352-04
Nature's MACE,"Nature's MACE Cat Repellent 1 Gallon Spray/Treats 3,000 Sq. Ft. / Keep Cat Out of Your Lawn and Garden/Train Your Cat to Stay Out of Bushes/Safe to use Around Children & Plants",1.0,2021-03-02 01:14:39.198-05
Nature's MACE,"Nature's MACE Cat Repellent 1 Gallon Spray/Treats 3,000 Sq. Ft. / Keep Cat Out of Your Lawn and Garden/Train Your Cat to Stay Out of Bushes/Safe to use Around Children & Plants",1.0,2023-02-19 10:56:36.377-05
Nature's MACE,"Nature's MACE Cat Repellent 1 Gallon Spray/Treats 3,000 Sq. Ft. / Keep Cat Out of Your Lawn and Garden/Train Your Cat to Stay Out of Bushes/Safe to use Around Children & Plants",1.0,2019-06-02 13:16:11.965-04
Nature's MACE,"Nature's MACE Cat Repellent 1 Gallon Spray/Treats 3,000 Sq. Ft. / Keep Cat Out of Your Lawn and Garden/Train Your Cat to Stay Out of Bushes/Safe to use Around Children & Plants",2.0,2021-04-19 22:04:01.613-04
Nature's MACE,"Nature's MACE Cat Repellent 1 Gallon Spray/Treats 3,000 Sq. Ft. / Keep Cat Out of Your Lawn and Garden/Train Your Cat to Stay Out of Bushes/Safe to use Around Children & Plants",5.0,2018-04-09 19:37:49.687-04
Nature's MACE,"Nature's MACE Cat Repellent 1 Gallon Spray/Treats 3,000 Sq. Ft. / Keep Cat Out of Your Lawn and Garden/Train Your Cat to Stay Out of Bushes/Safe to use Around Children & Plants",2.0,2018-09-21 11:57:11.963-04
Nature's MACE,"Nature's MACE Cat Repellent 1 Gallon Spray/Treats 3,000 Sq. Ft. / Keep Cat Out of Your Lawn and Garden/Train Your Cat to Stay Out of Bushes/Safe to use Around Children & Plants",1.0,2021-06-26 16:41:27.499-04
Nature's MACE,"Nature's MACE Cat Repellent 1 Gallon Spray/Treats 3,000 Sq. Ft. / Keep Cat Out of Your Lawn and Garden/Train Your Cat to Stay Out of Bushes/Safe to use Around Children & Plants",1.0,2020-09-12 18:20:32.613-04
Nature's MACE,"Nature's MACE Cat Repellent 1 Gallon Spray/Treats 3,000 Sq. Ft. / Keep Cat Out of Your Lawn and Garden/Train Your Cat to Stay Out of Bushes/Safe to use Around Children & Plants",1.0,2019-03-27 21:43:37.396-04
Nature's MACE,"Nature's MACE Cat Repellent 1 Gallon Spray/Treats 3,000 Sq. Ft. / Keep Cat Out of Your Lawn and Garden/Train Your Cat to Stay Out of Bushes/Safe to use Around Children & Plants",1.0,2021-02-22 13:25:12.233-05
Nature's MACE,"Nature's MACE Cat Repellent 1 Gallon Spray/Treats 3,000 Sq. Ft. / Keep Cat Out of Your Lawn and Garden/Train Your Cat to Stay Out of Bushes/Safe to use Around Children & Plants",1.0,2019-07-12 19:44:08.099-04
Nature's MACE,"Nature's MACE Cat Repellent 1 Gallon Spray/Treats 3,000 Sq. Ft. / Keep Cat Out of Your Lawn and Garden/Train Your Cat to Stay Out of Bushes/Safe to use Around Children & Plants",5.0,2020-08-07 08:41:13.374-04
Nature's MACE,"Nature's MACE Cat Repellent 1 Gallon Spray/Treats 3,000 Sq. Ft. / Keep Cat Out of Your Lawn and Garden/Train Your Cat to Stay Out of Bushes/Safe to use Around Children & Plants",5.0,2018-03-24 09:50:46.222-04
Nature's MACE,"Nature's MACE Cat Repellent 1 Gallon Spray/Treats 3,000 Sq. Ft. / Keep Cat Out of Your Lawn and Garden/Train Your Cat to Stay Out of Bushes/Safe to use Around Children & Plants",1.0,2019-06-16 01:58:26.858-04
Nature's MACE,"Nature's MACE Cat Repellent 1 Gallon Spray/Treats 3,000 Sq. Ft. / Keep Cat Out of Your Lawn and Garden/Train Your Cat to Stay Out of Bushes/Safe to use Around Children & Plants",5.0,2021-11-20 11:50:11.454-05
Nature's MACE,"Nature's MACE Cat Repellent 1 Gallon Spray/Treats 3,000 Sq. Ft. / Keep Cat Out of Your Lawn and Garden/Train Your Cat to Stay Out of Bushes/Safe to use Around Children & Plants",1.0,2019-11-06 09:40:04.919-05
Nature's MACE,"Nature's MACE Cat Repellent 1 Gallon Spray/Treats 3,000 Sq. Ft. / Keep Cat Out of Your Lawn and Garden/Train Your Cat to Stay Out of Bushes/Safe to use Around Children & Plants",3.0,2021-03-29 16:36:59.478-04
Nature's MACE,"Nature's MACE Cat Repellent 1 Gallon Spray/Treats 3,000 Sq. Ft. / Keep Cat Out of Your Lawn and Garden/Train Your Cat to Stay Out of Bushes/Safe to use Around Children & Plants",5.0,2023-01-23 18:16:43.182-05
Nature's MACE,"Nature's MACE Cat Repellent 1 Gallon Spray/Treats 3,000 Sq. Ft. / Keep Cat Out of Your Lawn and Garden/Train Your Cat to Stay Out of Bushes/Safe to use Around Children & Plants",4.0,2021-02-05 15:52:59.638-05
Nature's MACE,"Nature's MACE Cat Repellent 1 Gallon Spray/Treats 3,000 Sq. Ft. / Keep Cat Out of Your Lawn and Garden/Train Your Cat to Stay Out of Bushes/Safe to use Around Children & Plants",1.0,2022-05-31 18:59:10.385-04
Nature's MACE,"Nature's MACE Cat Repellent 1 Gallon Spray/Treats 3,000 Sq. Ft. / Keep Cat Out of Your Lawn and Garden/Train Your Cat to Stay Out of Bushes/Safe to use Around Children & Plants",5.0,2021-08-03 18:57:05.684-04
Nature's MACE,"Nature's MACE Cat Repellent 1 Gallon Spray/Treats 3,000 Sq. Ft. / Keep Cat Out of Your Lawn and Garden/Train Your Cat to Stay Out of Bushes/Safe to use Around Children & Plants",1.0,2021-06-02 11:55:05.682-04
Nature's MACE,"Nature's MACE Cat Repellent 1 Gallon Spray/Treats 3,000 Sq. Ft. / Keep Cat Out of Your Lawn and Garden/Train Your Cat to Stay Out of Bushes/Safe to use Around Children & Plants",4.0,2019-04-03 20:49:27.908-04
Nature's MACE,"Nature's MACE Cat Repellent 1 Gallon Spray/Treats 3,000 Sq. Ft. / Keep Cat Out of Your Lawn and Garden/Train Your Cat to Stay Out of Bushes/Safe to use Around Children & Plants",4.0,2023-02-10 17:51:48.606-05
Nature's MACE,"Nature's MACE Cat Repellent 1 Gallon Spray/Treats 3,000 Sq. Ft. / Keep Cat Out of Your Lawn and Garden/Train Your Cat to Stay Out of Bushes/Safe to use Around Children & Plants",3.0,2022-10-06 10:43:38.285-04
Nature's MACE,"Nature's MACE Cat Repellent 1 Gallon Spray/Treats 3,000 Sq. Ft. / Keep Cat Out of Your Lawn and Garden/Train Your Cat to Stay Out of Bushes/Safe to use Around Children & Plants",5.0,2022-12-05 20:39:11.047-05
Nature's MACE,"Nature's MACE Cat Repellent 1 Gallon Spray/Treats 3,000 Sq. Ft. / Keep Cat Out of Your Lawn and Garden/Train Your Cat to Stay Out of Bushes/Safe to use Around Children & Plants",5.0,2021-10-05 15:19:08.294-04
Nature's MACE,"Nature's MACE Cat Repellent 1 Gallon Spray/Treats 3,000 Sq. Ft. / Keep Cat Out of Your Lawn and Garden/Train Your Cat to Stay Out of Bushes/Safe to use Around Children & Plants",1.0,2021-12-24 12:31:03.914-05
Nature's MACE,"Nature's MACE Cat Repellent 1 Gallon Spray/Treats 3,000 Sq. Ft. / Keep Cat Out of Your Lawn and Garden/Train Your Cat to Stay Out of Bushes/Safe to use Around Children & Plants",4.0,2022-01-06 13:15:25.582-05
Nature's MACE,"Nature's MACE Cat Repellent 1 Gallon Spray/Treats 3,000 Sq. Ft. / Keep Cat Out of Your Lawn and Garden/Train Your Cat to Stay Out of Bushes/Safe to use Around Children & Plants",1.0,2019-05-08 00:10:13.138-04
Nature's MACE,"Nature's MACE Cat Repellent 1 Gallon Spray/Treats 3,000 Sq. Ft. / Keep Cat Out of Your Lawn and Garden/Train Your Cat to Stay Out of Bushes/Safe to use Around Children & Plants",5.0,2018-07-13 19:11:41.243-04
Nature's MACE,"Nature's MACE Cat Repellent 1 Gallon Spray/Treats 3,000 Sq. Ft. / Keep Cat Out of Your Lawn and Garden/Train Your Cat to Stay Out of Bushes/Safe to use Around Children & Plants",1.0,2022-02-22 15:35:56.526-05
Nature's MACE,"Nature's MACE Cat Repellent 1 Gallon Spray/Treats 3,000 Sq. Ft. / Keep Cat Out of Your Lawn and Garden/Train Your Cat to Stay Out of Bushes/Safe to use Around Children & Plants",4.0,2018-12-18 06:13:45.692-05
Nature's MACE,"Nature's MACE Cat Repellent 1 Gallon Spray/Treats 3,000 Sq. Ft. / Keep Cat Out of Your Lawn and Garden/Train Your Cat to Stay Out of Bushes/Safe to use Around Children & Plants",1.0,2023-01-21 17:43:06.422-05
Nature's MACE,"Nature's MACE Cat Repellent 1 Gallon Spray/Treats 3,000 Sq. Ft. / Keep Cat Out of Your Lawn and Garden/Train Your Cat to Stay Out of Bushes/Safe to use Around Children & Plants",1.0,2022-11-27 01:58:31.491-05
Nature's MACE,"Nature's MACE Cat Repellent 1 Gallon Spray/Treats 3,000 Sq. Ft. / Keep Cat Out of Your Lawn and Garden/Train Your Cat to Stay Out of Bushes/Safe to use Around Children & Plants",1.0,2021-09-06 23:08:08.662-04
Nature's MACE,"Nature's MACE Cat Repellent 1 Gallon Spray/Treats 3,000 Sq. Ft. / Keep Cat Out of Your Lawn and Garden/Train Your Cat to Stay Out of Bushes/Safe to use Around Children & Plants",3.0,2022-12-16 21:09:11.844-05
Nature's MACE,"Nature's MACE Cat Repellent 1 Gallon Spray/Treats 3,000 Sq. Ft. / Keep Cat Out of Your Lawn and Garden/Train Your Cat to Stay Out of Bushes/Safe to use Around Children & Plants",1.0,2021-06-21 21:10:29.09-04
Nature's MACE,"Nature's MACE Cat Repellent 1 Gallon Spray/Treats 3,000 Sq. Ft. / Keep Cat Out of Your Lawn and Garden/Train Your Cat to Stay Out of Bushes/Safe to use Around Children & Plants",5.0,2018-06-19 08:09:35.373-04
Nature's MACE,"Nature's MACE Cat Repellent 1 Gallon Spray/Treats 3,000 Sq. Ft. / Keep Cat Out of Your Lawn and Garden/Train Your Cat to Stay Out of Bushes/Safe to use Around Children & Plants",1.0,2019-05-22 21:35:27.298-04
Nature's MACE,"Nature's MACE Cat Repellent 1 Gallon Spray/Treats 3,000 Sq. Ft. / Keep Cat Out of Your Lawn and Garden/Train Your Cat to Stay Out of Bushes/Safe to use Around Children & Plants",5.0,2022-07-18 16:54:11.116-04
Nature's MACE,"Nature's MACE Cat Repellent 1 Gallon Spray/Treats 3,000 Sq. Ft. / Keep Cat Out of Your Lawn and Garden/Train Your Cat to Stay Out of Bushes/Safe to use Around Children & Plants",5.0,2022-06-25 19:04:05.391-04
Nature's MACE,"Nature's MACE Cat Repellent 1 Gallon Spray/Treats 3,000 Sq. Ft. / Keep Cat Out of Your Lawn and Garden/Train Your Cat to Stay Out of Bushes/Safe to use Around Children & Plants",4.0,2021-12-22 17:42:30.044-05
Nature's MACE,"Nature's MACE Cat Repellent 1 Gallon Spray/Treats 3,000 Sq. Ft. / Keep Cat Out of Your Lawn and Garden/Train Your Cat to Stay Out of Bushes/Safe to use Around Children & Plants",1.0,2021-11-02 11:30:19.528-04
Nature's MACE,"Nature's MACE Cat Repellent 1 Gallon Spray/Treats 3,000 Sq. Ft. / Keep Cat Out of Your Lawn and Garden/Train Your Cat to Stay Out of Bushes/Safe to use Around Children & Plants",5.0,2022-11-07 06:34:39.822-05
Nature's MACE,"Nature's MACE Cat Repellent 1 Gallon Spray/Treats 3,000 Sq. Ft. / Keep Cat Out of Your Lawn and Garden/Train Your Cat to Stay Out of Bushes/Safe to use Around Children & Plants",5.0,2021-04-14 15:19:22.654-04
Nature's MACE,"Nature's MACE Cat Repellent 1 Gallon Spray/Treats 3,000 Sq. Ft. / Keep Cat Out of Your Lawn and Garden/Train Your Cat to Stay Out of Bushes/Safe to use Around Children & Plants",1.0,2018-04-15 17:26:48.863-04
Nature's MACE,"Nature's MACE Cat Repellent 1 Gallon Spray/Treats 3,000 Sq. Ft. / Keep Cat Out of Your Lawn and Garden/Train Your Cat to Stay Out of Bushes/Safe to use Around Children & Plants",1.0,2022-07-12 18:30:26.79-04
Nature's MACE,"Nature's MACE Cat Repellent 1 Gallon Spray/Treats 3,000 Sq. Ft. / Keep Cat Out of Your Lawn and Garden/Train Your Cat to Stay Out of Bushes/Safe to use Around Children & Plants",4.0,2018-03-28 11:35:31.742-04
Nature's MACE,"Nature's MACE Cat Repellent 1 Gallon Spray/Treats 3,000 Sq. Ft. / Keep Cat Out of Your Lawn and Garden/Train Your Cat to Stay Out of Bushes/Safe to use Around Children & Plants",1.0,2021-01-18 13:03:23.809-05
Nature's MACE,"Nature's MACE Cat Repellent 1 Gallon Spray/Treats 3,000 Sq. Ft. / Keep Cat Out of Your Lawn and Garden/Train Your Cat to Stay Out of Bushes/Safe to use Around Children & Plants",1.0,2021-09-03 13:57:11.304-04
Nature's MACE,"Nature's MACE Cat Repellent 1 Gallon Spray/Treats 3,000 Sq. Ft. / Keep Cat Out of Your Lawn and Garden/Train Your Cat to Stay Out of Bushes/Safe to use Around Children & Plants",3.0,2020-05-26 06:23:26.14-04
Nature's MACE,"Nature's MACE Cat Repellent 1 Gallon Spray/Treats 3,000 Sq. Ft. / Keep Cat Out of Your Lawn and Garden/Train Your Cat to Stay Out of Bushes/Safe to use Around Children & Plants",1.0,2021-06-03 20:50:19.758-04
Nature's MACE,"Nature's MACE Cat Repellent 1 Gallon Spray/Treats 3,000 Sq. Ft. / Keep Cat Out of Your Lawn and Garden/Train Your Cat to Stay Out of Bushes/Safe to use Around Children & Plants",1.0,2021-02-03 09:37:42.461-05
Nature's MACE,"Nature's MACE Cat Repellent 1 Gallon Spray/Treats 3,000 Sq. Ft. / Keep Cat Out of Your Lawn and Garden/Train Your Cat to Stay Out of Bushes/Safe to use Around Children & Plants",4.0,2019-11-11 13:31:06.398-05
Nature's MACE,"Nature's MACE Cat Repellent 1 Gallon Spray/Treats 3,000 Sq. Ft. / Keep Cat Out of Your Lawn and Garden/Train Your Cat to Stay Out of Bushes/Safe to use Around Children & Plants",4.0,2022-07-15 17:01:45.356-04
Nature's MACE,"Nature's MACE Cat Repellent 1 Gallon Spray/Treats 3,000 Sq. Ft. / Keep Cat Out of Your Lawn and Garden/Train Your Cat to Stay Out of Bushes/Safe to use Around Children & Plants",5.0,2022-04-01 10:03:56.925-04
Nature's MACE,"Nature's MACE Cat Repellent 1 Gallon Spray/Treats 3,000 Sq. Ft. / Keep Cat Out of Your Lawn and Garden/Train Your Cat to Stay Out of Bushes/Safe to use Around Children & Plants",1.0,2022-08-28 18:23:06.207-04
Nature's MACE,"Nature's MACE Cat Repellent 1 Gallon Spray/Treats 3,000 Sq. Ft. / Keep Cat Out of Your Lawn and Garden/Train Your Cat to Stay Out of Bushes/Safe to use Around Children & Plants",4.0,2021-07-04 03:55:34-04
Nature's MACE,"Nature's MACE Cat Repellent 1 Gallon Spray/Treats 3,000 Sq. Ft. / Keep Cat Out of Your Lawn and Garden/Train Your Cat to Stay Out of Bushes/Safe to use Around Children & Plants",1.0,2021-06-25 13:24:15.549-04
Nature's MACE,"Nature's MACE Cat Repellent 1 Gallon Spray/Treats 3,000 Sq. Ft. / Keep Cat Out of Your Lawn and Garden/Train Your Cat to Stay Out of Bushes/Safe to use Around Children & Plants",2.0,2018-09-27 15:11:31.327-04
Nature's MACE,"Nature's MACE Cat Repellent 1 Gallon Spray/Treats 3,000 Sq. Ft. / Keep Cat Out of Your Lawn and Garden/Train Your Cat to Stay Out of Bushes/Safe to use Around Children & Plants",5.0,2022-08-17 16:38:04.834-04
Nature's MACE,"Nature's MACE Cat Repellent 1 Gallon Spray/Treats 3,000 Sq. Ft. / Keep Cat Out of Your Lawn and Garden/Train Your Cat to Stay Out of Bushes/Safe to use Around Children & Plants",1.0,2022-01-02 13:30:14.254-05
Nature's MACE,"Nature's MACE Cat Repellent 1 Gallon Spray/Treats 3,000 Sq. Ft. / Keep Cat Out of Your Lawn and Garden/Train Your Cat to Stay Out of Bushes/Safe to use Around Children & Plants",1.0,2022-02-06 19:35:28.116-05
Nature's MACE,"Nature's MACE Cat Repellent 1 Gallon Spray/Treats 3,000 Sq. Ft. / Keep Cat Out of Your Lawn and Garden/Train Your Cat to Stay Out of Bushes/Safe to use Around Children & Plants",5.0,2018-12-24 16:04:41.469-05
Nature's MACE,"Nature's MACE Cat Repellent 1 Gallon Spray/Treats 3,000 Sq. Ft. / Keep Cat Out of Your Lawn and Garden/Train Your Cat to Stay Out of Bushes/Safe to use Around Children & Plants",5.0,2022-07-20 21:04:14.357-04
Nature's MACE,"Nature's MACE Cat Repellent 1 Gallon Spray/Treats 3,000 Sq. Ft. / Keep Cat Out of Your Lawn and Garden/Train Your Cat to Stay Out of Bushes/Safe to use Around Children & Plants",5.0,2019-06-16 23:53:16.579-04
Nature's MACE,"Nature's MACE Cat Repellent 1 Gallon Spray/Treats 3,000 Sq. Ft. / Keep Cat Out of Your Lawn and Garden/Train Your Cat to Stay Out of Bushes/Safe to use Around Children & Plants",1.0,2021-05-01 16:38:23.403-04
Nature's MACE,"Nature's MACE Cat Repellent 1 Gallon Spray/Treats 3,000 Sq. Ft. / Keep Cat Out of Your Lawn and Garden/Train Your Cat to Stay Out of Bushes/Safe to use Around Children & Plants",5.0,2019-08-14 15:20:24.226-04
Nature's MACE,"Nature's MACE Cat Repellent 1 Gallon Spray/Treats 3,000 Sq. Ft. / Keep Cat Out of Your Lawn and Garden/Train Your Cat to Stay Out of Bushes/Safe to use Around Children & Plants",1.0,2022-04-27 21:57:50.791-04
Nature's MACE,"Nature's MACE Cat Repellent 1 Gallon Spray/Treats 3,000 Sq. Ft. / Keep Cat Out of Your Lawn and Garden/Train Your Cat to Stay Out of Bushes/Safe to use Around Children & Plants",5.0,2018-07-18 23:19:38.56-04
Nature's MACE,"Nature's MACE Cat Repellent 1 Gallon Spray/Treats 3,000 Sq. Ft. / Keep Cat Out of Your Lawn and Garden/Train Your Cat to Stay Out of Bushes/Safe to use Around Children & Plants",5.0,2018-05-31 17:01:45.179-04
Nature's MACE,"Nature's MACE Cat Repellent 1 Gallon Spray/Treats 3,000 Sq. Ft. / Keep Cat Out of Your Lawn and Garden/Train Your Cat to Stay Out of Bushes/Safe to use Around Children & Plants",5.0,2019-11-22 08:52:38.863-05
Nature's MACE,"Nature's MACE Cat Repellent 1 Gallon Spray/Treats 3,000 Sq. Ft. / Keep Cat Out of Your Lawn and Garden/Train Your Cat to Stay Out of Bushes/Safe to use Around Children & Plants",5.0,2020-09-05 15:03:57.693-04
Nature's MACE,"Nature's MACE Cat Repellent 1 Gallon Spray/Treats 3,000 Sq. Ft. / Keep Cat Out of Your Lawn and Garden/Train Your Cat to Stay Out of Bushes/Safe to use Around Children & Plants",1.0,2018-03-23 19:32:16.73-04
Nature's MACE,"Nature's MACE Cat Repellent 1 Gallon Spray/Treats 3,000 Sq. Ft. / Keep Cat Out of Your Lawn and Garden/Train Your Cat to Stay Out of Bushes/Safe to use Around Children & Plants",5.0,2018-05-16 09:42:16.051-04
Nature's MACE,"Nature's MACE Cat Repellent 1 Gallon Spray/Treats 3,000 Sq. Ft. / Keep Cat Out of Your Lawn and Garden/Train Your Cat to Stay Out of Bushes/Safe to use Around Children & Plants",1.0,2021-08-17 14:03:34.448-04
Nature's MACE,"Nature's MACE Cat Repellent 1 Gallon Spray/Treats 3,000 Sq. Ft. / Keep Cat Out of Your Lawn and Garden/Train Your Cat to Stay Out of Bushes/Safe to use Around Children & Plants",1.0,2019-07-12 10:42:00.928-04
Nature's MACE,"Nature's MACE Cat Repellent 1 Gallon Spray/Treats 3,000 Sq. Ft. / Keep Cat Out of Your Lawn and Garden/Train Your Cat to Stay Out of Bushes/Safe to use Around Children & Plants",4.0,2022-01-28 15:26:47.588-05
Nature's MACE,"Nature's MACE Cat Repellent 1 Gallon Spray/Treats 3,000 Sq. Ft. / Keep Cat Out of Your Lawn and Garden/Train Your Cat to Stay Out of Bushes/Safe to use Around Children & Plants",4.0,2018-01-10 14:33:48.494-05
Nature's MACE,"Nature's MACE Cat Repellent 1 Gallon Spray/Treats 3,000 Sq. Ft. / Keep Cat Out of Your Lawn and Garden/Train Your Cat to Stay Out of Bushes/Safe to use Around Children & Plants",1.0,2022-06-28 13:13:33.751-04
Nature's MACE,"Nature's MACE Cat Repellent 1 Gallon Spray/Treats 3,000 Sq. Ft. / Keep Cat Out of Your Lawn and Garden/Train Your Cat to Stay Out of Bushes/Safe to use Around Children & Plants",5.0,2019-09-08 10:39:43.91-04
Nature's MACE,"Nature's MACE Cat Repellent 1 Gallon Spray/Treats 3,000 Sq. Ft. / Keep Cat Out of Your Lawn and Garden/Train Your Cat to Stay Out of Bushes/Safe to use Around Children & Plants",1.0,2022-08-26 16:53:26.819-04
Nature's MACE,"Nature's MACE Cat Repellent 1 Gallon Spray/Treats 3,000 Sq. Ft. / Keep Cat Out of Your Lawn and Garden/Train Your Cat to Stay Out of Bushes/Safe to use Around Children & Plants",1.0,2022-09-14 14:06:41.971-04
Nature's MACE,"Nature's MACE Cat Repellent 1 Gallon Spray/Treats 3,000 Sq. Ft. / Keep Cat Out of Your Lawn and Garden/Train Your Cat to Stay Out of Bushes/Safe to use Around Children & Plants",1.0,2022-06-28 18:40:44.606-04
Nature's MACE,"Nature's MACE Cat Repellent 1 Gallon Spray/Treats 3,000 Sq. Ft. / Keep Cat Out of Your Lawn and Garden/Train Your Cat to Stay Out of Bushes/Safe to use Around Children & Plants",5.0,2019-01-01 14:19:50.637-05
Nature's MACE,"Nature's MACE Cat Repellent 1 Gallon Spray/Treats 3,000 Sq. Ft. / Keep Cat Out of Your Lawn and Garden/Train Your Cat to Stay Out of Bushes/Safe to use Around Children & Plants",1.0,2018-07-11 09:05:20.304-04
Nature's MACE,"Nature's MACE Cat Repellent 1 Gallon Spray/Treats 3,000 Sq. Ft. / Keep Cat Out of Your Lawn and Garden/Train Your Cat to Stay Out of Bushes/Safe to use Around Children & Plants",1.0,2019-07-19 10:00:20.441-04
Nature's MACE,"Nature's MACE Cat Repellent 1 Gallon Spray/Treats 3,000 Sq. Ft. / Keep Cat Out of Your Lawn and Garden/Train Your Cat to Stay Out of Bushes/Safe to use Around Children & Plants",5.0,2021-08-06 13:45:13.604-04
Nature's MACE,"Nature's MACE Cat Repellent 1 Gallon Spray/Treats 3,000 Sq. Ft. / Keep Cat Out of Your Lawn and Garden/Train Your Cat to Stay Out of Bushes/Safe to use Around Children & Plants",5.0,2022-05-07 15:50:08.298-04
Nature's MACE,"Nature's MACE Cat Repellent 1 Gallon Spray/Treats 3,000 Sq. Ft. / Keep Cat Out of Your Lawn and Garden/Train Your Cat to Stay Out of Bushes/Safe to use Around Children & Plants",2.0,2021-09-18 18:46:00.845-04
Nature's MACE,"Nature's MACE Cat Repellent 1 Gallon Spray/Treats 3,000 Sq. Ft. / Keep Cat Out of Your Lawn and Garden/Train Your Cat to Stay Out of Bushes/Safe to use Around Children & Plants",2.0,2020-05-06 20:00:56.694-04
Nature's MACE,"Nature's MACE Cat Repellent 1 Gallon Spray/Treats 3,000 Sq. Ft. / Keep Cat Out of Your Lawn and Garden/Train Your Cat to Stay Out of Bushes/Safe to use Around Children & Plants",1.0,2021-08-16 15:41:51.529-04
Nature's MACE,"Nature's MACE Cat Repellent 1 Gallon Spray/Treats 3,000 Sq. Ft. / Keep Cat Out of Your Lawn and Garden/Train Your Cat to Stay Out of Bushes/Safe to use Around Children & Plants",2.0,2020-06-16 11:13:16.856-04
Nature's MACE,"Nature's MACE Cat Repellent 1 Gallon Spray/Treats 3,000 Sq. Ft. / Keep Cat Out of Your Lawn and Garden/Train Your Cat to Stay Out of Bushes/Safe to use Around Children & Plants",5.0,2022-12-19 11:59:28.275-05
Nature's MACE,"Nature's MACE Cat Repellent 1 Gallon Spray/Treats 3,000 Sq. Ft. / Keep Cat Out of Your Lawn and Garden/Train Your Cat to Stay Out of Bushes/Safe to use Around Children & Plants",5.0,2022-03-04 21:47:36.996-05
Nature's MACE,"Nature's MACE Cat Repellent 1 Gallon Spray/Treats 3,000 Sq. Ft. / Keep Cat Out of Your Lawn and Garden/Train Your Cat to Stay Out of Bushes/Safe to use Around Children & Plants",1.0,2021-07-24 00:09:11.601-04
Nature's MACE,"Nature's MACE Cat Repellent 1 Gallon Spray/Treats 3,000 Sq. Ft. / Keep Cat Out of Your Lawn and Garden/Train Your Cat to Stay Out of Bushes/Safe to use Around Children & Plants",1.0,2020-01-01 14:07:02.435-05
Nature's MACE,"Nature's MACE Cat Repellent 1 Gallon Spray/Treats 3,000 Sq. Ft. / Keep Cat Out of Your Lawn and Garden/Train Your Cat to Stay Out of Bushes/Safe to use Around Children & Plants",3.0,2021-11-07 07:55:58.598-05
Nature's MACE,"Nature's MACE Cat Repellent 1 Gallon Spray/Treats 3,000 Sq. Ft. / Keep Cat Out of Your Lawn and Garden/Train Your Cat to Stay Out of Bushes/Safe to use Around Children & Plants",1.0,2022-05-07 01:42:01.242-04
Nature's MACE,"Nature's MACE Cat Repellent 1 Gallon Spray/Treats 3,000 Sq. Ft. / Keep Cat Out of Your Lawn and Garden/Train Your Cat to Stay Out of Bushes/Safe to use Around Children & Plants",5.0,2022-11-02 18:06:40.243-04
Nature's MACE,"Nature's MACE Cat Repellent 1 Gallon Spray/Treats 3,000 Sq. Ft. / Keep Cat Out of Your Lawn and Garden/Train Your Cat to Stay Out of Bushes/Safe to use Around Children & Plants",1.0,2021-10-24 18:41:39.616-04
Nature's MACE,"Nature's MACE Cat Repellent 1 Gallon Spray/Treats 3,000 Sq. Ft. / Keep Cat Out of Your Lawn and Garden/Train Your Cat to Stay Out of Bushes/Safe to use Around Children & Plants",1.0,2021-10-28 21:44:01.383-04
Nature's MACE,"Nature's MACE Cat Repellent 1 Gallon Spray/Treats 3,000 Sq. Ft. / Keep Cat Out of Your Lawn and Garden/Train Your Cat to Stay Out of Bushes/Safe to use Around Children & Plants",1.0,2021-08-11 19:28:31.528-04
Nature's MACE,"Nature's MACE Cat Repellent 1 Gallon Spray/Treats 3,000 Sq. Ft. / Keep Cat Out of Your Lawn and Garden/Train Your Cat to Stay Out of Bushes/Safe to use Around Children & Plants",3.0,2018-01-22 15:59:14.22-05
Nature's MACE,"Nature's MACE Cat Repellent 1 Gallon Spray/Treats 3,000 Sq. Ft. / Keep Cat Out of Your Lawn and Garden/Train Your Cat to Stay Out of Bushes/Safe to use Around Children & Plants",1.0,2018-06-05 16:01:13.732-04
Nature's MACE,"Nature's MACE Cat Repellent 1 Gallon Spray/Treats 3,000 Sq. Ft. / Keep Cat Out of Your Lawn and Garden/Train Your Cat to Stay Out of Bushes/Safe to use Around Children & Plants",2.0,2018-10-12 10:19:43.32-04
Nature's MACE,"Nature's MACE Cat Repellent 1 Gallon Spray/Treats 3,000 Sq. Ft. / Keep Cat Out of Your Lawn and Garden/Train Your Cat to Stay Out of Bushes/Safe to use Around Children & Plants",5.0,2018-09-12 10:23:12.747-04
Nature's MACE,"Nature's MACE Cat Repellent 1 Gallon Spray/Treats 3,000 Sq. Ft. / Keep Cat Out of Your Lawn and Garden/Train Your Cat to Stay Out of Bushes/Safe to use Around Children & Plants",3.0,2021-04-20 20:10:07.114-04
Nature's MACE,"Nature's MACE Cat Repellent 1 Gallon Spray/Treats 3,000 Sq. Ft. / Keep Cat Out of Your Lawn and Garden/Train Your Cat to Stay Out of Bushes/Safe to use Around Children & Plants",5.0,2018-08-24 18:59:29.742-04
Nature's MACE,"Nature's MACE Cat Repellent 1 Gallon Spray/Treats 3,000 Sq. Ft. / Keep Cat Out of Your Lawn and Garden/Train Your Cat to Stay Out of Bushes/Safe to use Around Children & Plants",1.0,2022-04-30 16:24:36.565-04
Nature's MACE,"Nature's MACE Cat Repellent 1 Gallon Spray/Treats 3,000 Sq. Ft. / Keep Cat Out of Your Lawn and Garden/Train Your Cat to Stay Out of Bushes/Safe to use Around Children & Plants",1.0,2021-03-02 03:23:55.753-05
Nature's MACE,"Nature's MACE Cat Repellent 1 Gallon Spray/Treats 3,000 Sq. Ft. / Keep Cat Out of Your Lawn and Garden/Train Your Cat to Stay Out of Bushes/Safe to use Around Children & Plants",4.0,2018-08-30 15:29:36.496-04
Nature's MACE,"Nature's MACE Cat Repellent 1 Gallon Spray/Treats 3,000 Sq. Ft. / Keep Cat Out of Your Lawn and Garden/Train Your Cat to Stay Out of Bushes/Safe to use Around Children & Plants",1.0,2018-11-20 18:26:54.14-05
Nature's MACE,"Nature's MACE Cat Repellent 1 Gallon Spray/Treats 3,000 Sq. Ft. / Keep Cat Out of Your Lawn and Garden/Train Your Cat to Stay Out of Bushes/Safe to use Around Children & Plants",5.0,2019-09-02 15:05:56.447-04
Nature's MACE,"Nature's MACE Cat Repellent 1 Gallon Spray/Treats 3,000 Sq. Ft. / Keep Cat Out of Your Lawn and Garden/Train Your Cat to Stay Out of Bushes/Safe to use Around Children & Plants",1.0,2019-09-23 15:05:31.362-04
Nature's MACE,"Nature's MACE Cat Repellent 1 Gallon Spray/Treats 3,000 Sq. Ft. / Keep Cat Out of Your Lawn and Garden/Train Your Cat to Stay Out of Bushes/Safe to use Around Children & Plants",5.0,2018-07-14 16:49:57.89-04
Nature's MACE,"Nature's MACE Cat Repellent 1 Gallon Spray/Treats 3,000 Sq. Ft. / Keep Cat Out of Your Lawn and Garden/Train Your Cat to Stay Out of Bushes/Safe to use Around Children & Plants",3.0,2022-08-09 16:31:15.141-04
Nature's MACE,"Nature's MACE Cat Repellent 1 Gallon Spray/Treats 3,000 Sq. Ft. / Keep Cat Out of Your Lawn and Garden/Train Your Cat to Stay Out of Bushes/Safe to use Around Children & Plants",5.0,2019-10-30 08:55:52.174-04
Nature's MACE,"Nature's MACE Cat Repellent 1 Gallon Spray/Treats 3,000 Sq. Ft. / Keep Cat Out of Your Lawn and Garden/Train Your Cat to Stay Out of Bushes/Safe to use Around Children & Plants",5.0,2023-03-03 14:19:08.708-05
Nature's MACE,"Nature's MACE Cat Repellent 1 Gallon Spray/Treats 3,000 Sq. Ft. / Keep Cat Out of Your Lawn and Garden/Train Your Cat to Stay Out of Bushes/Safe to use Around Children & Plants",2.0,2019-07-08 15:52:28.174-04
Nature's MACE,"Nature's MACE Cat Repellent 1 Gallon Spray/Treats 3,000 Sq. Ft. / Keep Cat Out of Your Lawn and Garden/Train Your Cat to Stay Out of Bushes/Safe to use Around Children & Plants",5.0,2019-10-05 02:39:06.796-04
Nature's MACE,"Nature's MACE Cat Repellent 1 Gallon Spray/Treats 3,000 Sq. Ft. / Keep Cat Out of Your Lawn and Garden/Train Your Cat to Stay Out of Bushes/Safe to use Around Children & Plants",2.0,2019-11-28 15:30:13.853-05
Nature's MACE,"Nature's MACE Cat Repellent 1 Gallon Spray/Treats 3,000 Sq. Ft. / Keep Cat Out of Your Lawn and Garden/Train Your Cat to Stay Out of Bushes/Safe to use Around Children & Plants",5.0,2019-08-17 02:54:04.688-04
Nature's MACE,"Nature's MACE Cat Repellent 1 Gallon Spray/Treats 3,000 Sq. Ft. / Keep Cat Out of Your Lawn and Garden/Train Your Cat to Stay Out of Bushes/Safe to use Around Children & Plants",1.0,2021-12-31 14:14:28.949-05
Nature's MACE,"Nature's MACE Cat Repellent 1 Gallon Spray/Treats 3,000 Sq. Ft. / Keep Cat Out of Your Lawn and Garden/Train Your Cat to Stay Out of Bushes/Safe to use Around Children & Plants",5.0,2021-01-14 21:56:39.252-05
Nature's MACE,"Nature's MACE Cat Repellent 1 Gallon Spray/Treats 3,000 Sq. Ft. / Keep Cat Out of Your Lawn and Garden/Train Your Cat to Stay Out of Bushes/Safe to use Around Children & Plants",4.0,2022-03-23 22:18:01.011-04
Nature's MACE,"Nature's MACE Cat Repellent 1 Gallon Spray/Treats 3,000 Sq. Ft. / Keep Cat Out of Your Lawn and Garden/Train Your Cat to Stay Out of Bushes/Safe to use Around Children & Plants",1.0,2022-02-09 22:28:08.278-05
Nature's MACE,"Nature's MACE Cat Repellent 1 Gallon Spray/Treats 3,000 Sq. Ft. / Keep Cat Out of Your Lawn and Garden/Train Your Cat to Stay Out of Bushes/Safe to use Around Children & Plants",5.0,2019-07-27 08:12:32.639-04
Nature's MACE,"Nature's MACE Cat Repellent 1 Gallon Spray/Treats 3,000 Sq. Ft. / Keep Cat Out of Your Lawn and Garden/Train Your Cat to Stay Out of Bushes/Safe to use Around Children & Plants",5.0,2021-07-26 17:21:39.664-04
Nature's MACE,"Nature's MACE Cat Repellent 1 Gallon Spray/Treats 3,000 Sq. Ft. / Keep Cat Out of Your Lawn and Garden/Train Your Cat to Stay Out of Bushes/Safe to use Around Children & Plants",5.0,2021-04-06 14:58:23.723-04
Nature's MACE,"Nature's MACE Cat Repellent 1 Gallon Spray/Treats 3,000 Sq. Ft. / Keep Cat Out of Your Lawn and Garden/Train Your Cat to Stay Out of Bushes/Safe to use Around Children & Plants",1.0,2017-11-12 20:32:27.49-05
Nature's MACE,"Nature's MACE Cat Repellent 1 Gallon Spray/Treats 3,000 Sq. Ft. / Keep Cat Out of Your Lawn and Garden/Train Your Cat to Stay Out of Bushes/Safe to use Around Children & Plants",3.0,2021-10-14 16:30:22.421-04
Nature's MACE,"Nature's MACE Cat Repellent 1 Gallon Spray/Treats 3,000 Sq. Ft. / Keep Cat Out of Your Lawn and Garden/Train Your Cat to Stay Out of Bushes/Safe to use Around Children & Plants",3.0,2020-02-20 16:13:40.296-05
Nature's MACE,"Nature's MACE Cat Repellent 1 Gallon Spray/Treats 3,000 Sq. Ft. / Keep Cat Out of Your Lawn and Garden/Train Your Cat to Stay Out of Bushes/Safe to use Around Children & Plants",4.0,2019-07-07 11:20:25.112-04
Nature's MACE,"Nature's MACE Cat Repellent 1 Gallon Spray/Treats 3,000 Sq. Ft. / Keep Cat Out of Your Lawn and Garden/Train Your Cat to Stay Out of Bushes/Safe to use Around Children & Plants",2.0,2021-12-16 07:45:38.756-05
Nature's MACE,"Nature's MACE Cat Repellent 1 Gallon Spray/Treats 3,000 Sq. Ft. / Keep Cat Out of Your Lawn and Garden/Train Your Cat to Stay Out of Bushes/Safe to use Around Children & Plants",4.0,2018-10-14 17:56:35.945-04
Nature's MACE,"Nature's MACE Cat Repellent 1 Gallon Spray/Treats 3,000 Sq. Ft. / Keep Cat Out of Your Lawn and Garden/Train Your Cat to Stay Out of Bushes/Safe to use Around Children & Plants",5.0,2021-10-02 14:22:15.041-04
Nature's MACE,"Nature's MACE Cat Repellent 1 Gallon Spray/Treats 3,000 Sq. Ft. / Keep Cat Out of Your Lawn and Garden/Train Your Cat to Stay Out of Bushes/Safe to use Around Children & Plants",5.0,2019-05-14 06:22:25.481-04
Nature's MACE,"Nature's MACE Cat Repellent 1 Gallon Spray/Treats 3,000 Sq. Ft. / Keep Cat Out of Your Lawn and Garden/Train Your Cat to Stay Out of Bushes/Safe to use Around Children & Plants",1.0,2022-02-16 11:18:33.905-05
Nature's MACE,"Nature's MACE Cat Repellent 1 Gallon Spray/Treats 3,000 Sq. Ft. / Keep Cat Out of Your Lawn and Garden/Train Your Cat to Stay Out of Bushes/Safe to use Around Children & Plants",2.0,2021-10-25 12:38:10.777-04
Nature's MACE,"Nature's MACE Cat Repellent 1 Gallon Spray/Treats 3,000 Sq. Ft. / Keep Cat Out of Your Lawn and Garden/Train Your Cat to Stay Out of Bushes/Safe to use Around Children & Plants",1.0,2022-09-25 15:37:38.431-04
Nature's MACE,"Nature's MACE Cat Repellent 1 Gallon Spray/Treats 3,000 Sq. Ft. / Keep Cat Out of Your Lawn and Garden/Train Your Cat to Stay Out of Bushes/Safe to use Around Children & Plants",2.0,2022-02-28 11:57:39.933-05
Nature's MACE,"Nature's MACE Cat Repellent 1 Gallon Spray/Treats 3,000 Sq. Ft. / Keep Cat Out of Your Lawn and Garden/Train Your Cat to Stay Out of Bushes/Safe to use Around Children & Plants",1.0,2020-03-16 13:05:02.065-04
Nature's MACE,"Nature's MACE Cat Repellent 1 Gallon Spray/Treats 3,000 Sq. Ft. / Keep Cat Out of Your Lawn and Garden/Train Your Cat to Stay Out of Bushes/Safe to use Around Children & Plants",5.0,2019-07-09 12:10:02.862-04
Nature's MACE,"Nature's MACE Cat Repellent 1 Gallon Spray/Treats 3,000 Sq. Ft. / Keep Cat Out of Your Lawn and Garden/Train Your Cat to Stay Out of Bushes/Safe to use Around Children & Plants",3.0,2021-03-12 09:04:08.561-05
Nature's MACE,"Nature's MACE Cat Repellent 1 Gallon Spray/Treats 3,000 Sq. Ft. / Keep Cat Out of Your Lawn and Garden/Train Your Cat to Stay Out of Bushes/Safe to use Around Children & Plants",3.0,2018-07-17 18:48:16.496-04
Nature's MACE,"Nature's MACE Cat Repellent 1 Gallon Spray/Treats 3,000 Sq. Ft. / Keep Cat Out of Your Lawn and Garden/Train Your Cat to Stay Out of Bushes/Safe to use Around Children & Plants",5.0,2018-10-23 21:17:42.438-04
Nature's MACE,"Nature's MACE Cat Repellent 1 Gallon Spray/Treats 3,000 Sq. Ft. / Keep Cat Out of Your Lawn and Garden/Train Your Cat to Stay Out of Bushes/Safe to use Around Children & Plants",2.0,2023-02-04 20:40:54.039-05
Nature's MACE,"Nature's MACE Cat Repellent 1 Gallon Spray/Treats 3,000 Sq. Ft. / Keep Cat Out of Your Lawn and Garden/Train Your Cat to Stay Out of Bushes/Safe to use Around Children & Plants",3.0,2021-08-04 17:37:19.938-04
Nature's MACE,"Nature's MACE Cat Repellent 1 Gallon Spray/Treats 3,000 Sq. Ft. / Keep Cat Out of Your Lawn and Garden/Train Your Cat to Stay Out of Bushes/Safe to use Around Children & Plants",1.0,2022-11-25 11:00:43.53-05
Nature's MACE,"Nature's MACE Cat Repellent 1 Gallon Spray/Treats 3,000 Sq. Ft. / Keep Cat Out of Your Lawn and Garden/Train Your Cat to Stay Out of Bushes/Safe to use Around Children & Plants",1.0,2021-02-07 11:35:53.502-05
Nature's MACE,"Nature's MACE Cat Repellent 1 Gallon Spray/Treats 3,000 Sq. Ft. / Keep Cat Out of Your Lawn and Garden/Train Your Cat to Stay Out of Bushes/Safe to use Around Children & Plants",1.0,2018-06-27 11:37:05.642-04
Nature's MACE,"Nature's MACE Cat Repellent 1 Gallon Spray/Treats 3,000 Sq. Ft. / Keep Cat Out of Your Lawn and Garden/Train Your Cat to Stay Out of Bushes/Safe to use Around Children & Plants",5.0,2021-09-24 21:43:55.848-04
Nature's MACE,"Nature's MACE Cat Repellent 1 Gallon Spray/Treats 3,000 Sq. Ft. / Keep Cat Out of Your Lawn and Garden/Train Your Cat to Stay Out of Bushes/Safe to use Around Children & Plants",3.0,2021-10-13 19:39:06.782-04
Nature's MACE,"Nature's MACE Cat Repellent 1 Gallon Spray/Treats 3,000 Sq. Ft. / Keep Cat Out of Your Lawn and Garden/Train Your Cat to Stay Out of Bushes/Safe to use Around Children & Plants",1.0,2021-09-22 20:45:05.566-04
Nature's MACE,"Nature's MACE Cat Repellent 1 Gallon Spray/Treats 3,000 Sq. Ft. / Keep Cat Out of Your Lawn and Garden/Train Your Cat to Stay Out of Bushes/Safe to use Around Children & Plants",1.0,2020-01-29 07:55:14.636-05
Nature's MACE,"Nature's MACE Cat Repellent 1 Gallon Spray/Treats 3,000 Sq. Ft. / Keep Cat Out of Your Lawn and Garden/Train Your Cat to Stay Out of Bushes/Safe to use Around Children & Plants",4.0,2017-09-23 16:26:30.451-04
Nature's MACE,"Nature's MACE Cat Repellent 1 Gallon Spray/Treats 3,000 Sq. Ft. / Keep Cat Out of Your Lawn and Garden/Train Your Cat to Stay Out of Bushes/Safe to use Around Children & Plants",1.0,2020-11-17 17:24:07.661-05
Nature's MACE,"Nature's MACE Cat Repellent 1 Gallon Spray/Treats 3,000 Sq. Ft. / Keep Cat Out of Your Lawn and Garden/Train Your Cat to Stay Out of Bushes/Safe to use Around Children & Plants",3.0,2020-03-14 17:50:49.719-04
Nature's MACE,"Nature's MACE Cat Repellent 1 Gallon Spray/Treats 3,000 Sq. Ft. / Keep Cat Out of Your Lawn and Garden/Train Your Cat to Stay Out of Bushes/Safe to use Around Children & Plants",1.0,2021-12-06 20:59:14.97-05
Nature's MACE,"Nature's MACE Cat Repellent 1 Gallon Spray/Treats 3,000 Sq. Ft. / Keep Cat Out of Your Lawn and Garden/Train Your Cat to Stay Out of Bushes/Safe to use Around Children & Plants",1.0,2022-11-21 18:30:42.609-05
Nature's MACE,"Nature's MACE Cat Repellent 1 Gallon Spray/Treats 3,000 Sq. Ft. / Keep Cat Out of Your Lawn and Garden/Train Your Cat to Stay Out of Bushes/Safe to use Around Children & Plants",1.0,2022-01-26 23:05:46.1-05
Nature's MACE,"Nature's MACE Cat Repellent 1 Gallon Spray/Treats 3,000 Sq. Ft. / Keep Cat Out of Your Lawn and Garden/Train Your Cat to Stay Out of Bushes/Safe to use Around Children & Plants",3.0,2022-06-05 22:38:44.781-04
Nature's MACE,"Nature's MACE Cat Repellent 1 Gallon Spray/Treats 3,000 Sq. Ft. / Keep Cat Out of Your Lawn and Garden/Train Your Cat to Stay Out of Bushes/Safe to use Around Children & Plants",5.0,2019-06-12 06:24:12.654-04
Nature's MACE,"Nature's MACE Cat Repellent 1 Gallon Spray/Treats 3,000 Sq. Ft. / Keep Cat Out of Your Lawn and Garden/Train Your Cat to Stay Out of Bushes/Safe to use Around Children & Plants",1.0,2022-03-05 23:47:12.977-05
Nature's MACE,"Nature's MACE Cat Repellent 1 Gallon Spray/Treats 3,000 Sq. Ft. / Keep Cat Out of Your Lawn and Garden/Train Your Cat to Stay Out of Bushes/Safe to use Around Children & Plants",2.0,2021-10-30 22:04:52.995-04
Nature's MACE,"Nature's MACE Cat Repellent 1 Gallon Spray/Treats 3,000 Sq. Ft. / Keep Cat Out of Your Lawn and Garden/Train Your Cat to Stay Out of Bushes/Safe to use Around Children & Plants",3.0,2023-01-14 15:00:10.845-05
Nature's MACE,"Nature's MACE Cat Repellent 1 Gallon Spray/Treats 3,000 Sq. Ft. / Keep Cat Out of Your Lawn and Garden/Train Your Cat to Stay Out of Bushes/Safe to use Around Children & Plants",4.0,2023-02-15 21:44:57.022-05
Nature's MACE,"Nature's MACE Cat Repellent 1 Gallon Spray/Treats 3,000 Sq. Ft. / Keep Cat Out of Your Lawn and Garden/Train Your Cat to Stay Out of Bushes/Safe to use Around Children & Plants",5.0,2021-01-03 18:15:50.861-05
Nature's MACE,"Nature's MACE Cat Repellent 1 Gallon Spray/Treats 3,000 Sq. Ft. / Keep Cat Out of Your Lawn and Garden/Train Your Cat to Stay Out of Bushes/Safe to use Around Children & Plants",1.0,2023-03-18 20:41:46.621-04
Nature's MACE,"Nature's MACE Cat Repellent 1 Gallon Spray/Treats 3,000 Sq. Ft. / Keep Cat Out of Your Lawn and Garden/Train Your Cat to Stay Out of Bushes/Safe to use Around Children & Plants",5.0,2019-07-28 14:50:50.413-04
Nature's MACE,"Nature's MACE Cat Repellent 1 Gallon Spray/Treats 3,000 Sq. Ft. / Keep Cat Out of Your Lawn and Garden/Train Your Cat to Stay Out of Bushes/Safe to use Around Children & Plants",5.0,2019-07-14 14:40:54.275-04
Nature's MACE,"Nature's MACE Cat Repellent 1 Gallon Spray/Treats 3,000 Sq. Ft. / Keep Cat Out of Your Lawn and Garden/Train Your Cat to Stay Out of Bushes/Safe to use Around Children & Plants",5.0,2018-06-12 15:44:16.396-04
Nature's MACE,"Nature's MACE Cat Repellent 1 Gallon Spray/Treats 3,000 Sq. Ft. / Keep Cat Out of Your Lawn and Garden/Train Your Cat to Stay Out of Bushes/Safe to use Around Children & Plants",3.0,2019-04-26 16:28:49.178-04
Nature's MACE,"Nature's MACE Cat Repellent 1 Gallon Spray/Treats 3,000 Sq. Ft. / Keep Cat Out of Your Lawn and Garden/Train Your Cat to Stay Out of Bushes/Safe to use Around Children & Plants",5.0,2021-12-17 14:34:26.261-05
Nature's MACE,"Nature's MACE Cat Repellent 1 Gallon Spray/Treats 3,000 Sq. Ft. / Keep Cat Out of Your Lawn and Garden/Train Your Cat to Stay Out of Bushes/Safe to use Around Children & Plants",1.0,2022-03-17 12:55:15.704-04
Nature's MACE,"Nature's MACE Cat Repellent 1 Gallon Spray/Treats 3,000 Sq. Ft. / Keep Cat Out of Your Lawn and Garden/Train Your Cat to Stay Out of Bushes/Safe to use Around Children & Plants",1.0,2022-02-24 12:03:23.109-05
Nature's MACE,"Nature's MACE Cat Repellent 1 Gallon Spray/Treats 3,000 Sq. Ft. / Keep Cat Out of Your Lawn and Garden/Train Your Cat to Stay Out of Bushes/Safe to use Around Children & Plants",2.0,2021-07-22 22:51:52.557-04
Nature's MACE,"Nature's MACE Cat Repellent 1 Gallon Spray/Treats 3,000 Sq. Ft. / Keep Cat Out of Your Lawn and Garden/Train Your Cat to Stay Out of Bushes/Safe to use Around Children & Plants",1.0,2021-06-30 07:18:20.959-04
Nature's MACE,"Nature's MACE Cat Repellent 1 Gallon Spray/Treats 3,000 Sq. Ft. / Keep Cat Out of Your Lawn and Garden/Train Your Cat to Stay Out of Bushes/Safe to use Around Children & Plants",1.0,2021-11-01 10:56:07.847-04
Nature's MACE,"Nature's MACE Cat Repellent 1 Gallon Spray/Treats 3,000 Sq. Ft. / Keep Cat Out of Your Lawn and Garden/Train Your Cat to Stay Out of Bushes/Safe to use Around Children & Plants",1.0,2019-05-02 08:02:15.705-04
Nature's MACE,"Nature's MACE Cat Repellent 1 Gallon Spray/Treats 3,000 Sq. Ft. / Keep Cat Out of Your Lawn and Garden/Train Your Cat to Stay Out of Bushes/Safe to use Around Children & Plants",1.0,2020-01-31 08:47:35.064-05
Nature's MACE,"Nature's MACE Cat Repellent 1 Gallon Spray/Treats 3,000 Sq. Ft. / Keep Cat Out of Your Lawn and Garden/Train Your Cat to Stay Out of Bushes/Safe to use Around Children & Plants",1.0,2023-02-04 15:23:23.797-05
Nature's MACE,"Nature's MACE Cat Repellent 1 Gallon Spray/Treats 3,000 Sq. Ft. / Keep Cat Out of Your Lawn and Garden/Train Your Cat to Stay Out of Bushes/Safe to use Around Children & Plants",2.0,2021-07-30 20:51:37.853-04
Nature's MACE,"Nature's MACE Cat Repellent 1 Gallon Spray/Treats 3,000 Sq. Ft. / Keep Cat Out of Your Lawn and Garden/Train Your Cat to Stay Out of Bushes/Safe to use Around Children & Plants",5.0,2019-07-21 16:10:36.486-04
Nature's MACE,"Nature's MACE Cat Repellent 1 Gallon Spray/Treats 3,000 Sq. Ft. / Keep Cat Out of Your Lawn and Garden/Train Your Cat to Stay Out of Bushes/Safe to use Around Children & Plants",1.0,2018-08-18 17:33:19.25-04
Nature's MACE,"Nature's MACE Cat Repellent 1 Gallon Spray/Treats 3,000 Sq. Ft. / Keep Cat Out of Your Lawn and Garden/Train Your Cat to Stay Out of Bushes/Safe to use Around Children & Plants",1.0,2021-08-29 00:34:05.795-04
Nature's MACE,"Nature's MACE Cat Repellent 1 Gallon Spray/Treats 3,000 Sq. Ft. / Keep Cat Out of Your Lawn and Garden/Train Your Cat to Stay Out of Bushes/Safe to use Around Children & Plants",1.0,2022-06-10 08:21:10.485-04
Nature's MACE,"Nature's MACE Cat Repellent 1 Gallon Spray/Treats 3,000 Sq. Ft. / Keep Cat Out of Your Lawn and Garden/Train Your Cat to Stay Out of Bushes/Safe to use Around Children & Plants",1.0,2019-04-27 16:27:59.342-04
Nature's MACE,"Nature's MACE Cat Repellent 1 Gallon Spray/Treats 3,000 Sq. Ft. / Keep Cat Out of Your Lawn and Garden/Train Your Cat to Stay Out of Bushes/Safe to use Around Children & Plants",1.0,2022-07-19 14:21:35.606-04
Nature's MACE,"Nature's MACE Cat Repellent 1 Gallon Spray/Treats 3,000 Sq. Ft. / Keep Cat Out of Your Lawn and Garden/Train Your Cat to Stay Out of Bushes/Safe to use Around Children & Plants",5.0,2019-05-19 09:04:06.471-04
Nature's MACE,"Nature's MACE Cat Repellent 1 Gallon Spray/Treats 3,000 Sq. Ft. / Keep Cat Out of Your Lawn and Garden/Train Your Cat to Stay Out of Bushes/Safe to use Around Children & Plants",1.0,2021-06-21 15:07:33.819-04
Nature's MACE,"Nature's MACE Cat Repellent 1 Gallon Spray/Treats 3,000 Sq. Ft. / Keep Cat Out of Your Lawn and Garden/Train Your Cat to Stay Out of Bushes/Safe to use Around Children & Plants",1.0,2022-11-28 07:17:26.143-05
Nature's MACE,"Nature's MACE Cat Repellent 1 Gallon Spray/Treats 3,000 Sq. Ft. / Keep Cat Out of Your Lawn and Garden/Train Your Cat to Stay Out of Bushes/Safe to use Around Children & Plants",1.0,2021-06-29 07:17:38.551-04
Nature's MACE,"Nature's MACE Cat Repellent 1 Gallon Spray/Treats 3,000 Sq. Ft. / Keep Cat Out of Your Lawn and Garden/Train Your Cat to Stay Out of Bushes/Safe to use Around Children & Plants",5.0,2020-12-22 19:02:28.7-05
Nature's MACE,"Nature's MACE Cat Repellent 1 Gallon Spray/Treats 3,000 Sq. Ft. / Keep Cat Out of Your Lawn and Garden/Train Your Cat to Stay Out of Bushes/Safe to use Around Children & Plants",5.0,2022-06-04 08:07:19.902-04
Nature's MACE,"Nature's MACE Cat Repellent 1 Gallon Spray/Treats 3,000 Sq. Ft. / Keep Cat Out of Your Lawn and Garden/Train Your Cat to Stay Out of Bushes/Safe to use Around Children & Plants",5.0,2020-05-06 08:09:31.862-04
Nature's MACE,"Nature's MACE Cat Repellent 1 Gallon Spray/Treats 3,000 Sq. Ft. / Keep Cat Out of Your Lawn and Garden/Train Your Cat to Stay Out of Bushes/Safe to use Around Children & Plants",3.0,2020-08-11 12:50:40.051-04
Nature's MACE,"Nature's MACE Cat Repellent 1 Gallon Spray/Treats 3,000 Sq. Ft. / Keep Cat Out of Your Lawn and Garden/Train Your Cat to Stay Out of Bushes/Safe to use Around Children & Plants",2.0,2022-12-06 07:12:16.602-05
Nature's MACE,"Nature's MACE Cat Repellent 1 Gallon Spray/Treats 3,000 Sq. Ft. / Keep Cat Out of Your Lawn and Garden/Train Your Cat to Stay Out of Bushes/Safe to use Around Children & Plants",1.0,2021-07-19 21:50:53.409-04
Nature's MACE,"Nature's MACE Cat Repellent 1 Gallon Spray/Treats 3,000 Sq. Ft. / Keep Cat Out of Your Lawn and Garden/Train Your Cat to Stay Out of Bushes/Safe to use Around Children & Plants",1.0,2019-11-13 21:42:53.594-05
Nature's MACE,"Nature's MACE Cat Repellent 1 Gallon Spray/Treats 3,000 Sq. Ft. / Keep Cat Out of Your Lawn and Garden/Train Your Cat to Stay Out of Bushes/Safe to use Around Children & Plants",1.0,2018-07-03 10:07:52.121-04
Nature's MACE,"Nature's MACE Cat Repellent 1 Gallon Spray/Treats 3,000 Sq. Ft. / Keep Cat Out of Your Lawn and Garden/Train Your Cat to Stay Out of Bushes/Safe to use Around Children & Plants",5.0,2019-06-22 15:13:18.816-04
Nature's MACE,"Nature's MACE Cat Repellent 1 Gallon Spray/Treats 3,000 Sq. Ft. / Keep Cat Out of Your Lawn and Garden/Train Your Cat to Stay Out of Bushes/Safe to use Around Children & Plants",5.0,2021-06-08 12:39:33.395-04
Nature's MACE,"Nature's MACE Cat Repellent 1 Gallon Spray/Treats 3,000 Sq. Ft. / Keep Cat Out of Your Lawn and Garden/Train Your Cat to Stay Out of Bushes/Safe to use Around Children & Plants",1.0,2022-03-12 15:03:57.13-05
Nature's MACE,"Nature's MACE Cat Repellent 1 Gallon Spray/Treats 3,000 Sq. Ft. / Keep Cat Out of Your Lawn and Garden/Train Your Cat to Stay Out of Bushes/Safe to use Around Children & Plants",1.0,2021-07-09 10:01:37.023-04
Nature's MACE,"Nature's MACE Cat Repellent 1 Gallon Spray/Treats 3,000 Sq. Ft. / Keep Cat Out of Your Lawn and Garden/Train Your Cat to Stay Out of Bushes/Safe to use Around Children & Plants",5.0,2022-08-27 14:38:40.221-04
Nature's MACE,"Nature's MACE Cat Repellent 1 Gallon Spray/Treats 3,000 Sq. Ft. / Keep Cat Out of Your Lawn and Garden/Train Your Cat to Stay Out of Bushes/Safe to use Around Children & Plants",5.0,2019-06-17 08:45:04.457-04
Nature's MACE,"Nature's MACE Cat Repellent 1 Gallon Spray/Treats 3,000 Sq. Ft. / Keep Cat Out of Your Lawn and Garden/Train Your Cat to Stay Out of Bushes/Safe to use Around Children & Plants",1.0,2019-12-03 15:11:40.487-05
Nature's MACE,"Nature's MACE Cat Repellent 1 Gallon Spray/Treats 3,000 Sq. Ft. / Keep Cat Out of Your Lawn and Garden/Train Your Cat to Stay Out of Bushes/Safe to use Around Children & Plants",3.0,2018-09-19 11:47:41.383-04
Nature's MACE,"Nature's MACE Cat Repellent 1 Gallon Spray/Treats 3,000 Sq. Ft. / Keep Cat Out of Your Lawn and Garden/Train Your Cat to Stay Out of Bushes/Safe to use Around Children & Plants",1.0,2019-09-21 16:50:05.949-04
Nature's MACE,"Nature's MACE Cat Repellent 1 Gallon Spray/Treats 3,000 Sq. Ft. / Keep Cat Out of Your Lawn and Garden/Train Your Cat to Stay Out of Bushes/Safe to use Around Children & Plants",3.0,2021-06-29 21:10:00.806-04
Nature's MACE,"Nature's MACE Cat Repellent 1 Gallon Spray/Treats 3,000 Sq. Ft. / Keep Cat Out of Your Lawn and Garden/Train Your Cat to Stay Out of Bushes/Safe to use Around Children & Plants",5.0,2022-05-24 12:49:55.956-04
Nature's MACE,"Nature's MACE Cat Repellent 1 Gallon Spray/Treats 3,000 Sq. Ft. / Keep Cat Out of Your Lawn and Garden/Train Your Cat to Stay Out of Bushes/Safe to use Around Children & Plants",1.0,2022-02-02 15:19:11.144-05
Nature's MACE,"Nature's MACE Cat Repellent 1 Gallon Spray/Treats 3,000 Sq. Ft. / Keep Cat Out of Your Lawn and Garden/Train Your Cat to Stay Out of Bushes/Safe to use Around Children & Plants",1.0,2021-02-17 11:19:07.351-05
Nature's MACE,"Nature's MACE Cat Repellent 1 Gallon Spray/Treats 3,000 Sq. Ft. / Keep Cat Out of Your Lawn and Garden/Train Your Cat to Stay Out of Bushes/Safe to use Around Children & Plants",5.0,2018-06-23 09:34:31.926-04
Nature's MACE,"Nature's MACE Cat Repellent 1 Gallon Spray/Treats 3,000 Sq. Ft. / Keep Cat Out of Your Lawn and Garden/Train Your Cat to Stay Out of Bushes/Safe to use Around Children & Plants",1.0,2022-04-14 10:38:47.014-04
Nature's MACE,"Nature's MACE Cat Repellent 1 Gallon Spray/Treats 3,000 Sq. Ft. / Keep Cat Out of Your Lawn and Garden/Train Your Cat to Stay Out of Bushes/Safe to use Around Children & Plants",1.0,2019-12-10 07:33:39.795-05
Nature's MACE,"Nature's MACE Cat Repellent 1 Gallon Spray/Treats 3,000 Sq. Ft. / Keep Cat Out of Your Lawn and Garden/Train Your Cat to Stay Out of Bushes/Safe to use Around Children & Plants",5.0,2019-10-08 18:58:05.936-04
Nature's MACE,"Nature's MACE Cat Repellent 1 Gallon Spray/Treats 3,000 Sq. Ft. / Keep Cat Out of Your Lawn and Garden/Train Your Cat to Stay Out of Bushes/Safe to use Around Children & Plants",5.0,2019-10-06 08:09:34.163-04
Nature's MACE,"Nature's MACE Cat Repellent 1 Gallon Spray/Treats 3,000 Sq. Ft. / Keep Cat Out of Your Lawn and Garden/Train Your Cat to Stay Out of Bushes/Safe to use Around Children & Plants",1.0,2022-12-11 15:58:34.585-05
Nature's MACE,"Nature's MACE Cat Repellent 1 Gallon Spray/Treats 3,000 Sq. Ft. / Keep Cat Out of Your Lawn and Garden/Train Your Cat to Stay Out of Bushes/Safe to use Around Children & Plants",5.0,2021-08-30 06:06:34.163-04
Nature's MACE,"Nature's MACE Cat Repellent 1 Gallon Spray/Treats 3,000 Sq. Ft. / Keep Cat Out of Your Lawn and Garden/Train Your Cat to Stay Out of Bushes/Safe to use Around Children & Plants",5.0,2017-07-21 23:56:22.657-04
Avon,"Avon SKIN-SO-SOFT Bug Guard PLUS IR3535® Insect Repellent Moisturizing Lotion - SPF 30 Gentle Breeze, 4 oz",5.0,2015-05-16 10:15:21-04
CHOMP!,"CHOMP! Shower Door Water Repellent: Healthier Home ShowerDoorMagic 6 in 1 Hard Water Stain Preventer for Glass, Fiberglass, Tile & More- Spot, Soap Scum, Calcium & Limescale Prevention 32 oz.",5.0,2021-07-19 04:49:50.797-04
Avon,"Avon SKIN-SO-SOFT Bug Guard PLUS IR3535® Insect Repellent Moisturizing Lotion - SPF 30 Gentle Breeze, 4 oz",5.0,2018-09-28 08:43:57.452-04
Avon,"Avon SKIN-SO-SOFT Bug Guard PLUS IR3535® Insect Repellent Moisturizing Lotion - SPF 30 Gentle Breeze, 4 oz",5.0,2017-04-26 15:47:25-04
JNxcel Salon Products,JNxcel Premium Quality Water Repellent Nylon/Polyester Fabric Hair Salon & Barber Hair Cutting & Shampoo Cape with Snap Closure (Purple Plum) …,5.0,2018-05-01 11:58:10.321-04
PetUlove,"PetUlove Handheld Dog Repellent,Dog Trainer 100% Pet & Human Safe G",5.0,2016-06-17 19:35:32-04
Avon,"Avon SKIN-SO-SOFT Bug Guard PLUS IR3535® Insect Repellent Moisturizing Lotion - SPF 30 Gentle Breeze, 4 oz",4.0,2012-07-04 01:21:13-04
Natural Armor,Natural Armor Lizard & Gecko Repellent Spray - Powerful Peppermint Formulation Repels All Types of Lizards & Geckos and Works Better Than Ultrasonic Gimmicks – 128 fl oz - Gallon Ready to Use,5.0,2021-04-25 06:20:50.643-04
Avon,"Avon SKIN-SO-SOFT Bug Guard PLUS IR3535® Insect Repellent Moisturizing Lotion - SPF 30 Gentle Breeze, 4 oz",5.0,2018-03-23 14:05:19.838-04
Avon,"Avon SKIN-SO-SOFT Bug Guard PLUS IR3535® Insect Repellent Moisturizing Lotion - SPF 30 Gentle Breeze, 4 oz",5.0,2017-07-18 10:10:05.494-04
Avon,"Avon SKIN-SO-SOFT Bug Guard PLUS IR3535® Insect Repellent Moisturizing Lotion - SPF 30 Gentle Breeze, 4 oz",1.0,2021-08-24 14:05:34.11-04
Avon,"Avon SKIN-SO-SOFT Bug Guard PLUS IR3535® Insect Repellent Moisturizing Lotion - SPF 30 Gentle Breeze, 4 oz",5.0,2017-03-05 18:06:36-05
Avon,"Avon SKIN-SO-SOFT Bug Guard PLUS IR3535® Insect Repellent Moisturizing Lotion - SPF 30 Gentle Breeze, 4 oz",5.0,2014-11-29 18:43:47-05
Avon,"Avon SKIN-SO-SOFT Bug Guard PLUS IR3535® Insect Repellent Moisturizing Lotion - SPF 30 Gentle Breeze, 4 oz",4.0,2014-11-06 09:40:29-05
Avon,"Avon SKIN-SO-SOFT Bug Guard PLUS IR3535® Insect Repellent Moisturizing Lotion - SPF 30 Gentle Breeze, 4 oz",4.0,2015-06-24 17:06:36-04
Avon,"Avon SKIN-SO-SOFT Bug Guard PLUS IR3535® Insect Repellent Moisturizing Lotion - SPF 30 Gentle Breeze, 4 oz",5.0,2016-07-05 18:13:06-04
Avon,"Avon SKIN-SO-SOFT Bug Guard PLUS IR3535® Insect Repellent Moisturizing Lotion - SPF 30 Gentle Breeze, 4 oz",5.0,2017-10-24 23:29:17.982-04
Avon,"Avon SKIN-SO-SOFT Bug Guard PLUS IR3535® Insect Repellent Moisturizing Lotion - SPF 30 Gentle Breeze, 4 oz",5.0,2016-02-08 18:37:29-05
Avon,"Avon SKIN-SO-SOFT Bug Guard PLUS IR3535® Insect Repellent Moisturizing Lotion - SPF 30 Gentle Breeze, 4 oz",5.0,2015-05-14 10:04:15-04
Avon,"Avon SKIN-SO-SOFT Bug Guard PLUS IR3535® Insect Repellent Moisturizing Lotion - SPF 30 Gentle Breeze, 4 oz",2.0,2019-05-22 22:03:35.298-04
Avon,"Avon SKIN-SO-SOFT Bug Guard PLUS IR3535® Insect Repellent Moisturizing Lotion - SPF 30 Gentle Breeze, 4 oz",5.0,2013-06-18 02:46:31-04
Avon,"Avon SKIN-SO-SOFT Bug Guard PLUS IR3535® Insect Repellent Moisturizing Lotion - SPF 30 Gentle Breeze, 4 oz",5.0,2012-04-23 13:09:05-04
Avon,"Avon SKIN-SO-SOFT Bug Guard PLUS IR3535® Insect Repellent Moisturizing Lotion - SPF 30 Gentle Breeze, 4 oz",5.0,2014-02-14 08:55:22-05
Avon,"Avon SKIN-SO-SOFT Bug Guard PLUS IR3535® Insect Repellent Moisturizing Lotion - SPF 30 Gentle Breeze, 4 oz",1.0,2016-04-12 10:04:51-04
Avon,"Avon SKIN-SO-SOFT Bug Guard PLUS IR3535® Insect Repellent Moisturizing Lotion - SPF 30 Gentle Breeze, 4 oz",1.0,2019-10-26 22:24:02.078-04
Avon,"Avon SKIN-SO-SOFT Bug Guard PLUS IR3535® Insect Repellent Moisturizing Lotion - SPF 30 Gentle Breeze, 4 oz",4.0,2014-07-08 09:21:25-04
Avon,"Avon SKIN-SO-SOFT Bug Guard PLUS IR3535® Insect Repellent Moisturizing Lotion - SPF 30 Gentle Breeze, 4 oz",5.0,2014-07-24 21:31:11-04
Avon,"Avon SKIN-SO-SOFT Bug Guard PLUS IR3535® Insect Repellent Moisturizing Lotion - SPF 30 Gentle Breeze, 4 oz",3.0,2018-06-16 10:59:37.091-04
Avon,"Avon SKIN-SO-SOFT Bug Guard PLUS IR3535® Insect Repellent Moisturizing Lotion - SPF 30 Gentle Breeze, 4 oz",1.0,2021-09-14 10:40:42.593-04
Avon,"Avon SKIN-SO-SOFT Bug Guard PLUS IR3535® Insect Repellent Moisturizing Lotion - SPF 30 Gentle Breeze, 4 oz",3.0,2010-02-22 07:53:25-05
Avon,"Avon SKIN-SO-SOFT Bug Guard PLUS IR3535® Insect Repellent Moisturizing Lotion - SPF 30 Gentle Breeze, 4 oz",5.0,2021-03-18 11:19:16.442-04
Avon,"Avon SKIN-SO-SOFT Bug Guard PLUS IR3535® Insect Repellent Moisturizing Lotion - SPF 30 Gentle Breeze, 4 oz",4.0,2017-05-08 17:16:25-04
Avon,"Avon SKIN-SO-SOFT Bug Guard PLUS IR3535® Insect Repellent Moisturizing Lotion - SPF 30 Gentle Breeze, 4 oz",5.0,2015-08-27 17:28:22-04
Avon,"Avon SKIN-SO-SOFT Bug Guard PLUS IR3535® Insect Repellent Moisturizing Lotion - SPF 30 Gentle Breeze, 4 oz",2.0,2015-08-13 17:35:33-04
Avon,"Avon SKIN-SO-SOFT Bug Guard PLUS IR3535® Insect Repellent Moisturizing Lotion - SPF 30 Gentle Breeze, 4 oz",5.0,2016-08-12 00:47:11-04
Avon,"Avon SKIN-SO-SOFT Bug Guard PLUS IR3535® Insect Repellent Moisturizing Lotion - SPF 30 Gentle Breeze, 4 oz",5.0,2014-09-23 23:36:01-04
Avon,"Avon SKIN-SO-SOFT Bug Guard PLUS IR3535® Insect Repellent Moisturizing Lotion - SPF 30 Gentle Breeze, 4 oz",5.0,2017-05-13 00:06:27-04
Avon,"Avon SKIN-SO-SOFT Bug Guard PLUS IR3535® Insect Repellent Moisturizing Lotion - SPF 30 Gentle Breeze, 4 oz",5.0,2013-10-24 07:27:10-04
Avon,"Avon SKIN-SO-SOFT Bug Guard PLUS IR3535® Insect Repellent Moisturizing Lotion - SPF 30 Gentle Breeze, 4 oz",5.0,2019-07-14 22:01:17.199-04
Avon,"Avon SKIN-SO-SOFT Bug Guard PLUS IR3535® Insect Repellent Moisturizing Lotion - SPF 30 Gentle Breeze, 4 oz",5.0,2016-01-12 14:17:55-05
Avon,"Avon SKIN-SO-SOFT Bug Guard PLUS IR3535® Insect Repellent Moisturizing Lotion - SPF 30 Gentle Breeze, 4 oz",5.0,2016-11-23 18:20:52-05
Avon,"Avon SKIN-SO-SOFT Bug Guard PLUS IR3535® Insect Repellent Moisturizing Lotion - SPF 30 Gentle Breeze, 4 oz",1.0,2019-07-12 19:12:43.971-04
Avon,"Avon SKIN-SO-SOFT Bug Guard PLUS IR3535® Insect Repellent Moisturizing Lotion - SPF 30 Gentle Breeze, 4 oz",4.0,2017-08-19 03:21:32.999-04
Avon,"Avon SKIN-SO-SOFT Bug Guard PLUS IR3535® Insect Repellent Moisturizing Lotion - SPF 30 Gentle Breeze, 4 oz",5.0,2015-01-19 07:23:46-05
Avon,"Avon SKIN-SO-SOFT Bug Guard PLUS IR3535® Insect Repellent Moisturizing Lotion - SPF 30 Gentle Breeze, 4 oz",2.0,2014-07-10 08:11:23-04
Avon,"Avon SKIN-SO-SOFT Bug Guard PLUS IR3535® Insect Repellent Moisturizing Lotion - SPF 30 Gentle Breeze, 4 oz",3.0,2022-08-20 06:54:29.238-04
Avon,"Avon SKIN-SO-SOFT Bug Guard PLUS IR3535® Insect Repellent Moisturizing Lotion - SPF 30 Gentle Breeze, 4 oz",1.0,2018-06-28 15:47:14.001-04
Avon,"Avon SKIN-SO-SOFT Bug Guard PLUS IR3535® Insect Repellent Moisturizing Lotion - SPF 30 Gentle Breeze, 4 oz",5.0,2015-10-23 23:52:53-04
Avon,"Avon SKIN-SO-SOFT Bug Guard PLUS IR3535® Insect Repellent Moisturizing Lotion - SPF 30 Gentle Breeze, 4 oz",5.0,2014-09-28 13:05:18-04
Avon,"Avon SKIN-SO-SOFT Bug Guard PLUS IR3535® Insect Repellent Moisturizing Lotion - SPF 30 Gentle Breeze, 4 oz",5.0,2016-07-27 21:33:49-04
Avon,"Avon SKIN-SO-SOFT Bug Guard PLUS IR3535® Insect Repellent Moisturizing Lotion - SPF 30 Gentle Breeze, 4 oz",1.0,2021-09-14 10:29:44.386-04
Avon,"Avon SKIN-SO-SOFT Bug Guard PLUS IR3535® Insect Repellent Moisturizing Lotion - SPF 30 Gentle Breeze, 4 oz",5.0,2015-05-12 13:07:18-04
Avon,"Avon SKIN-SO-SOFT Bug Guard PLUS IR3535® Insect Repellent Moisturizing Lotion - SPF 30 Gentle Breeze, 4 oz",1.0,2012-11-10 16:14:18-05
Avon,"Avon SKIN-SO-SOFT Bug Guard PLUS IR3535® Insect Repellent Moisturizing Lotion - SPF 30 Gentle Breeze, 4 oz",4.0,2014-07-31 13:34:26-04
Avon,"Avon SKIN-SO-SOFT Bug Guard PLUS IR3535® Insect Repellent Moisturizing Lotion - SPF 30 Gentle Breeze, 4 oz",4.0,2016-09-20 08:49:08-04
Avon,"Avon SKIN-SO-SOFT Bug Guard PLUS IR3535® Insect Repellent Moisturizing Lotion - SPF 30 Gentle Breeze, 4 oz",5.0,2015-07-01 15:03:45-04
Avon,"Avon SKIN-SO-SOFT Bug Guard PLUS IR3535® Insect Repellent Moisturizing Lotion - SPF 30 Gentle Breeze, 4 oz",4.0,2020-06-03 18:30:08.141-04
Avon,"Avon SKIN-SO-SOFT Bug Guard PLUS IR3535® Insect Repellent Moisturizing Lotion - SPF 30 Gentle Breeze, 4 oz",4.0,2012-05-27 10:52:49-04
Avon,"Avon SKIN-SO-SOFT Bug Guard PLUS IR3535® Insect Repellent Moisturizing Lotion - SPF 30 Gentle Breeze, 4 oz",3.0,2014-09-14 15:12:41-04
Avon,"Avon SKIN-SO-SOFT Bug Guard PLUS IR3535® Insect Repellent Moisturizing Lotion - SPF 30 Gentle Breeze, 4 oz",5.0,2016-07-31 18:34:14-04
Avon,"Avon SKIN-SO-SOFT Bug Guard PLUS IR3535® Insect Repellent Moisturizing Lotion - SPF 30 Gentle Breeze, 4 oz",5.0,2022-08-13 21:37:56.484-04
Avon,"Avon SKIN-SO-SOFT Bug Guard PLUS IR3535® Insect Repellent Moisturizing Lotion - SPF 30 Gentle Breeze, 4 oz",5.0,2012-11-08 12:49:19-05
Avon,"Avon SKIN-SO-SOFT Bug Guard PLUS IR3535® Insect Repellent Moisturizing Lotion - SPF 30 Gentle Breeze, 4 oz",3.0,2016-06-29 20:32:56-04
Avon,"Avon SKIN-SO-SOFT Bug Guard PLUS IR3535® Insect Repellent Moisturizing Lotion - SPF 30 Gentle Breeze, 4 oz",5.0,2013-05-10 23:51:18-04
Avon,"Avon SKIN-SO-SOFT Bug Guard PLUS IR3535® Insect Repellent Moisturizing Lotion - SPF 30 Gentle Breeze, 4 oz",3.0,2014-07-07 23:16:58-04
Avon,"Avon SKIN-SO-SOFT Bug Guard PLUS IR3535® Insect Repellent Moisturizing Lotion - SPF 30 Gentle Breeze, 4 oz",1.0,2020-04-20 01:19:31.689-04
Avon,"Avon SKIN-SO-SOFT Bug Guard PLUS IR3535® Insect Repellent Moisturizing Lotion - SPF 30 Gentle Breeze, 4 oz",5.0,2015-06-13 10:48:00-04
Avon,"Avon SKIN-SO-SOFT Bug Guard PLUS IR3535® Insect Repellent Moisturizing Lotion - SPF 30 Gentle Breeze, 4 oz",5.0,2019-06-06 15:22:05.023-04
Avon,"Avon SKIN-SO-SOFT Bug Guard PLUS IR3535® Insect Repellent Moisturizing Lotion - SPF 30 Gentle Breeze, 4 oz",5.0,2015-07-12 10:19:12-04
Avon,"Avon SKIN-SO-SOFT Bug Guard PLUS IR3535® Insect Repellent Moisturizing Lotion - SPF 30 Gentle Breeze, 4 oz",5.0,2016-06-29 17:17:30-04
Avon,"Avon SKIN-SO-SOFT Bug Guard PLUS IR3535® Insect Repellent Moisturizing Lotion - SPF 30 Gentle Breeze, 4 oz",5.0,2016-08-17 17:03:40-04
Avon,"Avon SKIN-SO-SOFT Bug Guard PLUS IR3535® Insect Repellent Moisturizing Lotion - SPF 30 Gentle Breeze, 4 oz",5.0,2017-07-03 15:32:01.787-04
Avon,"Avon SKIN-SO-SOFT Bug Guard PLUS IR3535® Insect Repellent Moisturizing Lotion - SPF 30 Gentle Breeze, 4 oz",5.0,2016-09-01 09:56:08-04
Avon,"Avon SKIN-SO-SOFT Bug Guard PLUS IR3535® Insect Repellent Moisturizing Lotion - SPF 30 Gentle Breeze, 4 oz",5.0,2012-09-20 08:36:49-04
Avon,"Avon SKIN-SO-SOFT Bug Guard PLUS IR3535® Insect Repellent Moisturizing Lotion - SPF 30 Gentle Breeze, 4 oz",5.0,2015-08-09 16:06:38-04
Avon,"Avon SKIN-SO-SOFT Bug Guard PLUS IR3535® Insect Repellent Moisturizing Lotion - SPF 30 Gentle Breeze, 4 oz",5.0,2019-07-13 11:17:31.24-04
Avon,"Avon SKIN-SO-SOFT Bug Guard PLUS IR3535® Insect Repellent Moisturizing Lotion - SPF 30 Gentle Breeze, 4 oz",5.0,2014-06-14 09:33:20-04
Avon,"Avon SKIN-SO-SOFT Bug Guard PLUS IR3535® Insect Repellent Moisturizing Lotion - SPF 30 Gentle Breeze, 4 oz",5.0,2016-10-19 15:09:09-04
Avon,"Avon SKIN-SO-SOFT Bug Guard PLUS IR3535® Insect Repellent Moisturizing Lotion - SPF 30 Gentle Breeze, 4 oz",5.0,2019-06-17 14:34:08.888-04
Avon,"Avon SKIN-SO-SOFT Bug Guard PLUS IR3535® Insect Repellent Moisturizing Lotion - SPF 30 Gentle Breeze, 4 oz",1.0,2021-06-13 00:46:47.376-04
Avon,"Avon SKIN-SO-SOFT Bug Guard PLUS IR3535® Insect Repellent Moisturizing Lotion - SPF 30 Gentle Breeze, 4 oz",5.0,2017-08-24 00:01:21.345-04
Avon,"Avon SKIN-SO-SOFT Bug Guard PLUS IR3535® Insect Repellent Moisturizing Lotion - SPF 30 Gentle Breeze, 4 oz",1.0,2016-02-03 07:59:08-05
Avon,"Avon SKIN-SO-SOFT Bug Guard PLUS IR3535® Insect Repellent Moisturizing Lotion - SPF 30 Gentle Breeze, 4 oz",5.0,2016-08-30 22:24:19-04
Avon,"Avon SKIN-SO-SOFT Bug Guard PLUS IR3535® Insect Repellent Moisturizing Lotion - SPF 30 Gentle Breeze, 4 oz",2.0,2015-05-03 11:53:40-04
Avon,"Avon SKIN-SO-SOFT Bug Guard PLUS IR3535® Insect Repellent Moisturizing Lotion - SPF 30 Gentle Breeze, 4 oz",5.0,2017-10-20 23:19:15.561-04
Avon,"Avon SKIN-SO-SOFT Bug Guard PLUS IR3535® Insect Repellent Moisturizing Lotion - SPF 30 Gentle Breeze, 4 oz",5.0,2016-06-07 19:56:31-04
Avon,"Avon SKIN-SO-SOFT Bug Guard PLUS IR3535® Insect Repellent Moisturizing Lotion - SPF 30 Gentle Breeze, 4 oz",4.0,2014-09-15 06:52:23-04
Avon,"Avon SKIN-SO-SOFT Bug Guard PLUS IR3535® Insect Repellent Moisturizing Lotion - SPF 30 Gentle Breeze, 4 oz",5.0,2017-05-31 14:50:15-04
Avon,"Avon SKIN-SO-SOFT Bug Guard PLUS IR3535® Insect Repellent Moisturizing Lotion - SPF 30 Gentle Breeze, 4 oz",5.0,2014-12-22 18:42:50-05
Avon,"Avon SKIN-SO-SOFT Bug Guard PLUS IR3535® Insect Repellent Moisturizing Lotion - SPF 30 Gentle Breeze, 4 oz",5.0,2019-07-31 00:52:24.859-04
Avon,"Avon SKIN-SO-SOFT Bug Guard PLUS IR3535® Insect Repellent Moisturizing Lotion - SPF 30 Gentle Breeze, 4 oz",5.0,2016-11-30 12:35:09-05
Avon,"Avon SKIN-SO-SOFT Bug Guard PLUS IR3535® Insect Repellent Moisturizing Lotion - SPF 30 Gentle Breeze, 4 oz",5.0,2016-12-18 01:17:10-05
Avon,"Avon SKIN-SO-SOFT Bug Guard PLUS IR3535® Insect Repellent Moisturizing Lotion - SPF 30 Gentle Breeze, 4 oz",5.0,2017-11-26 18:01:53.61-05
Avon,"Avon SKIN-SO-SOFT Bug Guard PLUS IR3535® Insect Repellent Moisturizing Lotion - SPF 30 Gentle Breeze, 4 oz",5.0,2013-08-26 16:04:57-04
Avon,"Avon SKIN-SO-SOFT Bug Guard PLUS IR3535® Insect Repellent Moisturizing Lotion - SPF 30 Gentle Breeze, 4 oz",5.0,2017-06-19 13:44:40.841-04
Avon,"Avon SKIN-SO-SOFT Bug Guard PLUS IR3535® Insect Repellent Moisturizing Lotion - SPF 30 Gentle Breeze, 4 oz",5.0,2019-05-30 07:56:32.208-04
Avon,"Avon SKIN-SO-SOFT Bug Guard PLUS IR3535® Insect Repellent Moisturizing Lotion - SPF 30 Gentle Breeze, 4 oz",5.0,2015-09-02 19:45:30-04
Avon,"Avon SKIN-SO-SOFT Bug Guard PLUS IR3535® Insect Repellent Moisturizing Lotion - SPF 30 Gentle Breeze, 4 oz",5.0,2016-06-18 07:20:28-04
Avon,"Avon SKIN-SO-SOFT Bug Guard PLUS IR3535® Insect Repellent Moisturizing Lotion - SPF 30 Gentle Breeze, 4 oz",3.0,2016-10-18 14:12:13-04
Avon,"Avon SKIN-SO-SOFT Bug Guard PLUS IR3535® Insect Repellent Moisturizing Lotion - SPF 30 Gentle Breeze, 4 oz",4.0,2016-09-25 20:45:12-04
Avon,"Avon SKIN-SO-SOFT Bug Guard PLUS IR3535® Insect Repellent Moisturizing Lotion - SPF 30 Gentle Breeze, 4 oz",5.0,2019-07-03 12:17:49.595-04
Avon,"Avon SKIN-SO-SOFT Bug Guard PLUS IR3535® Insect Repellent Moisturizing Lotion - SPF 30 Gentle Breeze, 4 oz",2.0,2015-11-12 17:31:56-05
Avon,"Avon SKIN-SO-SOFT Bug Guard PLUS IR3535® Insect Repellent Moisturizing Lotion - SPF 30 Gentle Breeze, 4 oz",5.0,2020-08-21 10:04:55.777-04
Avon,"Avon SKIN-SO-SOFT Bug Guard PLUS IR3535® Insect Repellent Moisturizing Lotion - SPF 30 Gentle Breeze, 4 oz",5.0,2015-05-21 11:41:50-04
Avon,"Avon SKIN-SO-SOFT Bug Guard PLUS IR3535® Insect Repellent Moisturizing Lotion - SPF 30 Gentle Breeze, 4 oz",5.0,2020-03-01 00:38:45.877-05
Avon,"Avon SKIN-SO-SOFT Bug Guard PLUS IR3535® Insect Repellent Moisturizing Lotion - SPF 30 Gentle Breeze, 4 oz",3.0,2016-08-08 15:10:32-04
Avon,"Avon SKIN-SO-SOFT Bug Guard PLUS IR3535® Insect Repellent Moisturizing Lotion - SPF 30 Gentle Breeze, 4 oz",5.0,2020-07-20 22:38:03.365-04
Avon,"Avon SKIN-SO-SOFT Bug Guard PLUS IR3535® Insect Repellent Moisturizing Lotion - SPF 30 Gentle Breeze, 4 oz",5.0,2017-09-11 04:31:50.112-04
Avon,"Avon SKIN-SO-SOFT Bug Guard PLUS IR3535® Insect Repellent Moisturizing Lotion - SPF 30 Gentle Breeze, 4 oz",5.0,2016-05-20 20:46:33-04
Avon,"Avon SKIN-SO-SOFT Bug Guard PLUS IR3535® Insect Repellent Moisturizing Lotion - SPF 30 Gentle Breeze, 4 oz",5.0,2015-07-17 22:06:04-04
Avon,"Avon SKIN-SO-SOFT Bug Guard PLUS IR3535® Insect Repellent Moisturizing Lotion - SPF 30 Gentle Breeze, 4 oz",5.0,2016-09-30 08:02:50-04
Avon,"Avon SKIN-SO-SOFT Bug Guard PLUS IR3535® Insect Repellent Moisturizing Lotion - SPF 30 Gentle Breeze, 4 oz",5.0,2020-10-10 11:41:37.814-04
Avon,"Avon SKIN-SO-SOFT Bug Guard PLUS IR3535® Insect Repellent Moisturizing Lotion - SPF 30 Gentle Breeze, 4 oz",4.0,2017-07-10 10:27:22.237-04
Avon,"Avon SKIN-SO-SOFT Bug Guard PLUS IR3535® Insect Repellent Moisturizing Lotion - SPF 30 Gentle Breeze, 4 oz",5.0,2017-07-08 09:27:25.352-04
Avon,"Avon SKIN-SO-SOFT Bug Guard PLUS IR3535® Insect Repellent Moisturizing Lotion - SPF 30 Gentle Breeze, 4 oz",5.0,2021-07-17 13:09:04.599-04
Avon,"Avon SKIN-SO-SOFT Bug Guard PLUS IR3535® Insect Repellent Moisturizing Lotion - SPF 30 Gentle Breeze, 4 oz",2.0,2015-05-30 08:25:07-04
Avon,"Avon SKIN-SO-SOFT Bug Guard PLUS IR3535® Insect Repellent Moisturizing Lotion - SPF 30 Gentle Breeze, 4 oz",5.0,2017-09-22 15:41:44.028-04
Avon,"Avon SKIN-SO-SOFT Bug Guard PLUS IR3535® Insect Repellent Moisturizing Lotion - SPF 30 Gentle Breeze, 4 oz",5.0,2017-01-07 20:23:43-05
Avon,"Avon SKIN-SO-SOFT Bug Guard PLUS IR3535® Insect Repellent Moisturizing Lotion - SPF 30 Gentle Breeze, 4 oz",3.0,2015-06-26 12:40:09-04
Avon,"Avon SKIN-SO-SOFT Bug Guard PLUS IR3535® Insect Repellent Moisturizing Lotion - SPF 30 Gentle Breeze, 4 oz",5.0,2014-10-01 07:39:32-04
Avon,"Avon SKIN-SO-SOFT Bug Guard PLUS IR3535® Insect Repellent Moisturizing Lotion - SPF 30 Gentle Breeze, 4 oz",5.0,2016-09-01 14:25:31-04
Avon,"Avon SKIN-SO-SOFT Bug Guard PLUS IR3535® Insect Repellent Moisturizing Lotion - SPF 30 Gentle Breeze, 4 oz",5.0,2020-05-29 22:37:20.123-04
Avon,"Avon SKIN-SO-SOFT Bug Guard PLUS IR3535® Insect Repellent Moisturizing Lotion - SPF 30 Gentle Breeze, 4 oz",1.0,2020-10-11 00:57:41.878-04
Avon,"Avon SKIN-SO-SOFT Bug Guard PLUS IR3535® Insect Repellent Moisturizing Lotion - SPF 30 Gentle Breeze, 4 oz",5.0,2018-07-14 06:41:37.937-04
Avon,"Avon SKIN-SO-SOFT Bug Guard PLUS IR3535® Insect Repellent Moisturizing Lotion - SPF 30 Gentle Breeze, 4 oz",5.0,2014-07-09 08:52:46-04
Avon,"Avon SKIN-SO-SOFT Bug Guard PLUS IR3535® Insect Repellent Moisturizing Lotion - SPF 30 Gentle Breeze, 4 oz",5.0,2022-11-02 13:26:14.957-04
Avon,"Avon SKIN-SO-SOFT Bug Guard PLUS IR3535® Insect Repellent Moisturizing Lotion - SPF 30 Gentle Breeze, 4 oz",5.0,2017-08-29 13:16:55.044-04
Avon,"Avon SKIN-SO-SOFT Bug Guard PLUS IR3535® Insect Repellent Moisturizing Lotion - SPF 30 Gentle Breeze, 4 oz",4.0,2019-11-05 15:02:32.095-05
Avon,"Avon SKIN-SO-SOFT Bug Guard PLUS IR3535® Insect Repellent Moisturizing Lotion - SPF 30 Gentle Breeze, 4 oz",5.0,2015-09-19 22:46:54-04
Avon,"Avon SKIN-SO-SOFT Bug Guard PLUS IR3535® Insect Repellent Moisturizing Lotion - SPF 30 Gentle Breeze, 4 oz",5.0,2016-07-10 13:07:50-04
Avon,"Avon SKIN-SO-SOFT Bug Guard PLUS IR3535® Insect Repellent Moisturizing Lotion - SPF 30 Gentle Breeze, 4 oz",5.0,2015-07-08 05:37:06-04
Avon,"Avon SKIN-SO-SOFT Bug Guard PLUS IR3535® Insect Repellent Moisturizing Lotion - SPF 30 Gentle Breeze, 4 oz",5.0,2014-11-22 14:52:42-05
Avon,"Avon SKIN-SO-SOFT Bug Guard PLUS IR3535® Insect Repellent Moisturizing Lotion - SPF 30 Gentle Breeze, 4 oz",5.0,2016-08-26 02:46:02-04
Avon,"Avon SKIN-SO-SOFT Bug Guard PLUS IR3535® Insect Repellent Moisturizing Lotion - SPF 30 Gentle Breeze, 4 oz",1.0,2018-04-18 09:34:01.871-04
Avon,"Avon SKIN-SO-SOFT Bug Guard PLUS IR3535® Insect Repellent Moisturizing Lotion - SPF 30 Gentle Breeze, 4 oz",4.0,2016-09-20 23:00:16-04
Avon,"Avon SKIN-SO-SOFT Bug Guard PLUS IR3535® Insect Repellent Moisturizing Lotion - SPF 30 Gentle Breeze, 4 oz",4.0,2020-06-03 13:11:07.997-04
Avon,"Avon SKIN-SO-SOFT Bug Guard PLUS IR3535® Insect Repellent Moisturizing Lotion - SPF 30 Gentle Breeze, 4 oz",5.0,2016-08-27 15:48:33-04
Avon,"Avon SKIN-SO-SOFT Bug Guard PLUS IR3535® Insect Repellent Moisturizing Lotion - SPF 30 Gentle Breeze, 4 oz",5.0,2020-10-01 16:34:05.872-04
Avon,"Avon SKIN-SO-SOFT Bug Guard PLUS IR3535® Insect Repellent Moisturizing Lotion - SPF 30 Gentle Breeze, 4 oz",1.0,2016-02-16 22:33:07-05
Avon,"Avon SKIN-SO-SOFT Bug Guard PLUS IR3535® Insect Repellent Moisturizing Lotion - SPF 30 Gentle Breeze, 4 oz",5.0,2022-07-18 21:57:28.209-04
Avon,"Avon SKIN-SO-SOFT Bug Guard PLUS IR3535® Insect Repellent Moisturizing Lotion - SPF 30 Gentle Breeze, 4 oz",5.0,2014-10-14 00:29:42-04
Avon,"Avon SKIN-SO-SOFT Bug Guard PLUS IR3535® Insect Repellent Moisturizing Lotion - SPF 30 Gentle Breeze, 4 oz",5.0,2016-10-03 20:52:32-04
Avon,"Avon SKIN-SO-SOFT Bug Guard PLUS IR3535® Insect Repellent Moisturizing Lotion - SPF 30 Gentle Breeze, 4 oz",2.0,2019-04-03 01:31:01.287-04
Avon,"Avon SKIN-SO-SOFT Bug Guard PLUS IR3535® Insect Repellent Moisturizing Lotion - SPF 30 Gentle Breeze, 4 oz",5.0,2016-12-22 13:39:19-05
Avon,"Avon SKIN-SO-SOFT Bug Guard PLUS IR3535® Insect Repellent Moisturizing Lotion - SPF 30 Gentle Breeze, 4 oz",5.0,2015-10-09 12:50:31-04
Avon,"Avon SKIN-SO-SOFT Bug Guard PLUS IR3535® Insect Repellent Moisturizing Lotion - SPF 30 Gentle Breeze, 4 oz",5.0,2016-08-04 21:48:24-04
Avon,"Avon SKIN-SO-SOFT Bug Guard PLUS IR3535® Insect Repellent Moisturizing Lotion - SPF 30 Gentle Breeze, 4 oz",5.0,2017-11-09 19:34:09.377-05
Avon,"Avon SKIN-SO-SOFT Bug Guard PLUS IR3535® Insect Repellent Moisturizing Lotion - SPF 30 Gentle Breeze, 4 oz",5.0,2014-12-06 23:19:12-05
Avon,"Avon SKIN-SO-SOFT Bug Guard PLUS IR3535® Insect Repellent Moisturizing Lotion - SPF 30 Gentle Breeze, 4 oz",5.0,2018-08-19 20:31:19.922-04
Avon,"Avon SKIN-SO-SOFT Bug Guard PLUS IR3535® Insect Repellent Moisturizing Lotion - SPF 30 Gentle Breeze, 4 oz",5.0,2016-03-02 22:04:47-05
Avon,"Avon SKIN-SO-SOFT Bug Guard PLUS IR3535® Insect Repellent Moisturizing Lotion - SPF 30 Gentle Breeze, 4 oz",5.0,2014-08-15 09:32:44-04
Avon,"Avon SKIN-SO-SOFT Bug Guard PLUS IR3535® Insect Repellent Moisturizing Lotion - SPF 30 Gentle Breeze, 4 oz",5.0,2016-10-15 12:46:59-04
Avon,"Avon SKIN-SO-SOFT Bug Guard PLUS IR3535® Insect Repellent Moisturizing Lotion - SPF 30 Gentle Breeze, 4 oz",5.0,2015-03-05 07:38:36-05
Avon,"Avon SKIN-SO-SOFT Bug Guard PLUS IR3535® Insect Repellent Moisturizing Lotion - SPF 30 Gentle Breeze, 4 oz",5.0,2014-09-07 07:33:01-04
Avon,"Avon SKIN-SO-SOFT Bug Guard PLUS IR3535® Insect Repellent Moisturizing Lotion - SPF 30 Gentle Breeze, 4 oz",5.0,2016-05-20 20:54:55-04
Avon,"Avon SKIN-SO-SOFT Bug Guard PLUS IR3535® Insect Repellent Moisturizing Lotion - SPF 30 Gentle Breeze, 4 oz",5.0,2017-07-25 13:25:32.555-04
Avon,"Avon SKIN-SO-SOFT Bug Guard PLUS IR3535® Insect Repellent Moisturizing Lotion - SPF 30 Gentle Breeze, 4 oz",5.0,2015-10-20 18:34:10-04
Avon,"Avon SKIN-SO-SOFT Bug Guard PLUS IR3535® Insect Repellent Moisturizing Lotion - SPF 30 Gentle Breeze, 4 oz",2.0,2019-09-06 08:05:34.528-04
Avon,"Avon SKIN-SO-SOFT Bug Guard PLUS IR3535® Insect Repellent Moisturizing Lotion - SPF 30 Gentle Breeze, 4 oz",5.0,2016-10-10 12:51:52-04
Avon,"Avon SKIN-SO-SOFT Bug Guard PLUS IR3535® Insect Repellent Moisturizing Lotion - SPF 30 Gentle Breeze, 4 oz",5.0,2014-10-21 13:08:40-04
Avon,"Avon SKIN-SO-SOFT Bug Guard PLUS IR3535® Insect Repellent Moisturizing Lotion - SPF 30 Gentle Breeze, 4 oz",5.0,2016-09-07 13:23:35-04
Avon,"Avon SKIN-SO-SOFT Bug Guard PLUS IR3535® Insect Repellent Moisturizing Lotion - SPF 30 Gentle Breeze, 4 oz",4.0,2014-07-02 07:50:58-04
Avon,"Avon SKIN-SO-SOFT Bug Guard PLUS IR3535® Insect Repellent Moisturizing Lotion - SPF 30 Gentle Breeze, 4 oz",3.0,2014-07-18 07:32:39-04
Avon,"Avon SKIN-SO-SOFT Bug Guard PLUS IR3535® Insect Repellent Moisturizing Lotion - SPF 30 Gentle Breeze, 4 oz",5.0,2016-08-20 19:15:19-04
Avon,"Avon SKIN-SO-SOFT Bug Guard PLUS IR3535® Insect Repellent Moisturizing Lotion - SPF 30 Gentle Breeze, 4 oz",5.0,2015-07-11 20:35:13-04
Avon,"Avon SKIN-SO-SOFT Bug Guard PLUS IR3535® Insect Repellent Moisturizing Lotion - SPF 30 Gentle Breeze, 4 oz",5.0,2013-07-12 19:53:49-04
Avon,"Avon SKIN-SO-SOFT Bug Guard PLUS IR3535® Insect Repellent Moisturizing Lotion - SPF 30 Gentle Breeze, 4 oz",5.0,2014-07-24 08:53:11-04
Avon,"Avon SKIN-SO-SOFT Bug Guard PLUS IR3535® Insect Repellent Moisturizing Lotion - SPF 30 Gentle Breeze, 4 oz",5.0,2016-06-17 07:00:53-04
Avon,"Avon SKIN-SO-SOFT Bug Guard PLUS IR3535® Insect Repellent Moisturizing Lotion - SPF 30 Gentle Breeze, 4 oz",5.0,2016-07-04 14:40:53-04
Avon,"Avon SKIN-SO-SOFT Bug Guard PLUS IR3535® Insect Repellent Moisturizing Lotion - SPF 30 Gentle Breeze, 4 oz",5.0,2016-06-02 09:55:38-04
Avon,"Avon SKIN-SO-SOFT Bug Guard PLUS IR3535® Insect Repellent Moisturizing Lotion - SPF 30 Gentle Breeze, 4 oz",5.0,2013-07-06 12:38:56-04
Avon,"Avon SKIN-SO-SOFT Bug Guard PLUS IR3535® Insect Repellent Moisturizing Lotion - SPF 30 Gentle Breeze, 4 oz",5.0,2013-08-09 19:07:26-04
Avon,"Avon SKIN-SO-SOFT Bug Guard PLUS IR3535® Insect Repellent Moisturizing Lotion - SPF 30 Gentle Breeze, 4 oz",1.0,2016-04-22 13:57:05-04
Avon,"Avon SKIN-SO-SOFT Bug Guard PLUS IR3535® Insect Repellent Moisturizing Lotion - SPF 30 Gentle Breeze, 4 oz",5.0,2016-08-19 13:03:48-04
Avon,"Avon SKIN-SO-SOFT Bug Guard PLUS IR3535® Insect Repellent Moisturizing Lotion - SPF 30 Gentle Breeze, 4 oz",5.0,2022-09-09 21:37:01.597-04
Avon,"Avon SKIN-SO-SOFT Bug Guard PLUS IR3535® Insect Repellent Moisturizing Lotion - SPF 30 Gentle Breeze, 4 oz",5.0,2019-07-14 02:55:27.666-04
Avon,"Avon SKIN-SO-SOFT Bug Guard PLUS IR3535® Insect Repellent Moisturizing Lotion - SPF 30 Gentle Breeze, 4 oz",5.0,2014-05-08 07:57:45-04
Avon,"Avon SKIN-SO-SOFT Bug Guard PLUS IR3535® Insect Repellent Moisturizing Lotion - SPF 30 Gentle Breeze, 4 oz",5.0,2015-08-18 14:00:07-04
Avon,"Avon SKIN-SO-SOFT Bug Guard PLUS IR3535® Insect Repellent Moisturizing Lotion - SPF 30 Gentle Breeze, 4 oz",5.0,2016-01-09 10:49:42-05
Avon,"Avon SKIN-SO-SOFT Bug Guard PLUS IR3535® Insect Repellent Moisturizing Lotion - SPF 30 Gentle Breeze, 4 oz",5.0,2017-08-18 06:01:29.56-04
Avon,"Avon SKIN-SO-SOFT Bug Guard PLUS IR3535® Insect Repellent Moisturizing Lotion - SPF 30 Gentle Breeze, 4 oz",1.0,2015-07-25 17:19:22-04
Avon,"Avon SKIN-SO-SOFT Bug Guard PLUS IR3535® Insect Repellent Moisturizing Lotion - SPF 30 Gentle Breeze, 4 oz",5.0,2013-07-18 14:34:19-04
Avon,"Avon SKIN-SO-SOFT Bug Guard PLUS IR3535® Insect Repellent Moisturizing Lotion - SPF 30 Gentle Breeze, 4 oz",4.0,2016-05-06 17:02:23-04
Avon,"Avon SKIN-SO-SOFT Bug Guard PLUS IR3535® Insect Repellent Moisturizing Lotion - SPF 30 Gentle Breeze, 4 oz",4.0,2019-02-12 08:25:02.581-05
Avon,"Avon SKIN-SO-SOFT Bug Guard PLUS IR3535® Insect Repellent Moisturizing Lotion - SPF 30 Gentle Breeze, 4 oz",5.0,2017-02-09 14:56:45-05
Avon,"Avon SKIN-SO-SOFT Bug Guard PLUS IR3535® Insect Repellent Moisturizing Lotion - SPF 30 Gentle Breeze, 4 oz",4.0,2019-01-18 21:24:09.939-05
Avon,"Avon SKIN-SO-SOFT Bug Guard PLUS IR3535® Insect Repellent Moisturizing Lotion - SPF 30 Gentle Breeze, 4 oz",5.0,2016-03-06 22:14:44-05
Avon,"Avon SKIN-SO-SOFT Bug Guard PLUS IR3535® Insect Repellent Moisturizing Lotion - SPF 30 Gentle Breeze, 4 oz",5.0,2016-11-06 09:29:45-05
Avon,"Avon SKIN-SO-SOFT Bug Guard PLUS IR3535® Insect Repellent Moisturizing Lotion - SPF 30 Gentle Breeze, 4 oz",5.0,2015-07-17 19:19:51-04
Avon,"Avon SKIN-SO-SOFT Bug Guard PLUS IR3535® Insect Repellent Moisturizing Lotion - SPF 30 Gentle Breeze, 4 oz",5.0,2014-08-31 16:27:40-04
Avon,"Avon SKIN-SO-SOFT Bug Guard PLUS IR3535® Insect Repellent Moisturizing Lotion - SPF 30 Gentle Breeze, 4 oz",5.0,2020-04-29 17:06:18.544-04
Avon,"Avon SKIN-SO-SOFT Bug Guard PLUS IR3535® Insect Repellent Moisturizing Lotion - SPF 30 Gentle Breeze, 4 oz",5.0,2016-01-23 10:47:00-05
Avon,"Avon SKIN-SO-SOFT Bug Guard PLUS IR3535® Insect Repellent Moisturizing Lotion - SPF 30 Gentle Breeze, 4 oz",1.0,2021-06-25 07:02:38.434-04
Avon,"Avon SKIN-SO-SOFT Bug Guard PLUS IR3535® Insect Repellent Moisturizing Lotion - SPF 30 Gentle Breeze, 4 oz",5.0,2016-08-22 22:57:34-04
Avon,"Avon SKIN-SO-SOFT Bug Guard PLUS IR3535® Insect Repellent Moisturizing Lotion - SPF 30 Gentle Breeze, 4 oz",5.0,2022-07-18 21:07:32.374-04
Avon,"Avon SKIN-SO-SOFT Bug Guard PLUS IR3535® Insect Repellent Moisturizing Lotion - SPF 30 Gentle Breeze, 4 oz",5.0,2019-09-01 20:34:07.877-04
Avon,"Avon SKIN-SO-SOFT Bug Guard PLUS IR3535® Insect Repellent Moisturizing Lotion - SPF 30 Gentle Breeze, 4 oz",5.0,2015-01-14 16:58:38-05
Avon,"Avon SKIN-SO-SOFT Bug Guard PLUS IR3535® Insect Repellent Moisturizing Lotion - SPF 30 Gentle Breeze, 4 oz",5.0,2014-09-09 17:09:32-04
Avon,"Avon SKIN-SO-SOFT Bug Guard PLUS IR3535® Insect Repellent Moisturizing Lotion - SPF 30 Gentle Breeze, 4 oz",5.0,2019-11-20 11:16:20.945-05
Avon,"Avon SKIN-SO-SOFT Bug Guard PLUS IR3535® Insect Repellent Moisturizing Lotion - SPF 30 Gentle Breeze, 4 oz",5.0,2019-07-08 18:23:57.2-04
Avon,"Avon SKIN-SO-SOFT Bug Guard PLUS IR3535® Insect Repellent Moisturizing Lotion - SPF 30 Gentle Breeze, 4 oz",1.0,2018-07-01 10:24:09.215-04
Avon,"Avon SKIN-SO-SOFT Bug Guard PLUS IR3535® Insect Repellent Moisturizing Lotion - SPF 30 Gentle Breeze, 4 oz",5.0,2013-10-02 14:20:12-04
Avon,"Avon SKIN-SO-SOFT Bug Guard PLUS IR3535® Insect Repellent Moisturizing Lotion - SPF 30 Gentle Breeze, 4 oz",5.0,2014-09-22 11:36:59-04
Avon,"Avon SKIN-SO-SOFT Bug Guard PLUS IR3535® Insect Repellent Moisturizing Lotion - SPF 30 Gentle Breeze, 4 oz",5.0,2019-07-14 13:19:09.796-04
Avon,"Avon SKIN-SO-SOFT Bug Guard PLUS IR3535® Insect Repellent Moisturizing Lotion - SPF 30 Gentle Breeze, 4 oz",4.0,2014-05-27 08:45:56-04
Avon,"Avon SKIN-SO-SOFT Bug Guard PLUS IR3535® Insect Repellent Moisturizing Lotion - SPF 30 Gentle Breeze, 4 oz",5.0,2014-04-04 20:26:22-04
Avon,"Avon SKIN-SO-SOFT Bug Guard PLUS IR3535® Insect Repellent Moisturizing Lotion - SPF 30 Gentle Breeze, 4 oz",5.0,2019-04-04 16:31:44.62-04
Avon,"Avon SKIN-SO-SOFT Bug Guard PLUS IR3535® Insect Repellent Moisturizing Lotion - SPF 30 Gentle Breeze, 4 oz",3.0,2019-08-21 07:42:34.954-04
Avon,"Avon SKIN-SO-SOFT Bug Guard PLUS IR3535® Insect Repellent Moisturizing Lotion - SPF 30 Gentle Breeze, 4 oz",3.0,2012-08-20 13:13:15-04
Avon,"Avon SKIN-SO-SOFT Bug Guard PLUS IR3535® Insect Repellent Moisturizing Lotion - SPF 30 Gentle Breeze, 4 oz",5.0,2012-10-07 15:45:35-04
Avon,"Avon SKIN-SO-SOFT Bug Guard PLUS IR3535® Insect Repellent Moisturizing Lotion - SPF 30 Gentle Breeze, 4 oz",1.0,2018-06-23 13:42:42.363-04
Avon,"Avon SKIN-SO-SOFT Bug Guard PLUS IR3535® Insect Repellent Moisturizing Lotion - SPF 30 Gentle Breeze, 4 oz",5.0,2016-09-13 08:01:07-04
Avon,"Avon SKIN-SO-SOFT Bug Guard PLUS IR3535® Insect Repellent Moisturizing Lotion - SPF 30 Gentle Breeze, 4 oz",4.0,2017-11-19 03:57:10.83-05
Avon,"Avon SKIN-SO-SOFT Bug Guard PLUS IR3535® Insect Repellent Moisturizing Lotion - SPF 30 Gentle Breeze, 4 oz",5.0,2020-08-07 18:02:52.697-04
Avon,"Avon SKIN-SO-SOFT Bug Guard PLUS IR3535® Insect Repellent Moisturizing Lotion - SPF 30 Gentle Breeze, 4 oz",1.0,2015-07-22 15:49:48-04
Avon,"Avon SKIN-SO-SOFT Bug Guard PLUS IR3535® Insect Repellent Moisturizing Lotion - SPF 30 Gentle Breeze, 4 oz",5.0,2019-06-06 10:19:20.126-04
Avon,"Avon SKIN-SO-SOFT Bug Guard PLUS IR3535® Insect Repellent Moisturizing Lotion - SPF 30 Gentle Breeze, 4 oz",3.0,2022-03-28 04:52:38.862-04
Avon,"Avon SKIN-SO-SOFT Bug Guard PLUS IR3535® Insect Repellent Moisturizing Lotion - SPF 30 Gentle Breeze, 4 oz",5.0,2015-08-19 17:56:53-04
Avon,"Avon SKIN-SO-SOFT Bug Guard PLUS IR3535® Insect Repellent Moisturizing Lotion - SPF 30 Gentle Breeze, 4 oz",5.0,2016-08-04 21:30:02-04
Avon,"Avon SKIN-SO-SOFT Bug Guard PLUS IR3535® Insect Repellent Moisturizing Lotion - SPF 30 Gentle Breeze, 4 oz",5.0,2015-07-30 16:45:44-04
Avon,"Avon SKIN-SO-SOFT Bug Guard PLUS IR3535® Insect Repellent Moisturizing Lotion - SPF 30 Gentle Breeze, 4 oz",5.0,2011-07-21 18:56:14-04
Avon,"Avon SKIN-SO-SOFT Bug Guard PLUS IR3535® Insect Repellent Moisturizing Lotion - SPF 30 Gentle Breeze, 4 oz",1.0,2020-06-16 15:52:53.986-04
Avon,"Avon SKIN-SO-SOFT Bug Guard PLUS IR3535® Insect Repellent Moisturizing Lotion - SPF 30 Gentle Breeze, 4 oz",5.0,2016-01-19 23:46:58-05
Avon,"Avon SKIN-SO-SOFT Bug Guard PLUS IR3535® Insect Repellent Moisturizing Lotion - SPF 30 Gentle Breeze, 4 oz",1.0,2016-11-20 07:06:00-05
Avon,"Avon SKIN-SO-SOFT Bug Guard PLUS IR3535® Insect Repellent Moisturizing Lotion - SPF 30 Gentle Breeze, 4 oz",1.0,2018-06-05 04:57:56.298-04
Avon,"Avon SKIN-SO-SOFT Bug Guard PLUS IR3535® Insect Repellent Moisturizing Lotion - SPF 30 Gentle Breeze, 4 oz",1.0,2016-07-09 19:17:00-04
Avon,"Avon SKIN-SO-SOFT Bug Guard PLUS IR3535® Insect Repellent Moisturizing Lotion - SPF 30 Gentle Breeze, 4 oz",5.0,2017-08-05 09:31:42.515-04
Avon,"Avon SKIN-SO-SOFT Bug Guard PLUS IR3535® Insect Repellent Moisturizing Lotion - SPF 30 Gentle Breeze, 4 oz",1.0,2022-07-19 17:23:38.963-04
Avon,"Avon SKIN-SO-SOFT Bug Guard PLUS IR3535® Insect Repellent Moisturizing Lotion - SPF 30 Gentle Breeze, 4 oz",5.0,2015-07-22 12:58:17-04
Avon,"Avon SKIN-SO-SOFT Bug Guard PLUS IR3535® Insect Repellent Moisturizing Lotion - SPF 30 Gentle Breeze, 4 oz",5.0,2019-10-14 00:53:37.809-04
Avon,"Avon SKIN-SO-SOFT Bug Guard PLUS IR3535® Insect Repellent Moisturizing Lotion - SPF 30 Gentle Breeze, 4 oz",5.0,2019-06-24 16:16:57.057-04
Avon,"Avon SKIN-SO-SOFT Bug Guard PLUS IR3535® Insect Repellent Moisturizing Lotion - SPF 30 Gentle Breeze, 4 oz",5.0,2016-09-05 23:09:14-04
Avon,"Avon SKIN-SO-SOFT Bug Guard PLUS IR3535® Insect Repellent Moisturizing Lotion - SPF 30 Gentle Breeze, 4 oz",5.0,2021-05-20 23:45:15.662-04
Avon,"Avon SKIN-SO-SOFT Bug Guard PLUS IR3535® Insect Repellent Moisturizing Lotion - SPF 30 Gentle Breeze, 4 oz",5.0,2013-04-03 10:17:34-04
Avon,"Avon SKIN-SO-SOFT Bug Guard PLUS IR3535® Insect Repellent Moisturizing Lotion - SPF 30 Gentle Breeze, 4 oz",5.0,2013-07-22 16:12:21-04
Avon,"Avon SKIN-SO-SOFT Bug Guard PLUS IR3535® Insect Repellent Moisturizing Lotion - SPF 30 Gentle Breeze, 4 oz",2.0,2021-04-25 14:46:55.944-04
Avon,"Avon SKIN-SO-SOFT Bug Guard PLUS IR3535® Insect Repellent Moisturizing Lotion - SPF 30 Gentle Breeze, 4 oz",4.0,2015-10-13 09:30:58-04
Avon,"Avon SKIN-SO-SOFT Bug Guard PLUS IR3535® Insect Repellent Moisturizing Lotion - SPF 30 Gentle Breeze, 4 oz",5.0,2015-08-22 16:26:18-04
Avon,"Avon SKIN-SO-SOFT Bug Guard PLUS IR3535® Insect Repellent Moisturizing Lotion - SPF 30 Gentle Breeze, 4 oz",5.0,2020-03-30 14:36:26.091-04
Avon,"Avon SKIN-SO-SOFT Bug Guard PLUS IR3535® Insect Repellent Moisturizing Lotion - SPF 30 Gentle Breeze, 4 oz",4.0,2019-08-05 19:17:06.027-04
Avon,"Avon SKIN-SO-SOFT Bug Guard PLUS IR3535® Insect Repellent Moisturizing Lotion - SPF 30 Gentle Breeze, 4 oz",1.0,2017-09-04 16:13:18.594-04
Avon,"Avon SKIN-SO-SOFT Bug Guard PLUS IR3535® Insect Repellent Moisturizing Lotion - SPF 30 Gentle Breeze, 4 oz",5.0,2013-12-09 17:20:22-05
Avon,"Avon SKIN-SO-SOFT Bug Guard PLUS IR3535® Insect Repellent Moisturizing Lotion - SPF 30 Gentle Breeze, 4 oz",5.0,2012-10-17 09:24:38-04
Avon,"Avon SKIN-SO-SOFT Bug Guard PLUS IR3535® Insect Repellent Moisturizing Lotion - SPF 30 Gentle Breeze, 4 oz",1.0,2016-04-27 14:59:17-04
Avon,"Avon SKIN-SO-SOFT Bug Guard PLUS IR3535® Insect Repellent Moisturizing Lotion - SPF 30 Gentle Breeze, 4 oz",5.0,2018-11-10 10:48:15.547-05
Avon,"Avon SKIN-SO-SOFT Bug Guard PLUS IR3535® Insect Repellent Moisturizing Lotion - SPF 30 Gentle Breeze, 4 oz",2.0,2016-07-21 20:43:03-04
Avon,"Avon SKIN-SO-SOFT Bug Guard PLUS IR3535® Insect Repellent Moisturizing Lotion - SPF 30 Gentle Breeze, 4 oz",1.0,2019-07-24 11:07:07.207-04
Avon,"Avon SKIN-SO-SOFT Bug Guard PLUS IR3535® Insect Repellent Moisturizing Lotion - SPF 30 Gentle Breeze, 4 oz",5.0,2017-05-31 13:19:26-04
Avon,"Avon SKIN-SO-SOFT Bug Guard PLUS IR3535® Insect Repellent Moisturizing Lotion - SPF 30 Gentle Breeze, 4 oz",5.0,2022-12-28 16:29:29.196-05
Avon,"Avon SKIN-SO-SOFT Bug Guard PLUS IR3535® Insect Repellent Moisturizing Lotion - SPF 30 Gentle Breeze, 4 oz",5.0,2021-10-09 19:02:05.48-04
Avon,"Avon SKIN-SO-SOFT Bug Guard PLUS IR3535® Insect Repellent Moisturizing Lotion - SPF 30 Gentle Breeze, 4 oz",5.0,2018-06-24 13:52:14.102-04
Avon,"Avon SKIN-SO-SOFT Bug Guard PLUS IR3535® Insect Repellent Moisturizing Lotion - SPF 30 Gentle Breeze, 4 oz",5.0,2017-07-11 12:27:26.364-04
Avon,"Avon SKIN-SO-SOFT Bug Guard PLUS IR3535® Insect Repellent Moisturizing Lotion - SPF 30 Gentle Breeze, 4 oz",1.0,2016-08-01 23:54:05-04
Avon,"Avon SKIN-SO-SOFT Bug Guard PLUS IR3535® Insect Repellent Moisturizing Lotion - SPF 30 Gentle Breeze, 4 oz",1.0,2014-07-27 18:05:08-04
Avon,"Avon SKIN-SO-SOFT Bug Guard PLUS IR3535® Insect Repellent Moisturizing Lotion - SPF 30 Gentle Breeze, 4 oz",5.0,2019-02-06 11:03:23.884-05
Avon,"Avon SKIN-SO-SOFT Bug Guard PLUS IR3535® Insect Repellent Moisturizing Lotion - SPF 30 Gentle Breeze, 4 oz",1.0,2022-02-06 17:06:08.749-05
Avon,"Avon SKIN-SO-SOFT Bug Guard PLUS IR3535® Insect Repellent Moisturizing Lotion - SPF 30 Gentle Breeze, 4 oz",4.0,2016-01-09 12:51:55-05
Avon,"Avon SKIN-SO-SOFT Bug Guard PLUS IR3535® Insect Repellent Moisturizing Lotion - SPF 30 Gentle Breeze, 4 oz",5.0,2017-05-16 05:50:58-04
Avon,"Avon SKIN-SO-SOFT Bug Guard PLUS IR3535® Insect Repellent Moisturizing Lotion - SPF 30 Gentle Breeze, 4 oz",1.0,2015-11-06 22:37:32-05
Avon,"Avon SKIN-SO-SOFT Bug Guard PLUS IR3535® Insect Repellent Moisturizing Lotion - SPF 30 Gentle Breeze, 4 oz",5.0,2013-09-15 18:31:56-04
Avon,"Avon SKIN-SO-SOFT Bug Guard PLUS IR3535® Insect Repellent Moisturizing Lotion - SPF 30 Gentle Breeze, 4 oz",5.0,2019-06-26 17:00:15.912-04
Avon,"Avon SKIN-SO-SOFT Bug Guard PLUS IR3535® Insect Repellent Moisturizing Lotion - SPF 30 Gentle Breeze, 4 oz",5.0,2016-12-09 14:31:50-05
Avon,"Avon SKIN-SO-SOFT Bug Guard PLUS IR3535® Insect Repellent Moisturizing Lotion - SPF 30 Gentle Breeze, 4 oz",5.0,2014-10-18 12:54:35-04
Avon,"Avon SKIN-SO-SOFT Bug Guard PLUS IR3535® Insect Repellent Moisturizing Lotion - SPF 30 Gentle Breeze, 4 oz",5.0,2021-08-19 17:51:34.001-04
Avon,"Avon SKIN-SO-SOFT Bug Guard PLUS IR3535® Insect Repellent Moisturizing Lotion - SPF 30 Gentle Breeze, 4 oz",5.0,2019-09-08 17:55:14.92-04
Avon,"Avon SKIN-SO-SOFT Bug Guard PLUS IR3535® Insect Repellent Moisturizing Lotion - SPF 30 Gentle Breeze, 4 oz",5.0,2015-11-15 12:22:43-05
Avon,"Avon SKIN-SO-SOFT Bug Guard PLUS IR3535® Insect Repellent Moisturizing Lotion - SPF 30 Gentle Breeze, 4 oz",5.0,2015-09-04 16:42:50-04
Avon,"Avon SKIN-SO-SOFT Bug Guard PLUS IR3535® Insect Repellent Moisturizing Lotion - SPF 30 Gentle Breeze, 4 oz",5.0,2022-08-30 17:53:55.14-04
Avon,"Avon SKIN-SO-SOFT Bug Guard PLUS IR3535® Insect Repellent Moisturizing Lotion - SPF 30 Gentle Breeze, 4 oz",1.0,2020-01-23 12:24:20.095-05
Avon,"Avon SKIN-SO-SOFT Bug Guard PLUS IR3535® Insect Repellent Moisturizing Lotion - SPF 30 Gentle Breeze, 4 oz",5.0,2016-07-15 19:37:58-04
Avon,"Avon SKIN-SO-SOFT Bug Guard PLUS IR3535® Insect Repellent Moisturizing Lotion - SPF 30 Gentle Breeze, 4 oz",5.0,2019-04-27 09:41:58.333-04
Avon,"Avon SKIN-SO-SOFT Bug Guard PLUS IR3535® Insect Repellent Moisturizing Lotion - SPF 30 Gentle Breeze, 4 oz",5.0,2019-06-27 13:23:09.495-04
Avon,"Avon SKIN-SO-SOFT Bug Guard PLUS IR3535® Insect Repellent Moisturizing Lotion - SPF 30 Gentle Breeze, 4 oz",5.0,2021-10-09 19:20:29.531-04
Avon,"Avon SKIN-SO-SOFT Bug Guard PLUS IR3535® Insect Repellent Moisturizing Lotion - SPF 30 Gentle Breeze, 4 oz",3.0,2017-03-05 19:04:35-05
Avon,"Avon SKIN-SO-SOFT Bug Guard PLUS IR3535® Insect Repellent Moisturizing Lotion - SPF 30 Gentle Breeze, 4 oz",5.0,2014-07-05 10:31:52-04
Avon,"Avon SKIN-SO-SOFT Bug Guard PLUS IR3535® Insect Repellent Moisturizing Lotion - SPF 30 Gentle Breeze, 4 oz",3.0,2015-06-19 17:08:16-04
Avon,"Avon SKIN-SO-SOFT Bug Guard PLUS IR3535® Insect Repellent Moisturizing Lotion - SPF 30 Gentle Breeze, 4 oz",1.0,2017-05-27 12:28:57-04
Avon,"Avon SKIN-SO-SOFT Bug Guard PLUS IR3535® Insect Repellent Moisturizing Lotion - SPF 30 Gentle Breeze, 4 oz",5.0,2015-07-09 06:32:31-04
Avon,"Avon SKIN-SO-SOFT Bug Guard PLUS IR3535® Insect Repellent Moisturizing Lotion - SPF 30 Gentle Breeze, 4 oz",5.0,2016-08-20 23:44:29-04
Avon,"Avon SKIN-SO-SOFT Bug Guard PLUS IR3535® Insect Repellent Moisturizing Lotion - SPF 30 Gentle Breeze, 4 oz",1.0,2019-08-17 20:37:44.306-04
Avon,"Avon SKIN-SO-SOFT Bug Guard PLUS IR3535® Insect Repellent Moisturizing Lotion - SPF 30 Gentle Breeze, 4 oz",5.0,2015-10-13 01:57:10-04
Avon,"Avon SKIN-SO-SOFT Bug Guard PLUS IR3535® Insect Repellent Moisturizing Lotion - SPF 30 Gentle Breeze, 4 oz",3.0,2021-10-10 14:33:56.654-04
Avon,"Avon SKIN-SO-SOFT Bug Guard PLUS IR3535® Insect Repellent Moisturizing Lotion - SPF 30 Gentle Breeze, 4 oz",2.0,2015-11-07 14:56:14-05
Avon,"Avon SKIN-SO-SOFT Bug Guard PLUS IR3535® Insect Repellent Moisturizing Lotion - SPF 30 Gentle Breeze, 4 oz",1.0,2020-01-26 10:58:17.5-05
Avon,"Avon SKIN-SO-SOFT Bug Guard PLUS IR3535® Insect Repellent Moisturizing Lotion - SPF 30 Gentle Breeze, 4 oz",5.0,2019-08-29 14:38:56.887-04
Avon,"Avon SKIN-SO-SOFT Bug Guard PLUS IR3535® Insect Repellent Moisturizing Lotion - SPF 30 Gentle Breeze, 4 oz",5.0,2015-06-23 18:14:33-04
Avon,"Avon SKIN-SO-SOFT Bug Guard PLUS IR3535® Insect Repellent Moisturizing Lotion - SPF 30 Gentle Breeze, 4 oz",5.0,2015-02-03 15:25:41-05
Avon,"Avon SKIN-SO-SOFT Bug Guard PLUS IR3535® Insect Repellent Moisturizing Lotion - SPF 30 Gentle Breeze, 4 oz",5.0,2018-08-27 00:02:28.174-04
Avon,"Avon SKIN-SO-SOFT Bug Guard PLUS IR3535® Insect Repellent Moisturizing Lotion - SPF 30 Gentle Breeze, 4 oz",3.0,2016-09-27 18:18:56-04
Avon,"Avon SKIN-SO-SOFT Bug Guard PLUS IR3535® Insect Repellent Moisturizing Lotion - SPF 30 Gentle Breeze, 4 oz",4.0,2014-05-19 12:03:36-04
Avon,"Avon SKIN-SO-SOFT Bug Guard PLUS IR3535® Insect Repellent Moisturizing Lotion - SPF 30 Gentle Breeze, 4 oz",5.0,2019-12-19 00:20:32.79-05
Avon,"Avon SKIN-SO-SOFT Bug Guard PLUS IR3535® Insect Repellent Moisturizing Lotion - SPF 30 Gentle Breeze, 4 oz",1.0,2021-09-10 18:12:15.111-04
Avon,"Avon SKIN-SO-SOFT Bug Guard PLUS IR3535® Insect Repellent Moisturizing Lotion - SPF 30 Gentle Breeze, 4 oz",2.0,2015-11-03 13:08:56-05
Avon,"Avon SKIN-SO-SOFT Bug Guard PLUS IR3535® Insect Repellent Moisturizing Lotion - SPF 30 Gentle Breeze, 4 oz",5.0,2019-06-23 20:06:00.155-04
Avon,"Avon SKIN-SO-SOFT Bug Guard PLUS IR3535® Insect Repellent Moisturizing Lotion - SPF 30 Gentle Breeze, 4 oz",5.0,2019-07-02 23:17:39.364-04
Avon,"Avon SKIN-SO-SOFT Bug Guard PLUS IR3535® Insect Repellent Moisturizing Lotion - SPF 30 Gentle Breeze, 4 oz",5.0,2013-08-31 16:39:22-04
Avon,"Avon SKIN-SO-SOFT Bug Guard PLUS IR3535® Insect Repellent Moisturizing Lotion - SPF 30 Gentle Breeze, 4 oz",5.0,2018-07-29 12:29:03.51-04
Avon,"Avon SKIN-SO-SOFT Bug Guard PLUS IR3535® Insect Repellent Moisturizing Lotion - SPF 30 Gentle Breeze, 4 oz",5.0,2021-08-19 22:01:31.281-04
Avon,"Avon SKIN-SO-SOFT Bug Guard PLUS IR3535® Insect Repellent Moisturizing Lotion - SPF 30 Gentle Breeze, 4 oz",4.0,2015-09-18 13:33:47-04
Avon,"Avon SKIN-SO-SOFT Bug Guard PLUS IR3535® Insect Repellent Moisturizing Lotion - SPF 30 Gentle Breeze, 4 oz",3.0,2018-07-02 10:22:21.061-04
Avon,"Avon SKIN-SO-SOFT Bug Guard PLUS IR3535® Insect Repellent Moisturizing Lotion - SPF 30 Gentle Breeze, 4 oz",5.0,2020-06-24 07:56:59.337-04
Avon,"Avon SKIN-SO-SOFT Bug Guard PLUS IR3535® Insect Repellent Moisturizing Lotion - SPF 30 Gentle Breeze, 4 oz",5.0,2016-05-08 08:10:48-04
Avon,"Avon SKIN-SO-SOFT Bug Guard PLUS IR3535® Insect Repellent Moisturizing Lotion - SPF 30 Gentle Breeze, 4 oz",5.0,2013-08-12 19:33:56-04
Avon,"Avon SKIN-SO-SOFT Bug Guard PLUS IR3535® Insect Repellent Moisturizing Lotion - SPF 30 Gentle Breeze, 4 oz",5.0,2016-05-07 12:30:13-04
Avon,"Avon SKIN-SO-SOFT Bug Guard PLUS IR3535® Insect Repellent Moisturizing Lotion - SPF 30 Gentle Breeze, 4 oz",5.0,2015-08-11 15:51:40-04
Avon,"Avon SKIN-SO-SOFT Bug Guard PLUS IR3535® Insect Repellent Moisturizing Lotion - SPF 30 Gentle Breeze, 4 oz",5.0,2018-07-02 10:55:59.459-04
Avon,"Avon SKIN-SO-SOFT Bug Guard PLUS IR3535® Insect Repellent Moisturizing Lotion - SPF 30 Gentle Breeze, 4 oz",5.0,2014-03-17 07:12:09-04
Avon,"Avon SKIN-SO-SOFT Bug Guard PLUS IR3535® Insect Repellent Moisturizing Lotion - SPF 30 Gentle Breeze, 4 oz",5.0,2016-08-13 17:25:43-04
Avon,"Avon SKIN-SO-SOFT Bug Guard PLUS IR3535® Insect Repellent Moisturizing Lotion - SPF 30 Gentle Breeze, 4 oz",1.0,2013-08-12 10:18:07-04
Avon,"Avon SKIN-SO-SOFT Bug Guard PLUS IR3535® Insect Repellent Moisturizing Lotion - SPF 30 Gentle Breeze, 4 oz",5.0,2014-01-10 04:23:43-05
Avon,"Avon SKIN-SO-SOFT Bug Guard PLUS IR3535® Insect Repellent Moisturizing Lotion - SPF 30 Gentle Breeze, 4 oz",2.0,2019-08-13 17:13:09.344-04
Avon,"Avon SKIN-SO-SOFT Bug Guard PLUS IR3535® Insect Repellent Moisturizing Lotion - SPF 30 Gentle Breeze, 4 oz",5.0,2013-09-28 18:03:02-04
Avon,"Avon SKIN-SO-SOFT Bug Guard PLUS IR3535® Insect Repellent Moisturizing Lotion - SPF 30 Gentle Breeze, 4 oz",5.0,2022-05-30 21:35:01.268-04
Avon,"Avon SKIN-SO-SOFT Bug Guard PLUS IR3535® Insect Repellent Moisturizing Lotion - SPF 30 Gentle Breeze, 4 oz",4.0,2015-02-17 15:39:36-05
Avon,"Avon SKIN-SO-SOFT Bug Guard PLUS IR3535® Insect Repellent Moisturizing Lotion - SPF 30 Gentle Breeze, 4 oz",5.0,2015-08-17 16:16:22-04
Avon,"Avon SKIN-SO-SOFT Bug Guard PLUS IR3535® Insect Repellent Moisturizing Lotion - SPF 30 Gentle Breeze, 4 oz",5.0,2012-06-24 09:15:11-04
Avon,"Avon SKIN-SO-SOFT Bug Guard PLUS IR3535® Insect Repellent Moisturizing Lotion - SPF 30 Gentle Breeze, 4 oz",5.0,2020-06-12 18:15:39.533-04
Avon,"Avon SKIN-SO-SOFT Bug Guard PLUS IR3535® Insect Repellent Moisturizing Lotion - SPF 30 Gentle Breeze, 4 oz",5.0,2019-10-11 13:10:52.782-04
Avon,"Avon SKIN-SO-SOFT Bug Guard PLUS IR3535® Insect Repellent Moisturizing Lotion - SPF 30 Gentle Breeze, 4 oz",5.0,2020-11-17 02:03:12-05
Avon,"Avon SKIN-SO-SOFT Bug Guard PLUS IR3535® Insect Repellent Moisturizing Lotion - SPF 30 Gentle Breeze, 4 oz",5.0,2015-07-07 18:57:36-04
Avon,"Avon SKIN-SO-SOFT Bug Guard PLUS IR3535® Insect Repellent Moisturizing Lotion - SPF 30 Gentle Breeze, 4 oz",5.0,2018-11-11 21:27:21.521-05
Avon,"Avon SKIN-SO-SOFT Bug Guard PLUS IR3535® Insect Repellent Moisturizing Lotion - SPF 30 Gentle Breeze, 4 oz",5.0,2016-05-21 09:27:20-04
Avon,"Avon SKIN-SO-SOFT Bug Guard PLUS IR3535® Insect Repellent Moisturizing Lotion - SPF 30 Gentle Breeze, 4 oz",5.0,2015-01-08 09:10:19-05
Avon,"Avon SKIN-SO-SOFT Bug Guard PLUS IR3535® Insect Repellent Moisturizing Lotion - SPF 30 Gentle Breeze, 4 oz",3.0,2022-08-07 11:36:28.925-04
Avon,"Avon SKIN-SO-SOFT Bug Guard PLUS IR3535® Insect Repellent Moisturizing Lotion - SPF 30 Gentle Breeze, 4 oz",1.0,2019-08-02 22:49:40.905-04
Avon,"Avon SKIN-SO-SOFT Bug Guard PLUS IR3535® Insect Repellent Moisturizing Lotion - SPF 30 Gentle Breeze, 4 oz",5.0,2018-09-10 21:31:44.658-04
Avon,"Avon SKIN-SO-SOFT Bug Guard PLUS IR3535® Insect Repellent Moisturizing Lotion - SPF 30 Gentle Breeze, 4 oz",3.0,2016-06-29 11:02:05-04
Avon,"Avon SKIN-SO-SOFT Bug Guard PLUS IR3535® Insect Repellent Moisturizing Lotion - SPF 30 Gentle Breeze, 4 oz",2.0,2021-09-25 04:21:23.994-04
Avon,"Avon SKIN-SO-SOFT Bug Guard PLUS IR3535® Insect Repellent Moisturizing Lotion - SPF 30 Gentle Breeze, 4 oz",5.0,2017-05-16 13:17:12-04
Avon,"Avon SKIN-SO-SOFT Bug Guard PLUS IR3535® Insect Repellent Moisturizing Lotion - SPF 30 Gentle Breeze, 4 oz",4.0,2015-10-10 14:52:52-04
Avon,"Avon SKIN-SO-SOFT Bug Guard PLUS IR3535® Insect Repellent Moisturizing Lotion - SPF 30 Gentle Breeze, 4 oz",4.0,2014-10-04 23:04:57-04
Avon,"Avon SKIN-SO-SOFT Bug Guard PLUS IR3535® Insect Repellent Moisturizing Lotion - SPF 30 Gentle Breeze, 4 oz",4.0,2015-11-27 15:19:39-05
Avon,"Avon SKIN-SO-SOFT Bug Guard PLUS IR3535® Insect Repellent Moisturizing Lotion - SPF 30 Gentle Breeze, 4 oz",4.0,2017-10-03 14:09:23.222-04
Avon,"Avon SKIN-SO-SOFT Bug Guard PLUS IR3535® Insect Repellent Moisturizing Lotion - SPF 30 Gentle Breeze, 4 oz",5.0,2017-06-26 07:34:19.597-04
Avon,"Avon SKIN-SO-SOFT Bug Guard PLUS IR3535® Insect Repellent Moisturizing Lotion - SPF 30 Gentle Breeze, 4 oz",5.0,2016-07-08 19:13:34-04
Avon,"Avon SKIN-SO-SOFT Bug Guard PLUS IR3535® Insect Repellent Moisturizing Lotion - SPF 30 Gentle Breeze, 4 oz",4.0,2016-08-24 22:36:12-04
Avon,"Avon SKIN-SO-SOFT Bug Guard PLUS IR3535® Insect Repellent Moisturizing Lotion - SPF 30 Gentle Breeze, 4 oz",1.0,2019-09-04 12:27:27.771-04
Avon,"Avon SKIN-SO-SOFT Bug Guard PLUS IR3535® Insect Repellent Moisturizing Lotion - SPF 30 Gentle Breeze, 4 oz",5.0,2013-07-06 12:37:14-04
Avon,"Avon SKIN-SO-SOFT Bug Guard PLUS IR3535® Insect Repellent Moisturizing Lotion - SPF 30 Gentle Breeze, 4 oz",5.0,2015-10-08 16:56:48-04
Avon,"Avon SKIN-SO-SOFT Bug Guard PLUS IR3535® Insect Repellent Moisturizing Lotion - SPF 30 Gentle Breeze, 4 oz",5.0,2015-08-10 09:07:10-04
Avon,"Avon SKIN-SO-SOFT Bug Guard PLUS IR3535® Insect Repellent Moisturizing Lotion - SPF 30 Gentle Breeze, 4 oz",5.0,2021-09-24 14:26:10.081-04
Avon,"Avon SKIN-SO-SOFT Bug Guard PLUS IR3535® Insect Repellent Moisturizing Lotion - SPF 30 Gentle Breeze, 4 oz",4.0,2017-03-27 17:35:42-04
Avon,"Avon SKIN-SO-SOFT Bug Guard PLUS IR3535® Insect Repellent Moisturizing Lotion - SPF 30 Gentle Breeze, 4 oz",5.0,2015-02-02 22:35:10-05
Avon,"Avon SKIN-SO-SOFT Bug Guard PLUS IR3535® Insect Repellent Moisturizing Lotion - SPF 30 Gentle Breeze, 4 oz",4.0,2019-09-10 00:56:45.654-04
Avon,"Avon SKIN-SO-SOFT Bug Guard PLUS IR3535® Insect Repellent Moisturizing Lotion - SPF 30 Gentle Breeze, 4 oz",4.0,2018-05-24 00:15:53.254-04
Avon,"Avon SKIN-SO-SOFT Bug Guard PLUS IR3535® Insect Repellent Moisturizing Lotion - SPF 30 Gentle Breeze, 4 oz",3.0,2021-06-01 19:47:45.473-04
Avon,"Avon SKIN-SO-SOFT Bug Guard PLUS IR3535® Insect Repellent Moisturizing Lotion - SPF 30 Gentle Breeze, 4 oz",5.0,2016-08-19 20:41:22-04
Avon,"Avon SKIN-SO-SOFT Bug Guard PLUS IR3535® Insect Repellent Moisturizing Lotion - SPF 30 Gentle Breeze, 4 oz",5.0,2018-12-11 18:43:39.681-05
Avon,"Avon SKIN-SO-SOFT Bug Guard PLUS IR3535® Insect Repellent Moisturizing Lotion - SPF 30 Gentle Breeze, 4 oz",5.0,2015-09-05 16:47:08-04
Avon,"Avon SKIN-SO-SOFT Bug Guard PLUS IR3535® Insect Repellent Moisturizing Lotion - SPF 30 Gentle Breeze, 4 oz",5.0,2019-11-05 21:31:57.261-05
Avon,"Avon SKIN-SO-SOFT Bug Guard PLUS IR3535® Insect Repellent Moisturizing Lotion - SPF 30 Gentle Breeze, 4 oz",5.0,2016-01-15 09:21:12-05
Avon,"Avon SKIN-SO-SOFT Bug Guard PLUS IR3535® Insect Repellent Moisturizing Lotion - SPF 30 Gentle Breeze, 4 oz",5.0,2017-06-10 22:34:19.49-04
Avon,"Avon SKIN-SO-SOFT Bug Guard PLUS IR3535® Insect Repellent Moisturizing Lotion - SPF 30 Gentle Breeze, 4 oz",5.0,2014-09-19 01:04:43-04
Avon,"Avon SKIN-SO-SOFT Bug Guard PLUS IR3535® Insect Repellent Moisturizing Lotion - SPF 30 Gentle Breeze, 4 oz",5.0,2017-09-29 19:28:31.055-04
Avon,"Avon SKIN-SO-SOFT Bug Guard PLUS IR3535® Insect Repellent Moisturizing Lotion - SPF 30 Gentle Breeze, 4 oz",5.0,2014-08-20 03:37:52-04
Avon,"Avon SKIN-SO-SOFT Bug Guard PLUS IR3535® Insect Repellent Moisturizing Lotion - SPF 30 Gentle Breeze, 4 oz",5.0,2021-11-11 13:49:26.8-05
Avon,"Avon SKIN-SO-SOFT Bug Guard PLUS IR3535® Insect Repellent Moisturizing Lotion - SPF 30 Gentle Breeze, 4 oz",1.0,2021-10-09 14:31:29.953-04
Avon,"Avon SKIN-SO-SOFT Bug Guard PLUS IR3535® Insect Repellent Moisturizing Lotion - SPF 30 Gentle Breeze, 4 oz",5.0,2019-07-20 18:13:31.157-04
Avon,"Avon SKIN-SO-SOFT Bug Guard PLUS IR3535® Insect Repellent Moisturizing Lotion - SPF 30 Gentle Breeze, 4 oz",4.0,2015-10-12 13:46:15-04
Avon,"Avon SKIN-SO-SOFT Bug Guard PLUS IR3535® Insect Repellent Moisturizing Lotion - SPF 30 Gentle Breeze, 4 oz",5.0,2016-07-26 13:26:45-04
Avon,"Avon SKIN-SO-SOFT Bug Guard PLUS IR3535® Insect Repellent Moisturizing Lotion - SPF 30 Gentle Breeze, 4 oz",5.0,2016-11-29 07:55:13-05
Avon,"Avon SKIN-SO-SOFT Bug Guard PLUS IR3535® Insect Repellent Moisturizing Lotion - SPF 30 Gentle Breeze, 4 oz",5.0,2016-06-29 19:51:27-04
Avon,"Avon SKIN-SO-SOFT Bug Guard PLUS IR3535® Insect Repellent Moisturizing Lotion - SPF 30 Gentle Breeze, 4 oz",5.0,2020-03-22 10:29:55.34-04
Avon,"Avon SKIN-SO-SOFT Bug Guard PLUS IR3535® Insect Repellent Moisturizing Lotion - SPF 30 Gentle Breeze, 4 oz",3.0,2013-08-24 20:19:54-04
Avon,"Avon SKIN-SO-SOFT Bug Guard PLUS IR3535® Insect Repellent Moisturizing Lotion - SPF 30 Gentle Breeze, 4 oz",5.0,2014-09-09 14:01:40-04
Avon,"Avon SKIN-SO-SOFT Bug Guard PLUS IR3535® Insect Repellent Moisturizing Lotion - SPF 30 Gentle Breeze, 4 oz",4.0,2017-07-05 09:16:24.186-04
Avon,"Avon SKIN-SO-SOFT Bug Guard PLUS IR3535® Insect Repellent Moisturizing Lotion - SPF 30 Gentle Breeze, 4 oz",5.0,2015-01-15 08:24:55-05
Avon,"Avon SKIN-SO-SOFT Bug Guard PLUS IR3535® Insect Repellent Moisturizing Lotion - SPF 30 Gentle Breeze, 4 oz",2.0,2021-09-11 09:14:07.458-04
Avon,"Avon SKIN-SO-SOFT Bug Guard PLUS IR3535® Insect Repellent Moisturizing Lotion - SPF 30 Gentle Breeze, 4 oz",5.0,2020-07-29 00:04:14.333-04
Avon,"Avon SKIN-SO-SOFT Bug Guard PLUS IR3535® Insect Repellent Moisturizing Lotion - SPF 30 Gentle Breeze, 4 oz",5.0,2016-09-02 10:46:28-04
Avon,"Avon SKIN-SO-SOFT Bug Guard PLUS IR3535® Insect Repellent Moisturizing Lotion - SPF 30 Gentle Breeze, 4 oz",4.0,2022-07-10 18:31:49.67-04
Avon,"Avon SKIN-SO-SOFT Bug Guard PLUS IR3535® Insect Repellent Moisturizing Lotion - SPF 30 Gentle Breeze, 4 oz",5.0,2017-08-02 23:31:45.621-04
Avon,"Avon SKIN-SO-SOFT Bug Guard PLUS IR3535® Insect Repellent Moisturizing Lotion - SPF 30 Gentle Breeze, 4 oz",4.0,2016-04-27 11:58:54-04
Avon,"Avon SKIN-SO-SOFT Bug Guard PLUS IR3535® Insect Repellent Moisturizing Lotion - SPF 30 Gentle Breeze, 4 oz",3.0,2020-08-23 23:48:47.364-04
Avon,"Avon SKIN-SO-SOFT Bug Guard PLUS IR3535® Insect Repellent Moisturizing Lotion - SPF 30 Gentle Breeze, 4 oz",5.0,2019-12-28 08:16:25.667-05
Avon,"Avon SKIN-SO-SOFT Bug Guard PLUS IR3535® Insect Repellent Moisturizing Lotion - SPF 30 Gentle Breeze, 4 oz",4.0,2019-09-12 16:20:36.244-04
Avon,"Avon SKIN-SO-SOFT Bug Guard PLUS IR3535® Insect Repellent Moisturizing Lotion - SPF 30 Gentle Breeze, 4 oz",5.0,2016-06-25 23:03:07-04
Avon,"Avon SKIN-SO-SOFT Bug Guard PLUS IR3535® Insect Repellent Moisturizing Lotion - SPF 30 Gentle Breeze, 4 oz",5.0,2020-05-09 18:49:43.673-04
Avon,"Avon SKIN-SO-SOFT Bug Guard PLUS IR3535® Insect Repellent Moisturizing Lotion - SPF 30 Gentle Breeze, 4 oz",1.0,2020-07-12 20:04:39.723-04
Avon,"Avon SKIN-SO-SOFT Bug Guard PLUS IR3535® Insect Repellent Moisturizing Lotion - SPF 30 Gentle Breeze, 4 oz",4.0,2018-05-05 09:12:29.248-04
Avon,"Avon SKIN-SO-SOFT Bug Guard PLUS IR3535® Insect Repellent Moisturizing Lotion - SPF 30 Gentle Breeze, 4 oz",4.0,2016-09-05 03:54:12-04
Avon,"Avon SKIN-SO-SOFT Bug Guard PLUS IR3535® Insect Repellent Moisturizing Lotion - SPF 30 Gentle Breeze, 4 oz",5.0,2014-01-13 17:53:56-05
Avon,"Avon SKIN-SO-SOFT Bug Guard PLUS IR3535® Insect Repellent Moisturizing Lotion - SPF 30 Gentle Breeze, 4 oz",5.0,2014-10-24 08:47:49-04
Avon,"Avon SKIN-SO-SOFT Bug Guard PLUS IR3535® Insect Repellent Moisturizing Lotion - SPF 30 Gentle Breeze, 4 oz",1.0,2018-08-08 18:25:02.86-04
Avon,"Avon SKIN-SO-SOFT Bug Guard PLUS IR3535® Insect Repellent Moisturizing Lotion - SPF 30 Gentle Breeze, 4 oz",1.0,2019-09-20 14:12:57.749-04
Avon,"Avon SKIN-SO-SOFT Bug Guard PLUS IR3535® Insect Repellent Moisturizing Lotion - SPF 30 Gentle Breeze, 4 oz",5.0,2013-02-24 23:41:14-05
Avon,"Avon SKIN-SO-SOFT Bug Guard PLUS IR3535® Insect Repellent Moisturizing Lotion - SPF 30 Gentle Breeze, 4 oz",5.0,2022-06-24 21:25:29.656-04
Avon,"Avon SKIN-SO-SOFT Bug Guard PLUS IR3535® Insect Repellent Moisturizing Lotion - SPF 30 Gentle Breeze, 4 oz",5.0,2017-01-24 10:27:47-05
Avon,"Avon SKIN-SO-SOFT Bug Guard PLUS IR3535® Insect Repellent Moisturizing Lotion - SPF 30 Gentle Breeze, 4 oz",5.0,2014-09-05 01:54:04-04
Avon,"Avon SKIN-SO-SOFT Bug Guard PLUS IR3535® Insect Repellent Moisturizing Lotion - SPF 30 Gentle Breeze, 4 oz",5.0,2016-08-18 22:52:16-04
Avon,"Avon SKIN-SO-SOFT Bug Guard PLUS IR3535® Insect Repellent Moisturizing Lotion - SPF 30 Gentle Breeze, 4 oz",5.0,2016-07-04 09:03:31-04
Avon,"Avon SKIN-SO-SOFT Bug Guard PLUS IR3535® Insect Repellent Moisturizing Lotion - SPF 30 Gentle Breeze, 4 oz",5.0,2017-12-04 10:17:29.012-05
Avon,"Avon SKIN-SO-SOFT Bug Guard PLUS IR3535® Insect Repellent Moisturizing Lotion - SPF 30 Gentle Breeze, 4 oz",5.0,2022-08-11 17:45:59.053-04
Avon,"Avon SKIN-SO-SOFT Bug Guard PLUS IR3535® Insect Repellent Moisturizing Lotion - SPF 30 Gentle Breeze, 4 oz",2.0,2018-03-31 12:54:04.964-04
Avon,"Avon SKIN-SO-SOFT Bug Guard PLUS IR3535® Insect Repellent Moisturizing Lotion - SPF 30 Gentle Breeze, 4 oz",5.0,2014-12-20 13:29:10-05
Avon,"Avon SKIN-SO-SOFT Bug Guard PLUS IR3535® Insect Repellent Moisturizing Lotion - SPF 30 Gentle Breeze, 4 oz",5.0,2015-11-30 12:03:01-05
Avon,"Avon SKIN-SO-SOFT Bug Guard PLUS IR3535® Insect Repellent Moisturizing Lotion - SPF 30 Gentle Breeze, 4 oz",5.0,2015-04-23 11:03:28-04
Avon,"Avon SKIN-SO-SOFT Bug Guard PLUS IR3535® Insect Repellent Moisturizing Lotion - SPF 30 Gentle Breeze, 4 oz",5.0,2013-06-28 22:01:00-04
Avon,"Avon SKIN-SO-SOFT Bug Guard PLUS IR3535® Insect Repellent Moisturizing Lotion - SPF 30 Gentle Breeze, 4 oz",5.0,2020-06-17 20:52:30.908-04
Avon,"Avon SKIN-SO-SOFT Bug Guard PLUS IR3535® Insect Repellent Moisturizing Lotion - SPF 30 Gentle Breeze, 4 oz",5.0,2015-02-04 14:28:43-05
Avon,"Avon SKIN-SO-SOFT Bug Guard PLUS IR3535® Insect Repellent Moisturizing Lotion - SPF 30 Gentle Breeze, 4 oz",2.0,2022-06-13 12:06:04.292-04
Avon,"Avon SKIN-SO-SOFT Bug Guard PLUS IR3535® Insect Repellent Moisturizing Lotion - SPF 30 Gentle Breeze, 4 oz",1.0,2019-06-07 08:24:58.436-04
Avon,"Avon SKIN-SO-SOFT Bug Guard PLUS IR3535® Insect Repellent Moisturizing Lotion - SPF 30 Gentle Breeze, 4 oz",1.0,2019-07-07 18:15:10.636-04
Avon,"Avon SKIN-SO-SOFT Bug Guard PLUS IR3535® Insect Repellent Moisturizing Lotion - SPF 30 Gentle Breeze, 4 oz",5.0,2017-04-26 14:34:39-04
Avon,"Avon SKIN-SO-SOFT Bug Guard PLUS IR3535® Insect Repellent Moisturizing Lotion - SPF 30 Gentle Breeze, 4 oz",5.0,2019-03-14 15:52:12.855-04
Avon,"Avon SKIN-SO-SOFT Bug Guard PLUS IR3535® Insect Repellent Moisturizing Lotion - SPF 30 Gentle Breeze, 4 oz",5.0,2016-04-30 00:28:02-04
Avon,"Avon SKIN-SO-SOFT Bug Guard PLUS IR3535® Insect Repellent Moisturizing Lotion - SPF 30 Gentle Breeze, 4 oz",3.0,2016-12-09 13:28:55-05
Avon,"Avon SKIN-SO-SOFT Bug Guard PLUS IR3535® Insect Repellent Moisturizing Lotion - SPF 30 Gentle Breeze, 4 oz",5.0,2016-10-12 10:24:04-04
Avon,"Avon SKIN-SO-SOFT Bug Guard PLUS IR3535® Insect Repellent Moisturizing Lotion - SPF 30 Gentle Breeze, 4 oz",5.0,2017-08-04 13:33:56.763-04
Avon,"Avon SKIN-SO-SOFT Bug Guard PLUS IR3535® Insect Repellent Moisturizing Lotion - SPF 30 Gentle Breeze, 4 oz",5.0,2020-12-16 19:43:46.7-05
Avon,"Avon SKIN-SO-SOFT Bug Guard PLUS IR3535® Insect Repellent Moisturizing Lotion - SPF 30 Gentle Breeze, 4 oz",5.0,2017-03-21 08:05:55-04
Avon,"Avon SKIN-SO-SOFT Bug Guard PLUS IR3535® Insect Repellent Moisturizing Lotion - SPF 30 Gentle Breeze, 4 oz",5.0,2015-10-26 21:01:21-04
Avon,"Avon SKIN-SO-SOFT Bug Guard PLUS IR3535® Insect Repellent Moisturizing Lotion - SPF 30 Gentle Breeze, 4 oz",5.0,2016-08-02 00:17:25-04
Avon,"Avon SKIN-SO-SOFT Bug Guard PLUS IR3535® Insect Repellent Moisturizing Lotion - SPF 30 Gentle Breeze, 4 oz",5.0,2019-09-05 23:10:06.777-04
Avon,"Avon SKIN-SO-SOFT Bug Guard PLUS IR3535® Insect Repellent Moisturizing Lotion - SPF 30 Gentle Breeze, 4 oz",2.0,2022-06-18 14:57:37.494-04
Avon,"Avon SKIN-SO-SOFT Bug Guard PLUS IR3535® Insect Repellent Moisturizing Lotion - SPF 30 Gentle Breeze, 4 oz",5.0,2014-06-17 11:00:07-04
Avon,"Avon SKIN-SO-SOFT Bug Guard PLUS IR3535® Insect Repellent Moisturizing Lotion - SPF 30 Gentle Breeze, 4 oz",4.0,2015-12-20 22:03:36-05
Avon,"Avon SKIN-SO-SOFT Bug Guard PLUS IR3535® Insect Repellent Moisturizing Lotion - SPF 30 Gentle Breeze, 4 oz",5.0,2016-03-28 23:41:22-04
Avon,"Avon SKIN-SO-SOFT Bug Guard PLUS IR3535® Insect Repellent Moisturizing Lotion - SPF 30 Gentle Breeze, 4 oz",5.0,2022-03-06 23:40:44.713-05
Avon,"Avon SKIN-SO-SOFT Bug Guard PLUS IR3535® Insect Repellent Moisturizing Lotion - SPF 30 Gentle Breeze, 4 oz",5.0,2013-04-26 08:38:05-04
Avon,"Avon SKIN-SO-SOFT Bug Guard PLUS IR3535® Insect Repellent Moisturizing Lotion - SPF 30 Gentle Breeze, 4 oz",5.0,2014-10-30 18:45:09-04
Avon,"Avon SKIN-SO-SOFT Bug Guard PLUS IR3535® Insect Repellent Moisturizing Lotion - SPF 30 Gentle Breeze, 4 oz",5.0,2022-04-23 10:54:24.812-04
Avon,"Avon SKIN-SO-SOFT Bug Guard PLUS IR3535® Insect Repellent Moisturizing Lotion - SPF 30 Gentle Breeze, 4 oz",5.0,2021-07-06 15:11:31.824-04
Avon,"Avon SKIN-SO-SOFT Bug Guard PLUS IR3535® Insect Repellent Moisturizing Lotion - SPF 30 Gentle Breeze, 4 oz",5.0,2013-03-04 10:52:09-05
Avon,"Avon SKIN-SO-SOFT Bug Guard PLUS IR3535® Insect Repellent Moisturizing Lotion - SPF 30 Gentle Breeze, 4 oz",4.0,2015-08-12 08:42:48-04
Avon,"Avon SKIN-SO-SOFT Bug Guard PLUS IR3535® Insect Repellent Moisturizing Lotion - SPF 30 Gentle Breeze, 4 oz",1.0,2019-06-04 15:12:39.811-04
Avon,"Avon SKIN-SO-SOFT Bug Guard PLUS IR3535® Insect Repellent Moisturizing Lotion - SPF 30 Gentle Breeze, 4 oz",2.0,2016-07-31 12:26:51-04
Avon,"Avon SKIN-SO-SOFT Bug Guard PLUS IR3535® Insect Repellent Moisturizing Lotion - SPF 30 Gentle Breeze, 4 oz",5.0,2020-06-18 09:37:18.161-04
Avon,"Avon SKIN-SO-SOFT Bug Guard PLUS IR3535® Insect Repellent Moisturizing Lotion - SPF 30 Gentle Breeze, 4 oz",5.0,2012-09-12 10:58:35-04
Avon,"Avon SKIN-SO-SOFT Bug Guard PLUS IR3535® Insect Repellent Moisturizing Lotion - SPF 30 Gentle Breeze, 4 oz",5.0,2016-07-18 12:21:29-04
Avon,"Avon SKIN-SO-SOFT Bug Guard PLUS IR3535® Insect Repellent Moisturizing Lotion - SPF 30 Gentle Breeze, 4 oz",3.0,2016-07-18 15:56:14-04
Avon,"Avon SKIN-SO-SOFT Bug Guard PLUS IR3535® Insect Repellent Moisturizing Lotion - SPF 30 Gentle Breeze, 4 oz",5.0,2019-12-27 19:15:01.814-05
Avon,"Avon SKIN-SO-SOFT Bug Guard PLUS IR3535® Insect Repellent Moisturizing Lotion - SPF 30 Gentle Breeze, 4 oz",5.0,2018-08-11 09:58:00.776-04
Avon,"Avon SKIN-SO-SOFT Bug Guard PLUS IR3535® Insect Repellent Moisturizing Lotion - SPF 30 Gentle Breeze, 4 oz",5.0,2019-12-21 21:29:44.574-05
Avon,"Avon SKIN-SO-SOFT Bug Guard PLUS IR3535® Insect Repellent Moisturizing Lotion - SPF 30 Gentle Breeze, 4 oz",4.0,2021-03-17 14:15:05.008-04
Avon,"Avon SKIN-SO-SOFT Bug Guard PLUS IR3535® Insect Repellent Moisturizing Lotion - SPF 30 Gentle Breeze, 4 oz",1.0,2022-09-11 15:37:57.88-04
Avon,"Avon SKIN-SO-SOFT Bug Guard PLUS IR3535® Insect Repellent Moisturizing Lotion - SPF 30 Gentle Breeze, 4 oz",5.0,2018-11-11 22:31:37.273-05
Avon,"Avon SKIN-SO-SOFT Bug Guard PLUS IR3535® Insect Repellent Moisturizing Lotion - SPF 30 Gentle Breeze, 4 oz",5.0,2015-05-21 14:02:41-04
Avon,"Avon SKIN-SO-SOFT Bug Guard PLUS IR3535® Insect Repellent Moisturizing Lotion - SPF 30 Gentle Breeze, 4 oz",5.0,2017-09-17 09:16:22.686-04
Avon,"Avon SKIN-SO-SOFT Bug Guard PLUS IR3535® Insect Repellent Moisturizing Lotion - SPF 30 Gentle Breeze, 4 oz",5.0,2017-08-08 00:18:57.116-04
Avon,"Avon SKIN-SO-SOFT Bug Guard PLUS IR3535® Insect Repellent Moisturizing Lotion - SPF 30 Gentle Breeze, 4 oz",5.0,2015-09-15 19:49:45-04
Avon,"Avon SKIN-SO-SOFT Bug Guard PLUS IR3535® Insect Repellent Moisturizing Lotion - SPF 30 Gentle Breeze, 4 oz",5.0,2015-08-13 12:29:30-04
Avon,"Avon SKIN-SO-SOFT Bug Guard PLUS IR3535® Insect Repellent Moisturizing Lotion - SPF 30 Gentle Breeze, 4 oz",5.0,2020-03-22 18:45:03.095-04
Avon,"Avon SKIN-SO-SOFT Bug Guard PLUS IR3535® Insect Repellent Moisturizing Lotion - SPF 30 Gentle Breeze, 4 oz",5.0,2017-07-26 09:40:18.622-04
Avon,"Avon SKIN-SO-SOFT Bug Guard PLUS IR3535® Insect Repellent Moisturizing Lotion - SPF 30 Gentle Breeze, 4 oz",5.0,2015-02-24 18:00:08-05
Avon,"Avon SKIN-SO-SOFT Bug Guard PLUS IR3535® Insect Repellent Moisturizing Lotion - SPF 30 Gentle Breeze, 4 oz",5.0,2017-12-20 14:36:51.701-05
Avon,"Avon SKIN-SO-SOFT Bug Guard PLUS IR3535® Insect Repellent Moisturizing Lotion - SPF 30 Gentle Breeze, 4 oz",1.0,2015-06-19 23:59:00-04
Avon,"Avon SKIN-SO-SOFT Bug Guard PLUS IR3535® Insect Repellent Moisturizing Lotion - SPF 30 Gentle Breeze, 4 oz",5.0,2018-09-04 13:22:00.692-04
Avon,"Avon SKIN-SO-SOFT Bug Guard PLUS IR3535® Insect Repellent Moisturizing Lotion - SPF 30 Gentle Breeze, 4 oz",5.0,2017-08-14 12:50:22.706-04
Avon,"Avon SKIN-SO-SOFT Bug Guard PLUS IR3535® Insect Repellent Moisturizing Lotion - SPF 30 Gentle Breeze, 4 oz",5.0,2020-08-03 18:02:25.64-04
Avon,"Avon SKIN-SO-SOFT Bug Guard PLUS IR3535® Insect Repellent Moisturizing Lotion - SPF 30 Gentle Breeze, 4 oz",1.0,2019-05-22 08:12:59.622-04
Avon,"Avon SKIN-SO-SOFT Bug Guard PLUS IR3535® Insect Repellent Moisturizing Lotion - SPF 30 Gentle Breeze, 4 oz",5.0,2016-07-27 10:29:38-04
Avon,"Avon SKIN-SO-SOFT Bug Guard PLUS IR3535® Insect Repellent Moisturizing Lotion - SPF 30 Gentle Breeze, 4 oz",5.0,2014-11-09 11:42:30-05
Avon,"Avon SKIN-SO-SOFT Bug Guard PLUS IR3535® Insect Repellent Moisturizing Lotion - SPF 30 Gentle Breeze, 4 oz",5.0,2016-08-23 05:35:42-04
Avon,"Avon SKIN-SO-SOFT Bug Guard PLUS IR3535® Insect Repellent Moisturizing Lotion - SPF 30 Gentle Breeze, 4 oz",5.0,2014-05-09 20:52:33-04
Avon,"Avon SKIN-SO-SOFT Bug Guard PLUS IR3535® Insect Repellent Moisturizing Lotion - SPF 30 Gentle Breeze, 4 oz",3.0,2019-08-10 01:14:58.527-04
Avon,"Avon SKIN-SO-SOFT Bug Guard PLUS IR3535® Insect Repellent Moisturizing Lotion - SPF 30 Gentle Breeze, 4 oz",5.0,2015-06-24 11:41:36-04
Avon,"Avon SKIN-SO-SOFT Bug Guard PLUS IR3535® Insect Repellent Moisturizing Lotion - SPF 30 Gentle Breeze, 4 oz",5.0,2017-08-11 14:36:55.34-04
Avon,"Avon SKIN-SO-SOFT Bug Guard PLUS IR3535® Insect Repellent Moisturizing Lotion - SPF 30 Gentle Breeze, 4 oz",5.0,2020-06-23 05:57:39.887-04
Avon,"Avon SKIN-SO-SOFT Bug Guard PLUS IR3535® Insect Repellent Moisturizing Lotion - SPF 30 Gentle Breeze, 4 oz",1.0,2020-05-04 21:15:23.679-04
Avon,"Avon SKIN-SO-SOFT Bug Guard PLUS IR3535® Insect Repellent Moisturizing Lotion - SPF 30 Gentle Breeze, 4 oz",5.0,2010-03-13 17:14:41-05
Avon,"Avon SKIN-SO-SOFT Bug Guard PLUS IR3535® Insect Repellent Moisturizing Lotion - SPF 30 Gentle Breeze, 4 oz",5.0,2017-01-15 09:11:24-05
Avon,"Avon SKIN-SO-SOFT Bug Guard PLUS IR3535® Insect Repellent Moisturizing Lotion - SPF 30 Gentle Breeze, 4 oz",5.0,2022-08-25 22:00:55.258-04
Avon,"Avon SKIN-SO-SOFT Bug Guard PLUS IR3535® Insect Repellent Moisturizing Lotion - SPF 30 Gentle Breeze, 4 oz",5.0,2019-06-30 21:03:54.622-04
Avon,"Avon SKIN-SO-SOFT Bug Guard PLUS IR3535® Insect Repellent Moisturizing Lotion - SPF 30 Gentle Breeze, 4 oz",1.0,2020-06-12 09:21:52.508-04
Avon,"Avon SKIN-SO-SOFT Bug Guard PLUS IR3535® Insect Repellent Moisturizing Lotion - SPF 30 Gentle Breeze, 4 oz",4.0,2013-01-11 12:35:20-05
Avon,"Avon SKIN-SO-SOFT Bug Guard PLUS IR3535® Insect Repellent Moisturizing Lotion - SPF 30 Gentle Breeze, 4 oz",4.0,2013-06-03 16:42:37-04
Avon,"Avon SKIN-SO-SOFT Bug Guard PLUS IR3535® Insect Repellent Moisturizing Lotion - SPF 30 Gentle Breeze, 4 oz",4.0,2022-09-29 14:43:49.458-04
Avon,"Avon SKIN-SO-SOFT Bug Guard PLUS IR3535® Insect Repellent Moisturizing Lotion - SPF 30 Gentle Breeze, 4 oz",5.0,2015-08-10 13:54:38-04
Avon,"Avon SKIN-SO-SOFT Bug Guard PLUS IR3535® Insect Repellent Moisturizing Lotion - SPF 30 Gentle Breeze, 4 oz",5.0,2014-11-05 16:52:57-05
Avon,"Avon SKIN-SO-SOFT Bug Guard PLUS IR3535® Insect Repellent Moisturizing Lotion - SPF 30 Gentle Breeze, 4 oz",5.0,2017-06-23 21:08:54.281-04
Avon,"Avon SKIN-SO-SOFT Bug Guard PLUS IR3535® Insect Repellent Moisturizing Lotion - SPF 30 Gentle Breeze, 4 oz",5.0,2013-10-27 00:32:49-04
Avon,"Avon SKIN-SO-SOFT Bug Guard PLUS IR3535® Insect Repellent Moisturizing Lotion - SPF 30 Gentle Breeze, 4 oz",5.0,2016-06-19 11:35:55-04
Avon,"Avon SKIN-SO-SOFT Bug Guard PLUS IR3535® Insect Repellent Moisturizing Lotion - SPF 30 Gentle Breeze, 4 oz",5.0,2020-06-23 16:29:51.032-04
Avon,"Avon SKIN-SO-SOFT Bug Guard PLUS IR3535® Insect Repellent Moisturizing Lotion - SPF 30 Gentle Breeze, 4 oz",1.0,2015-05-20 13:56:18-04
Avon,"Avon SKIN-SO-SOFT Bug Guard PLUS IR3535® Insect Repellent Moisturizing Lotion - SPF 30 Gentle Breeze, 4 oz",5.0,2017-03-22 17:10:18-04
Avon,"Avon SKIN-SO-SOFT Bug Guard PLUS IR3535® Insect Repellent Moisturizing Lotion - SPF 30 Gentle Breeze, 4 oz",4.0,2015-06-09 10:41:43-04
Avon,"Avon SKIN-SO-SOFT Bug Guard PLUS IR3535® Insect Repellent Moisturizing Lotion - SPF 30 Gentle Breeze, 4 oz",4.0,2014-12-14 16:22:32-05
Avon,"Avon SKIN-SO-SOFT Bug Guard PLUS IR3535® Insect Repellent Moisturizing Lotion - SPF 30 Gentle Breeze, 4 oz",5.0,2014-11-20 23:01:25-05
Avon,"Avon SKIN-SO-SOFT Bug Guard PLUS IR3535® Insect Repellent Moisturizing Lotion - SPF 30 Gentle Breeze, 4 oz",5.0,2015-08-13 09:19:57-04
Avon,"Avon SKIN-SO-SOFT Bug Guard PLUS IR3535® Insect Repellent Moisturizing Lotion - SPF 30 Gentle Breeze, 4 oz",1.0,2022-10-02 11:41:13.573-04
Avon,"Avon SKIN-SO-SOFT Bug Guard PLUS IR3535® Insect Repellent Moisturizing Lotion - SPF 30 Gentle Breeze, 4 oz",5.0,2016-09-23 14:57:57-04
Avon,"Avon SKIN-SO-SOFT Bug Guard PLUS IR3535® Insect Repellent Moisturizing Lotion - SPF 30 Gentle Breeze, 4 oz",5.0,2019-02-27 15:35:51.276-05
Avon,"Avon SKIN-SO-SOFT Bug Guard PLUS IR3535® Insect Repellent Moisturizing Lotion - SPF 30 Gentle Breeze, 4 oz",5.0,2020-07-03 19:19:10.725-04
Avon,"Avon SKIN-SO-SOFT Bug Guard PLUS IR3535® Insect Repellent Moisturizing Lotion - SPF 30 Gentle Breeze, 4 oz",1.0,2016-01-14 18:59:39-05
Avon,"Avon SKIN-SO-SOFT Bug Guard PLUS IR3535® Insect Repellent Moisturizing Lotion - SPF 30 Gentle Breeze, 4 oz",2.0,2014-02-03 17:16:56-05
Avon,"Avon SKIN-SO-SOFT Bug Guard PLUS IR3535® Insect Repellent Moisturizing Lotion - SPF 30 Gentle Breeze, 4 oz",4.0,2013-07-29 14:28:43-04
Avon,"Avon SKIN-SO-SOFT Bug Guard PLUS IR3535® Insect Repellent Moisturizing Lotion - SPF 30 Gentle Breeze, 4 oz",1.0,2020-06-18 13:30:00.424-04
Avon,"Avon SKIN-SO-SOFT Bug Guard PLUS IR3535® Insect Repellent Moisturizing Lotion - SPF 30 Gentle Breeze, 4 oz",5.0,2015-11-16 07:38:27-05
Avon,"Avon SKIN-SO-SOFT Bug Guard PLUS IR3535® Insect Repellent Moisturizing Lotion - SPF 30 Gentle Breeze, 4 oz",5.0,2017-06-02 13:50:05-04
Avon,"Avon SKIN-SO-SOFT Bug Guard PLUS IR3535® Insect Repellent Moisturizing Lotion - SPF 30 Gentle Breeze, 4 oz",5.0,2018-04-20 14:00:06.355-04
Avon,"Avon SKIN-SO-SOFT Bug Guard PLUS IR3535® Insect Repellent Moisturizing Lotion - SPF 30 Gentle Breeze, 4 oz",5.0,2014-08-16 11:22:08-04
Avon,"Avon SKIN-SO-SOFT Bug Guard PLUS IR3535® Insect Repellent Moisturizing Lotion - SPF 30 Gentle Breeze, 4 oz",5.0,2020-12-09 09:31:44.412-05
Avon,"Avon SKIN-SO-SOFT Bug Guard PLUS IR3535® Insect Repellent Moisturizing Lotion - SPF 30 Gentle Breeze, 4 oz",5.0,2016-09-02 16:41:38-04
Avon,"Avon SKIN-SO-SOFT Bug Guard PLUS IR3535® Insect Repellent Moisturizing Lotion - SPF 30 Gentle Breeze, 4 oz",1.0,2015-09-08 21:19:53-04
Avon,"Avon SKIN-SO-SOFT Bug Guard PLUS IR3535® Insect Repellent Moisturizing Lotion - SPF 30 Gentle Breeze, 4 oz",1.0,2017-09-06 15:17:50.131-04
Avon,"Avon SKIN-SO-SOFT Bug Guard PLUS IR3535® Insect Repellent Moisturizing Lotion - SPF 30 Gentle Breeze, 4 oz",1.0,2019-03-11 21:59:29.219-04
Avon,"Avon SKIN-SO-SOFT Bug Guard PLUS IR3535® Insect Repellent Moisturizing Lotion - SPF 30 Gentle Breeze, 4 oz",5.0,2014-12-09 20:57:07-05
Avon,"Avon SKIN-SO-SOFT Bug Guard PLUS IR3535® Insect Repellent Moisturizing Lotion - SPF 30 Gentle Breeze, 4 oz",5.0,2015-06-04 09:09:31-04
Avon,"Avon SKIN-SO-SOFT Bug Guard PLUS IR3535® Insect Repellent Moisturizing Lotion - SPF 30 Gentle Breeze, 4 oz",5.0,2017-03-27 20:58:55-04
Avon,"Avon SKIN-SO-SOFT Bug Guard PLUS IR3535® Insect Repellent Moisturizing Lotion - SPF 30 Gentle Breeze, 4 oz",4.0,2021-02-12 14:22:23.795-05
Avon,"Avon SKIN-SO-SOFT Bug Guard PLUS IR3535® Insect Repellent Moisturizing Lotion - SPF 30 Gentle Breeze, 4 oz",5.0,2017-04-01 13:09:41-04
Avon,"Avon SKIN-SO-SOFT Bug Guard PLUS IR3535® Insect Repellent Moisturizing Lotion - SPF 30 Gentle Breeze, 4 oz",5.0,2015-08-26 14:32:28-04
Avon,"Avon SKIN-SO-SOFT Bug Guard PLUS IR3535® Insect Repellent Moisturizing Lotion - SPF 30 Gentle Breeze, 4 oz",4.0,2015-12-28 19:34:28-05
Avon,"Avon SKIN-SO-SOFT Bug Guard PLUS IR3535® Insect Repellent Moisturizing Lotion - SPF 30 Gentle Breeze, 4 oz",4.0,2020-07-31 22:22:49.763-04
Avon,"Avon SKIN-SO-SOFT Bug Guard PLUS IR3535® Insect Repellent Moisturizing Lotion - SPF 30 Gentle Breeze, 4 oz",5.0,2016-09-16 16:55:30-04
Avon,"Avon SKIN-SO-SOFT Bug Guard PLUS IR3535® Insect Repellent Moisturizing Lotion - SPF 30 Gentle Breeze, 4 oz",5.0,2013-08-22 17:24:51-04
Avon,"Avon SKIN-SO-SOFT Bug Guard PLUS IR3535® Insect Repellent Moisturizing Lotion - SPF 30 Gentle Breeze, 4 oz",5.0,2022-01-07 12:06:00.013-05
Avon,"Avon SKIN-SO-SOFT Bug Guard PLUS IR3535® Insect Repellent Moisturizing Lotion - SPF 30 Gentle Breeze, 4 oz",5.0,2016-08-29 11:38:55-04
Avon,"Avon SKIN-SO-SOFT Bug Guard PLUS IR3535® Insect Repellent Moisturizing Lotion - SPF 30 Gentle Breeze, 4 oz",5.0,2017-04-07 21:35:23-04
Avon,"Avon SKIN-SO-SOFT Bug Guard PLUS IR3535® Insect Repellent Moisturizing Lotion - SPF 30 Gentle Breeze, 4 oz",1.0,2020-04-25 16:22:31.176-04
Avon,"Avon SKIN-SO-SOFT Bug Guard PLUS IR3535® Insect Repellent Moisturizing Lotion - SPF 30 Gentle Breeze, 4 oz",1.0,2019-09-11 15:40:39.092-04
Avon,"Avon SKIN-SO-SOFT Bug Guard PLUS IR3535® Insect Repellent Moisturizing Lotion - SPF 30 Gentle Breeze, 4 oz",4.0,2019-08-07 18:43:50.173-04
Avon,"Avon SKIN-SO-SOFT Bug Guard PLUS IR3535® Insect Repellent Moisturizing Lotion - SPF 30 Gentle Breeze, 4 oz",5.0,2019-11-11 23:51:41.014-05
Avon,"Avon SKIN-SO-SOFT Bug Guard PLUS IR3535® Insect Repellent Moisturizing Lotion - SPF 30 Gentle Breeze, 4 oz",5.0,2016-10-03 03:59:31-04
Avon,"Avon SKIN-SO-SOFT Bug Guard PLUS IR3535® Insect Repellent Moisturizing Lotion - SPF 30 Gentle Breeze, 4 oz",3.0,2015-01-11 11:55:28-05
Avon,"Avon SKIN-SO-SOFT Bug Guard PLUS IR3535® Insect Repellent Moisturizing Lotion - SPF 30 Gentle Breeze, 4 oz",2.0,2017-08-29 10:28:29.649-04
Avon,"Avon SKIN-SO-SOFT Bug Guard PLUS IR3535® Insect Repellent Moisturizing Lotion - SPF 30 Gentle Breeze, 4 oz",5.0,2019-05-25 17:30:06.451-04
Avon,"Avon SKIN-SO-SOFT Bug Guard PLUS IR3535® Insect Repellent Moisturizing Lotion - SPF 30 Gentle Breeze, 4 oz",5.0,2018-06-15 21:56:13.594-04
Avon,"Avon SKIN-SO-SOFT Bug Guard PLUS IR3535® Insect Repellent Moisturizing Lotion - SPF 30 Gentle Breeze, 4 oz",4.0,2018-10-23 17:13:03.488-04
Avon,"Avon SKIN-SO-SOFT Bug Guard PLUS IR3535® Insect Repellent Moisturizing Lotion - SPF 30 Gentle Breeze, 4 oz",5.0,2019-06-19 12:33:48.773-04
Avon,"Avon SKIN-SO-SOFT Bug Guard PLUS IR3535® Insect Repellent Moisturizing Lotion - SPF 30 Gentle Breeze, 4 oz",5.0,2016-11-25 18:24:44-05
Avon,"Avon SKIN-SO-SOFT Bug Guard PLUS IR3535® Insect Repellent Moisturizing Lotion - SPF 30 Gentle Breeze, 4 oz",3.0,2016-02-18 22:09:32-05
Avon,"Avon SKIN-SO-SOFT Bug Guard PLUS IR3535® Insect Repellent Moisturizing Lotion - SPF 30 Gentle Breeze, 4 oz",4.0,2018-07-10 09:48:45.746-04
Avon,"Avon SKIN-SO-SOFT Bug Guard PLUS IR3535® Insect Repellent Moisturizing Lotion - SPF 30 Gentle Breeze, 4 oz",5.0,2017-05-10 20:08:04-04
Avon,"Avon SKIN-SO-SOFT Bug Guard PLUS IR3535® Insect Repellent Moisturizing Lotion - SPF 30 Gentle Breeze, 4 oz",5.0,2014-07-02 10:03:01-04
Avon,"Avon SKIN-SO-SOFT Bug Guard PLUS IR3535® Insect Repellent Moisturizing Lotion - SPF 30 Gentle Breeze, 4 oz",4.0,2018-08-27 17:44:08.147-04
Avon,"Avon SKIN-SO-SOFT Bug Guard PLUS IR3535® Insect Repellent Moisturizing Lotion - SPF 30 Gentle Breeze, 4 oz",5.0,2016-03-04 19:15:35-05
Avon,"Avon SKIN-SO-SOFT Bug Guard PLUS IR3535® Insect Repellent Moisturizing Lotion - SPF 30 Gentle Breeze, 4 oz",5.0,2016-11-20 16:17:33-05
Avon,"Avon SKIN-SO-SOFT Bug Guard PLUS IR3535® Insect Repellent Moisturizing Lotion - SPF 30 Gentle Breeze, 4 oz",5.0,2014-07-15 09:33:03-04
Avon,"Avon SKIN-SO-SOFT Bug Guard PLUS IR3535® Insect Repellent Moisturizing Lotion - SPF 30 Gentle Breeze, 4 oz",5.0,2017-09-16 14:45:02.47-04
Avon,"Avon SKIN-SO-SOFT Bug Guard PLUS IR3535® Insect Repellent Moisturizing Lotion - SPF 30 Gentle Breeze, 4 oz",1.0,2017-03-14 22:48:25-04
Avon,"Avon SKIN-SO-SOFT Bug Guard PLUS IR3535® Insect Repellent Moisturizing Lotion - SPF 30 Gentle Breeze, 4 oz",5.0,2020-06-21 20:20:46.359-04
Avon,"Avon SKIN-SO-SOFT Bug Guard PLUS IR3535® Insect Repellent Moisturizing Lotion - SPF 30 Gentle Breeze, 4 oz",5.0,2016-07-28 00:57:04-04
Avon,"Avon SKIN-SO-SOFT Bug Guard PLUS IR3535® Insect Repellent Moisturizing Lotion - SPF 30 Gentle Breeze, 4 oz",4.0,2014-07-19 19:50:02-04
Avon,"Avon SKIN-SO-SOFT Bug Guard PLUS IR3535® Insect Repellent Moisturizing Lotion - SPF 30 Gentle Breeze, 4 oz",1.0,2015-11-03 12:16:42-05
Avon,"Avon SKIN-SO-SOFT Bug Guard PLUS IR3535® Insect Repellent Moisturizing Lotion - SPF 30 Gentle Breeze, 4 oz",4.0,2017-08-31 13:56:14.41-04
Avon,"Avon SKIN-SO-SOFT Bug Guard PLUS IR3535® Insect Repellent Moisturizing Lotion - SPF 30 Gentle Breeze, 4 oz",5.0,2022-08-16 18:33:40.311-04
Avon,"Avon SKIN-SO-SOFT Bug Guard PLUS IR3535® Insect Repellent Moisturizing Lotion - SPF 30 Gentle Breeze, 4 oz",2.0,2017-09-13 22:00:29.259-04
Avon,"Avon SKIN-SO-SOFT Bug Guard PLUS IR3535® Insect Repellent Moisturizing Lotion - SPF 30 Gentle Breeze, 4 oz",5.0,2016-07-02 03:41:42-04
Avon,"Avon SKIN-SO-SOFT Bug Guard PLUS IR3535® Insect Repellent Moisturizing Lotion - SPF 30 Gentle Breeze, 4 oz",5.0,2015-04-26 18:16:51-04
Avon,"Avon SKIN-SO-SOFT Bug Guard PLUS IR3535® Insect Repellent Moisturizing Lotion - SPF 30 Gentle Breeze, 4 oz",2.0,2014-11-11 17:44:23-05
Avon,"Avon SKIN-SO-SOFT Bug Guard PLUS IR3535® Insect Repellent Moisturizing Lotion - SPF 30 Gentle Breeze, 4 oz",5.0,2015-06-29 22:24:47-04
Avon,"Avon SKIN-SO-SOFT Bug Guard PLUS IR3535® Insect Repellent Moisturizing Lotion - SPF 30 Gentle Breeze, 4 oz",5.0,2016-11-20 10:24:42-05
Avon,"Avon SKIN-SO-SOFT Bug Guard PLUS IR3535® Insect Repellent Moisturizing Lotion - SPF 30 Gentle Breeze, 4 oz",5.0,2018-03-24 13:13:20.023-04
Avon,"Avon SKIN-SO-SOFT Bug Guard PLUS IR3535® Insect Repellent Moisturizing Lotion - SPF 30 Gentle Breeze, 4 oz",5.0,2017-09-21 13:31:54.273-04
Avon,"Avon SKIN-SO-SOFT Bug Guard PLUS IR3535® Insect Repellent Moisturizing Lotion - SPF 30 Gentle Breeze, 4 oz",5.0,2013-08-16 22:03:31-04
Avon,"Avon SKIN-SO-SOFT Bug Guard PLUS IR3535® Insect Repellent Moisturizing Lotion - SPF 30 Gentle Breeze, 4 oz",1.0,2021-05-27 08:49:55.282-04
Avon,"Avon SKIN-SO-SOFT Bug Guard PLUS IR3535® Insect Repellent Moisturizing Lotion - SPF 30 Gentle Breeze, 4 oz",5.0,2012-10-05 06:57:36-04
Avon,"Avon SKIN-SO-SOFT Bug Guard PLUS IR3535® Insect Repellent Moisturizing Lotion - SPF 30 Gentle Breeze, 4 oz",5.0,2016-04-01 01:21:19-04
Avon,"Avon SKIN-SO-SOFT Bug Guard PLUS IR3535® Insect Repellent Moisturizing Lotion - SPF 30 Gentle Breeze, 4 oz",5.0,2015-06-26 22:26:45-04
Avon,"Avon SKIN-SO-SOFT Bug Guard PLUS IR3535® Insect Repellent Moisturizing Lotion - SPF 30 Gentle Breeze, 4 oz",5.0,2021-08-09 04:55:47.936-04
Avon,"Avon SKIN-SO-SOFT Bug Guard PLUS IR3535® Insect Repellent Moisturizing Lotion - SPF 30 Gentle Breeze, 4 oz",4.0,2020-07-02 15:39:33.709-04
Avon,"Avon SKIN-SO-SOFT Bug Guard PLUS IR3535® Insect Repellent Moisturizing Lotion - SPF 30 Gentle Breeze, 4 oz",5.0,2014-10-23 09:29:21-04
Avon,"Avon SKIN-SO-SOFT Bug Guard PLUS IR3535® Insect Repellent Moisturizing Lotion - SPF 30 Gentle Breeze, 4 oz",5.0,2022-09-13 22:13:08.722-04
Avon,"Avon SKIN-SO-SOFT Bug Guard PLUS IR3535® Insect Repellent Moisturizing Lotion - SPF 30 Gentle Breeze, 4 oz",3.0,2017-08-10 03:41:37.93-04
Avon,"Avon SKIN-SO-SOFT Bug Guard PLUS IR3535® Insect Repellent Moisturizing Lotion - SPF 30 Gentle Breeze, 4 oz",5.0,2015-06-04 15:46:48-04
Avon,"Avon SKIN-SO-SOFT Bug Guard PLUS IR3535® Insect Repellent Moisturizing Lotion - SPF 30 Gentle Breeze, 4 oz",5.0,2015-10-18 10:52:01-04
Avon,"Avon SKIN-SO-SOFT Bug Guard PLUS IR3535® Insect Repellent Moisturizing Lotion - SPF 30 Gentle Breeze, 4 oz",5.0,2015-07-17 19:40:13-04
Avon,"Avon SKIN-SO-SOFT Bug Guard PLUS IR3535® Insect Repellent Moisturizing Lotion - SPF 30 Gentle Breeze, 4 oz",1.0,2014-07-17 11:43:00-04
Avon,"Avon SKIN-SO-SOFT Bug Guard PLUS IR3535® Insect Repellent Moisturizing Lotion - SPF 30 Gentle Breeze, 4 oz",1.0,2020-07-20 10:42:32.208-04
Avon,"Avon SKIN-SO-SOFT Bug Guard PLUS IR3535® Insect Repellent Moisturizing Lotion - SPF 30 Gentle Breeze, 4 oz",5.0,2016-06-19 20:58:32-04
Avon,"Avon SKIN-SO-SOFT Bug Guard PLUS IR3535® Insect Repellent Moisturizing Lotion - SPF 30 Gentle Breeze, 4 oz",5.0,2020-09-14 18:29:19.505-04
Avon,"Avon SKIN-SO-SOFT Bug Guard PLUS IR3535® Insect Repellent Moisturizing Lotion - SPF 30 Gentle Breeze, 4 oz",3.0,2013-07-20 17:08:44-04
Avon,"Avon SKIN-SO-SOFT Bug Guard PLUS IR3535® Insect Repellent Moisturizing Lotion - SPF 30 Gentle Breeze, 4 oz",5.0,2017-07-21 14:17:19.755-04
Avon,"Avon SKIN-SO-SOFT Bug Guard PLUS IR3535® Insect Repellent Moisturizing Lotion - SPF 30 Gentle Breeze, 4 oz",5.0,2021-06-07 15:36:59.362-04
Avon,"Avon SKIN-SO-SOFT Bug Guard PLUS IR3535® Insect Repellent Moisturizing Lotion - SPF 30 Gentle Breeze, 4 oz",5.0,2017-06-28 14:10:45.739-04
Avon,"Avon SKIN-SO-SOFT Bug Guard PLUS IR3535® Insect Repellent Moisturizing Lotion - SPF 30 Gentle Breeze, 4 oz",5.0,2013-08-24 22:57:26-04
Avon,"Avon SKIN-SO-SOFT Bug Guard PLUS IR3535® Insect Repellent Moisturizing Lotion - SPF 30 Gentle Breeze, 4 oz",5.0,2017-07-23 20:17:25.459-04
Avon,"Avon SKIN-SO-SOFT Bug Guard PLUS IR3535® Insect Repellent Moisturizing Lotion - SPF 30 Gentle Breeze, 4 oz",5.0,2013-08-05 00:16:29-04
Avon,"Avon SKIN-SO-SOFT Bug Guard PLUS IR3535® Insect Repellent Moisturizing Lotion - SPF 30 Gentle Breeze, 4 oz",1.0,2019-08-18 19:36:13.591-04
Avon,"Avon SKIN-SO-SOFT Bug Guard PLUS IR3535® Insect Repellent Moisturizing Lotion - SPF 30 Gentle Breeze, 4 oz",5.0,2016-10-16 17:15:01-04
Avon,"Avon SKIN-SO-SOFT Bug Guard PLUS IR3535® Insect Repellent Moisturizing Lotion - SPF 30 Gentle Breeze, 4 oz",5.0,2017-11-17 13:40:38.427-05
Avon,"Avon SKIN-SO-SOFT Bug Guard PLUS IR3535® Insect Repellent Moisturizing Lotion - SPF 30 Gentle Breeze, 4 oz",1.0,2020-04-23 14:23:52.26-04
Avon,"Avon SKIN-SO-SOFT Bug Guard PLUS IR3535® Insect Repellent Moisturizing Lotion - SPF 30 Gentle Breeze, 4 oz",5.0,2022-07-26 09:26:20.059-04
Avon,"Avon SKIN-SO-SOFT Bug Guard PLUS IR3535® Insect Repellent Moisturizing Lotion - SPF 30 Gentle Breeze, 4 oz",5.0,2014-09-25 02:40:48-04
Avon,"Avon SKIN-SO-SOFT Bug Guard PLUS IR3535® Insect Repellent Moisturizing Lotion - SPF 30 Gentle Breeze, 4 oz",5.0,2021-11-16 09:27:29.548-05
Avon,"Avon SKIN-SO-SOFT Bug Guard PLUS IR3535® Insect Repellent Moisturizing Lotion - SPF 30 Gentle Breeze, 4 oz",5.0,2014-07-28 16:51:01-04
Avon,"Avon SKIN-SO-SOFT Bug Guard PLUS IR3535® Insect Repellent Moisturizing Lotion - SPF 30 Gentle Breeze, 4 oz",1.0,2014-07-22 08:41:45-04
Avon,"Avon SKIN-SO-SOFT Bug Guard PLUS IR3535® Insect Repellent Moisturizing Lotion - SPF 30 Gentle Breeze, 4 oz",3.0,2015-11-06 21:17:29-05
Avon,"Avon SKIN-SO-SOFT Bug Guard PLUS IR3535® Insect Repellent Moisturizing Lotion - SPF 30 Gentle Breeze, 4 oz",2.0,2018-08-04 21:59:24.548-04
Avon,"Avon SKIN-SO-SOFT Bug Guard PLUS IR3535® Insect Repellent Moisturizing Lotion - SPF 30 Gentle Breeze, 4 oz",5.0,2017-11-30 20:40:05.494-05
Avon,"Avon SKIN-SO-SOFT Bug Guard PLUS IR3535® Insect Repellent Moisturizing Lotion - SPF 30 Gentle Breeze, 4 oz",1.0,2021-11-02 15:47:52.931-04
Avon,"Avon SKIN-SO-SOFT Bug Guard PLUS IR3535® Insect Repellent Moisturizing Lotion - SPF 30 Gentle Breeze, 4 oz",5.0,2015-10-05 18:37:04-04
Avon,"Avon SKIN-SO-SOFT Bug Guard PLUS IR3535® Insect Repellent Moisturizing Lotion - SPF 30 Gentle Breeze, 4 oz",5.0,2015-07-23 13:26:28-04
Avon,"Avon SKIN-SO-SOFT Bug Guard PLUS IR3535® Insect Repellent Moisturizing Lotion - SPF 30 Gentle Breeze, 4 oz",5.0,2015-10-20 18:23:23-04
Avon,"Avon SKIN-SO-SOFT Bug Guard PLUS IR3535® Insect Repellent Moisturizing Lotion - SPF 30 Gentle Breeze, 4 oz",4.0,2014-06-27 13:29:09-04
Avon,"Avon SKIN-SO-SOFT Bug Guard PLUS IR3535® Insect Repellent Moisturizing Lotion - SPF 30 Gentle Breeze, 4 oz",3.0,2015-08-27 14:42:44-04
Avon,"Avon SKIN-SO-SOFT Bug Guard PLUS IR3535® Insect Repellent Moisturizing Lotion - SPF 30 Gentle Breeze, 4 oz",1.0,2019-05-17 05:48:46.577-04
Avon,"Avon SKIN-SO-SOFT Bug Guard PLUS IR3535® Insect Repellent Moisturizing Lotion - SPF 30 Gentle Breeze, 4 oz",5.0,2016-10-08 20:19:28-04
Avon,"Avon SKIN-SO-SOFT Bug Guard PLUS IR3535® Insect Repellent Moisturizing Lotion - SPF 30 Gentle Breeze, 4 oz",4.0,2022-01-06 17:11:29.535-05
Avon,"Avon SKIN-SO-SOFT Bug Guard PLUS IR3535® Insect Repellent Moisturizing Lotion - SPF 30 Gentle Breeze, 4 oz",5.0,2016-10-22 02:28:17-04
Avon,"Avon SKIN-SO-SOFT Bug Guard PLUS IR3535® Insect Repellent Moisturizing Lotion - SPF 30 Gentle Breeze, 4 oz",3.0,2015-09-15 21:00:39-04
Avon,"Avon SKIN-SO-SOFT Bug Guard PLUS IR3535® Insect Repellent Moisturizing Lotion - SPF 30 Gentle Breeze, 4 oz",5.0,2015-07-01 19:33:42-04
Avon,"Avon SKIN-SO-SOFT Bug Guard PLUS IR3535® Insect Repellent Moisturizing Lotion - SPF 30 Gentle Breeze, 4 oz",4.0,2014-08-05 05:42:44-04
Avon,"Avon SKIN-SO-SOFT Bug Guard PLUS IR3535® Insect Repellent Moisturizing Lotion - SPF 30 Gentle Breeze, 4 oz",5.0,2016-11-17 14:58:51-05
Avon,"Avon SKIN-SO-SOFT Bug Guard PLUS IR3535® Insect Repellent Moisturizing Lotion - SPF 30 Gentle Breeze, 4 oz",5.0,2015-01-08 16:46:47-05
Avon,"Avon SKIN-SO-SOFT Bug Guard PLUS IR3535® Insect Repellent Moisturizing Lotion - SPF 30 Gentle Breeze, 4 oz",4.0,2014-08-07 22:26:57-04
Avon,"Avon SKIN-SO-SOFT Bug Guard PLUS IR3535® Insect Repellent Moisturizing Lotion - SPF 30 Gentle Breeze, 4 oz",5.0,2014-08-05 09:36:13-04
Avon,"Avon SKIN-SO-SOFT Bug Guard PLUS IR3535® Insect Repellent Moisturizing Lotion - SPF 30 Gentle Breeze, 4 oz",5.0,2017-01-18 19:41:56-05
Avon,"Avon SKIN-SO-SOFT Bug Guard PLUS IR3535® Insect Repellent Moisturizing Lotion - SPF 30 Gentle Breeze, 4 oz",5.0,2016-08-30 16:29:26-04
Avon,"Avon SKIN-SO-SOFT Bug Guard PLUS IR3535® Insect Repellent Moisturizing Lotion - SPF 30 Gentle Breeze, 4 oz",3.0,2016-07-17 07:45:19-04
Avon,"Avon SKIN-SO-SOFT Bug Guard PLUS IR3535® Insect Repellent Moisturizing Lotion - SPF 30 Gentle Breeze, 4 oz",5.0,2019-08-18 14:15:32.454-04
Avon,"Avon SKIN-SO-SOFT Bug Guard PLUS IR3535® Insect Repellent Moisturizing Lotion - SPF 30 Gentle Breeze, 4 oz",5.0,2017-05-28 00:19:05-04
Avon,"Avon SKIN-SO-SOFT Bug Guard PLUS IR3535® Insect Repellent Moisturizing Lotion - SPF 30 Gentle Breeze, 4 oz",4.0,2015-06-30 13:35:06-04
Avon,"Avon SKIN-SO-SOFT Bug Guard PLUS IR3535® Insect Repellent Moisturizing Lotion - SPF 30 Gentle Breeze, 4 oz",4.0,2014-08-13 08:03:41-04
Avon,"Avon SKIN-SO-SOFT Bug Guard PLUS IR3535® Insect Repellent Moisturizing Lotion - SPF 30 Gentle Breeze, 4 oz",1.0,2021-09-27 07:12:46.844-04
Avon,"Avon SKIN-SO-SOFT Bug Guard PLUS IR3535® Insect Repellent Moisturizing Lotion - SPF 30 Gentle Breeze, 4 oz",5.0,2019-10-22 23:55:40.92-04
Avon,"Avon SKIN-SO-SOFT Bug Guard PLUS IR3535® Insect Repellent Moisturizing Lotion - SPF 30 Gentle Breeze, 4 oz",5.0,2014-09-02 18:01:13-04
Avon,"Avon SKIN-SO-SOFT Bug Guard PLUS IR3535® Insect Repellent Moisturizing Lotion - SPF 30 Gentle Breeze, 4 oz",3.0,2017-10-30 21:18:08.474-04
Avon,"Avon SKIN-SO-SOFT Bug Guard PLUS IR3535® Insect Repellent Moisturizing Lotion - SPF 30 Gentle Breeze, 4 oz",5.0,2013-10-11 08:21:45-04
Avon,"Avon SKIN-SO-SOFT Bug Guard PLUS IR3535® Insect Repellent Moisturizing Lotion - SPF 30 Gentle Breeze, 4 oz",5.0,2017-02-14 18:00:26-05
Avon,"Avon SKIN-SO-SOFT Bug Guard PLUS IR3535® Insect Repellent Moisturizing Lotion - SPF 30 Gentle Breeze, 4 oz",4.0,2020-04-22 09:14:37.573-04
Avon,"Avon SKIN-SO-SOFT Bug Guard PLUS IR3535® Insect Repellent Moisturizing Lotion - SPF 30 Gentle Breeze, 4 oz",5.0,2013-09-23 13:45:50-04
Avon,"Avon SKIN-SO-SOFT Bug Guard PLUS IR3535® Insect Repellent Moisturizing Lotion - SPF 30 Gentle Breeze, 4 oz",1.0,2016-06-09 09:22:56-04
Avon,"Avon SKIN-SO-SOFT Bug Guard PLUS IR3535® Insect Repellent Moisturizing Lotion - SPF 30 Gentle Breeze, 4 oz",5.0,2019-06-23 18:37:46.419-04
Avon,"Avon SKIN-SO-SOFT Bug Guard PLUS IR3535® Insect Repellent Moisturizing Lotion - SPF 30 Gentle Breeze, 4 oz",4.0,2015-07-09 07:34:48-04
Avon,"Avon SKIN-SO-SOFT Bug Guard PLUS IR3535® Insect Repellent Moisturizing Lotion - SPF 30 Gentle Breeze, 4 oz",5.0,2019-09-22 14:06:39.043-04
Avon,"Avon SKIN-SO-SOFT Bug Guard PLUS IR3535® Insect Repellent Moisturizing Lotion - SPF 30 Gentle Breeze, 4 oz",5.0,2019-06-30 22:22:17.705-04
Avon,"Avon SKIN-SO-SOFT Bug Guard PLUS IR3535® Insect Repellent Moisturizing Lotion - SPF 30 Gentle Breeze, 4 oz",5.0,2015-05-19 09:06:05-04
Avon,"Avon SKIN-SO-SOFT Bug Guard PLUS IR3535® Insect Repellent Moisturizing Lotion - SPF 30 Gentle Breeze, 4 oz",5.0,2018-09-01 19:37:56.651-04
Avon,"Avon SKIN-SO-SOFT Bug Guard PLUS IR3535® Insect Repellent Moisturizing Lotion - SPF 30 Gentle Breeze, 4 oz",5.0,2020-05-02 09:19:05.719-04
Avon,"Avon SKIN-SO-SOFT Bug Guard PLUS IR3535® Insect Repellent Moisturizing Lotion - SPF 30 Gentle Breeze, 4 oz",5.0,2013-06-10 15:32:59-04
Avon,"Avon SKIN-SO-SOFT Bug Guard PLUS IR3535® Insect Repellent Moisturizing Lotion - SPF 30 Gentle Breeze, 4 oz",4.0,2013-10-07 10:22:18-04
Avon,"Avon SKIN-SO-SOFT Bug Guard PLUS IR3535® Insect Repellent Moisturizing Lotion - SPF 30 Gentle Breeze, 4 oz",5.0,2013-10-02 05:41:36-04
Avon,"Avon SKIN-SO-SOFT Bug Guard PLUS IR3535® Insect Repellent Moisturizing Lotion - SPF 30 Gentle Breeze, 4 oz",5.0,2017-08-29 13:17:14.171-04
Avon,"Avon SKIN-SO-SOFT Bug Guard PLUS IR3535® Insect Repellent Moisturizing Lotion - SPF 30 Gentle Breeze, 4 oz",3.0,2013-07-19 07:49:54-04
Avon,"Avon SKIN-SO-SOFT Bug Guard PLUS IR3535® Insect Repellent Moisturizing Lotion - SPF 30 Gentle Breeze, 4 oz",5.0,2015-09-07 11:55:51-04
Avon,"Avon SKIN-SO-SOFT Bug Guard PLUS IR3535® Insect Repellent Moisturizing Lotion - SPF 30 Gentle Breeze, 4 oz",1.0,2022-09-05 18:28:31.534-04
Avon,"Avon SKIN-SO-SOFT Bug Guard PLUS IR3535® Insect Repellent Moisturizing Lotion - SPF 30 Gentle Breeze, 4 oz",4.0,2013-06-29 08:46:00-04
Avon,"Avon SKIN-SO-SOFT Bug Guard PLUS IR3535® Insect Repellent Moisturizing Lotion - SPF 30 Gentle Breeze, 4 oz",5.0,2016-11-20 20:51:26-05
Avon,"Avon SKIN-SO-SOFT Bug Guard PLUS IR3535® Insect Repellent Moisturizing Lotion - SPF 30 Gentle Breeze, 4 oz",5.0,2016-09-11 13:19:26-04
Avon,"Avon SKIN-SO-SOFT Bug Guard PLUS IR3535® Insect Repellent Moisturizing Lotion - SPF 30 Gentle Breeze, 4 oz",5.0,2016-05-19 22:01:18-04
Avon,"Avon SKIN-SO-SOFT Bug Guard PLUS IR3535® Insect Repellent Moisturizing Lotion - SPF 30 Gentle Breeze, 4 oz",5.0,2020-08-15 18:58:48.742-04
Avon,"Avon SKIN-SO-SOFT Bug Guard PLUS IR3535® Insect Repellent Moisturizing Lotion - SPF 30 Gentle Breeze, 4 oz",5.0,2015-06-16 08:01:57-04
Avon,"Avon SKIN-SO-SOFT Bug Guard PLUS IR3535® Insect Repellent Moisturizing Lotion - SPF 30 Gentle Breeze, 4 oz",5.0,2010-09-20 08:00:02-04
Avon,"Avon SKIN-SO-SOFT Bug Guard PLUS IR3535® Insect Repellent Moisturizing Lotion - SPF 30 Gentle Breeze, 4 oz",1.0,2016-09-10 22:58:09-04
Avon,"Avon SKIN-SO-SOFT Bug Guard PLUS IR3535® Insect Repellent Moisturizing Lotion - SPF 30 Gentle Breeze, 4 oz",4.0,2014-09-24 10:24:28-04
Avon,"Avon SKIN-SO-SOFT Bug Guard PLUS IR3535® Insect Repellent Moisturizing Lotion - SPF 30 Gentle Breeze, 4 oz",5.0,2014-09-07 00:24:11-04
Avon,"Avon SKIN-SO-SOFT Bug Guard PLUS IR3535® Insect Repellent Moisturizing Lotion - SPF 30 Gentle Breeze, 4 oz",5.0,2012-11-08 22:08:31-05
Avon,"Avon SKIN-SO-SOFT Bug Guard PLUS IR3535® Insect Repellent Moisturizing Lotion - SPF 30 Gentle Breeze, 4 oz",5.0,2019-07-15 00:02:38.607-04
Avon,"Avon SKIN-SO-SOFT Bug Guard PLUS IR3535® Insect Repellent Moisturizing Lotion - SPF 30 Gentle Breeze, 4 oz",4.0,2013-07-15 20:15:39-04
Avon,"Avon SKIN-SO-SOFT Bug Guard PLUS IR3535® Insect Repellent Moisturizing Lotion - SPF 30 Gentle Breeze, 4 oz",5.0,2016-07-14 03:55:32-04
Avon,"Avon SKIN-SO-SOFT Bug Guard PLUS IR3535® Insect Repellent Moisturizing Lotion - SPF 30 Gentle Breeze, 4 oz",1.0,2019-07-16 16:10:46.779-04
Avon,"Avon SKIN-SO-SOFT Bug Guard PLUS IR3535® Insect Repellent Moisturizing Lotion - SPF 30 Gentle Breeze, 4 oz",5.0,2015-08-21 13:43:31-04
Avon,"Avon SKIN-SO-SOFT Bug Guard PLUS IR3535® Insect Repellent Moisturizing Lotion - SPF 30 Gentle Breeze, 4 oz",5.0,2019-08-02 10:46:44.632-04
Avon,"Avon SKIN-SO-SOFT Bug Guard PLUS IR3535® Insect Repellent Moisturizing Lotion - SPF 30 Gentle Breeze, 4 oz",5.0,2020-09-26 15:43:44.953-04
Avon,"Avon SKIN-SO-SOFT Bug Guard PLUS IR3535® Insect Repellent Moisturizing Lotion - SPF 30 Gentle Breeze, 4 oz",4.0,2019-06-15 10:54:09.611-04
Avon,"Avon SKIN-SO-SOFT Bug Guard PLUS IR3535® Insect Repellent Moisturizing Lotion - SPF 30 Gentle Breeze, 4 oz",5.0,2019-05-05 20:45:55.86-04
Avon,"Avon SKIN-SO-SOFT Bug Guard PLUS IR3535® Insect Repellent Moisturizing Lotion - SPF 30 Gentle Breeze, 4 oz",2.0,2018-07-08 07:24:18.861-04
Avon,"Avon SKIN-SO-SOFT Bug Guard PLUS IR3535® Insect Repellent Moisturizing Lotion - SPF 30 Gentle Breeze, 4 oz",5.0,2013-08-20 15:42:39-04
Avon,"Avon SKIN-SO-SOFT Bug Guard PLUS IR3535® Insect Repellent Moisturizing Lotion - SPF 30 Gentle Breeze, 4 oz",5.0,2018-09-07 01:12:02.224-04
Avon,"Avon SKIN-SO-SOFT Bug Guard PLUS IR3535® Insect Repellent Moisturizing Lotion - SPF 30 Gentle Breeze, 4 oz",5.0,2021-07-04 15:28:03.323-04
Avon,"Avon SKIN-SO-SOFT Bug Guard PLUS IR3535® Insect Repellent Moisturizing Lotion - SPF 30 Gentle Breeze, 4 oz",3.0,2014-08-24 23:25:22-04
Avon,"Avon SKIN-SO-SOFT Bug Guard PLUS IR3535® Insect Repellent Moisturizing Lotion - SPF 30 Gentle Breeze, 4 oz",5.0,2014-06-30 12:07:36-04
Avon,"Avon SKIN-SO-SOFT Bug Guard PLUS IR3535® Insect Repellent Moisturizing Lotion - SPF 30 Gentle Breeze, 4 oz",1.0,2012-08-16 18:37:43-04
Avon,"Avon SKIN-SO-SOFT Bug Guard PLUS IR3535® Insect Repellent Moisturizing Lotion - SPF 30 Gentle Breeze, 4 oz",1.0,2016-08-11 21:47:49-04
Avon,"Avon SKIN-SO-SOFT Bug Guard PLUS IR3535® Insect Repellent Moisturizing Lotion - SPF 30 Gentle Breeze, 4 oz",4.0,2018-06-22 09:00:54.192-04
Avon,"Avon SKIN-SO-SOFT Bug Guard PLUS IR3535® Insect Repellent Moisturizing Lotion - SPF 30 Gentle Breeze, 4 oz",5.0,2015-09-14 21:48:47-04
Avon,"Avon SKIN-SO-SOFT Bug Guard PLUS IR3535® Insect Repellent Moisturizing Lotion - SPF 30 Gentle Breeze, 4 oz",5.0,2020-07-12 18:21:30.687-04
Avon,"Avon SKIN-SO-SOFT Bug Guard PLUS IR3535® Insect Repellent Moisturizing Lotion - SPF 30 Gentle Breeze, 4 oz",1.0,2014-03-02 08:29:41-05
Avon,"Avon SKIN-SO-SOFT Bug Guard PLUS IR3535® Insect Repellent Moisturizing Lotion - SPF 30 Gentle Breeze, 4 oz",5.0,2020-05-10 09:37:18.686-04
Avon,"Avon SKIN-SO-SOFT Bug Guard PLUS IR3535® Insect Repellent Moisturizing Lotion - SPF 30 Gentle Breeze, 4 oz",5.0,2014-07-01 17:04:24-04
Avon,"Avon SKIN-SO-SOFT Bug Guard PLUS IR3535® Insect Repellent Moisturizing Lotion - SPF 30 Gentle Breeze, 4 oz",4.0,2016-08-21 21:20:25-04
Avon,"Avon SKIN-SO-SOFT Bug Guard PLUS IR3535® Insect Repellent Moisturizing Lotion - SPF 30 Gentle Breeze, 4 oz",5.0,2012-09-11 14:33:01-04
Avon,"Avon SKIN-SO-SOFT Bug Guard PLUS IR3535® Insect Repellent Moisturizing Lotion - SPF 30 Gentle Breeze, 4 oz",5.0,2021-07-18 14:38:29.476-04
Avon,"Avon SKIN-SO-SOFT Bug Guard PLUS IR3535® Insect Repellent Moisturizing Lotion - SPF 30 Gentle Breeze, 4 oz",5.0,2015-05-09 14:24:53-04
Avon,"Avon SKIN-SO-SOFT Bug Guard PLUS IR3535® Insect Repellent Moisturizing Lotion - SPF 30 Gentle Breeze, 4 oz",1.0,2016-12-08 21:04:08-05
Avon,"Avon SKIN-SO-SOFT Bug Guard PLUS IR3535® Insect Repellent Moisturizing Lotion - SPF 30 Gentle Breeze, 4 oz",5.0,2019-06-16 18:53:22.961-04
Avon,"Avon SKIN-SO-SOFT Bug Guard PLUS IR3535® Insect Repellent Moisturizing Lotion - SPF 30 Gentle Breeze, 4 oz",4.0,2013-08-05 11:08:57-04
Avon,"Avon SKIN-SO-SOFT Bug Guard PLUS IR3535® Insect Repellent Moisturizing Lotion - SPF 30 Gentle Breeze, 4 oz",1.0,2013-06-11 22:48:49-04
Avon,"Avon SKIN-SO-SOFT Bug Guard PLUS IR3535® Insect Repellent Moisturizing Lotion - SPF 30 Gentle Breeze, 4 oz",1.0,2019-08-23 11:54:09.04-04
Avon,"Avon SKIN-SO-SOFT Bug Guard PLUS IR3535® Insect Repellent Moisturizing Lotion - SPF 30 Gentle Breeze, 4 oz",3.0,2017-08-29 06:33:11.04-04
Avon,"Avon SKIN-SO-SOFT Bug Guard PLUS IR3535® Insect Repellent Moisturizing Lotion - SPF 30 Gentle Breeze, 4 oz",4.0,2019-08-08 11:14:03.718-04
Avon,"Avon SKIN-SO-SOFT Bug Guard PLUS IR3535® Insect Repellent Moisturizing Lotion - SPF 30 Gentle Breeze, 4 oz",5.0,2013-07-06 06:46:47-04
Avon,"Avon SKIN-SO-SOFT Bug Guard PLUS IR3535® Insect Repellent Moisturizing Lotion - SPF 30 Gentle Breeze, 4 oz",4.0,2015-09-23 19:12:40-04
Avon,"Avon SKIN-SO-SOFT Bug Guard PLUS IR3535® Insect Repellent Moisturizing Lotion - SPF 30 Gentle Breeze, 4 oz",4.0,2012-05-04 09:11:57-04
Avon,"Avon SKIN-SO-SOFT Bug Guard PLUS IR3535® Insect Repellent Moisturizing Lotion - SPF 30 Gentle Breeze, 4 oz",5.0,2016-12-17 22:15:22-05
Avon,"Avon SKIN-SO-SOFT Bug Guard PLUS IR3535® Insect Repellent Moisturizing Lotion - SPF 30 Gentle Breeze, 4 oz",4.0,2019-07-27 01:46:47.769-04
Avon,"Avon SKIN-SO-SOFT Bug Guard PLUS IR3535® Insect Repellent Moisturizing Lotion - SPF 30 Gentle Breeze, 4 oz",5.0,2019-07-05 10:07:19.941-04
Avon,"Avon SKIN-SO-SOFT Bug Guard PLUS IR3535® Insect Repellent Moisturizing Lotion - SPF 30 Gentle Breeze, 4 oz",5.0,2016-03-11 14:25:16-05
Avon,"Avon SKIN-SO-SOFT Bug Guard PLUS IR3535® Insect Repellent Moisturizing Lotion - SPF 30 Gentle Breeze, 4 oz",5.0,2015-06-05 18:27:09-04
Avon,"Avon SKIN-SO-SOFT Bug Guard PLUS IR3535® Insect Repellent Moisturizing Lotion - SPF 30 Gentle Breeze, 4 oz",5.0,2014-08-07 16:44:27-04
Avon,"Avon SKIN-SO-SOFT Bug Guard PLUS IR3535® Insect Repellent Moisturizing Lotion - SPF 30 Gentle Breeze, 4 oz",4.0,2020-03-22 20:10:48.759-04
Avon,"Avon SKIN-SO-SOFT Bug Guard PLUS IR3535® Insect Repellent Moisturizing Lotion - SPF 30 Gentle Breeze, 4 oz",1.0,2013-07-19 13:14:00-04
Avon,"Avon SKIN-SO-SOFT Bug Guard PLUS IR3535® Insect Repellent Moisturizing Lotion - SPF 30 Gentle Breeze, 4 oz",5.0,2015-06-08 19:30:35-04
Avon,"Avon SKIN-SO-SOFT Bug Guard PLUS IR3535® Insect Repellent Moisturizing Lotion - SPF 30 Gentle Breeze, 4 oz",5.0,2015-04-12 13:12:49-04
Avon,"Avon SKIN-SO-SOFT Bug Guard PLUS IR3535® Insect Repellent Moisturizing Lotion - SPF 30 Gentle Breeze, 4 oz",5.0,2020-06-21 09:29:28.622-04
Avon,"Avon SKIN-SO-SOFT Bug Guard PLUS IR3535® Insect Repellent Moisturizing Lotion - SPF 30 Gentle Breeze, 4 oz",5.0,2016-10-03 09:45:14-04
Avon,"Avon SKIN-SO-SOFT Bug Guard PLUS IR3535® Insect Repellent Moisturizing Lotion - SPF 30 Gentle Breeze, 4 oz",1.0,2022-08-11 20:36:54.717-04
Avon,"Avon SKIN-SO-SOFT Bug Guard PLUS IR3535® Insect Repellent Moisturizing Lotion - SPF 30 Gentle Breeze, 4 oz",3.0,2016-10-21 08:46:20-04
Avon,"Avon SKIN-SO-SOFT Bug Guard PLUS IR3535® Insect Repellent Moisturizing Lotion - SPF 30 Gentle Breeze, 4 oz",5.0,2018-07-30 08:48:34.569-04
Avon,"Avon SKIN-SO-SOFT Bug Guard PLUS IR3535® Insect Repellent Moisturizing Lotion - SPF 30 Gentle Breeze, 4 oz",5.0,2016-06-10 08:42:17-04
Avon,"Avon SKIN-SO-SOFT Bug Guard PLUS IR3535® Insect Repellent Moisturizing Lotion - SPF 30 Gentle Breeze, 4 oz",5.0,2015-01-07 21:06:16-05
Avon,"Avon SKIN-SO-SOFT Bug Guard PLUS IR3535® Insect Repellent Moisturizing Lotion - SPF 30 Gentle Breeze, 4 oz",5.0,2013-08-09 16:09:54-04
Avon,"Avon SKIN-SO-SOFT Bug Guard PLUS IR3535® Insect Repellent Moisturizing Lotion - SPF 30 Gentle Breeze, 4 oz",4.0,2019-06-25 00:43:07.45-04
Avon,"Avon SKIN-SO-SOFT Bug Guard PLUS IR3535® Insect Repellent Moisturizing Lotion - SPF 30 Gentle Breeze, 4 oz",5.0,2016-04-06 12:55:04-04
Avon,"Avon SKIN-SO-SOFT Bug Guard PLUS IR3535® Insect Repellent Moisturizing Lotion - SPF 30 Gentle Breeze, 4 oz",5.0,2014-08-21 14:20:02-04
Avon,"Avon SKIN-SO-SOFT Bug Guard PLUS IR3535® Insect Repellent Moisturizing Lotion - SPF 30 Gentle Breeze, 4 oz",2.0,2015-02-10 22:58:32-05
Avon,"Avon SKIN-SO-SOFT Bug Guard PLUS IR3535® Insect Repellent Moisturizing Lotion - SPF 30 Gentle Breeze, 4 oz",5.0,2021-08-21 16:58:20.421-04
Avon,"Avon SKIN-SO-SOFT Bug Guard PLUS IR3535® Insect Repellent Moisturizing Lotion - SPF 30 Gentle Breeze, 4 oz",5.0,2017-08-24 16:41:20.224-04
Avon,"Avon SKIN-SO-SOFT Bug Guard PLUS IR3535® Insect Repellent Moisturizing Lotion - SPF 30 Gentle Breeze, 4 oz",1.0,2022-10-01 04:39:14.901-04
Avon,"Avon SKIN-SO-SOFT Bug Guard PLUS IR3535® Insect Repellent Moisturizing Lotion - SPF 30 Gentle Breeze, 4 oz",5.0,2016-10-31 09:29:55-04
Avon,"Avon SKIN-SO-SOFT Bug Guard PLUS IR3535® Insect Repellent Moisturizing Lotion - SPF 30 Gentle Breeze, 4 oz",1.0,2019-09-20 17:27:59.797-04
Avon,"Avon SKIN-SO-SOFT Bug Guard PLUS IR3535® Insect Repellent Moisturizing Lotion - SPF 30 Gentle Breeze, 4 oz",5.0,2013-04-17 20:02:27-04
Avon,"Avon SKIN-SO-SOFT Bug Guard PLUS IR3535® Insect Repellent Moisturizing Lotion - SPF 30 Gentle Breeze, 4 oz",5.0,2014-08-26 14:19:02-04
Avon,"Avon SKIN-SO-SOFT Bug Guard PLUS IR3535® Insect Repellent Moisturizing Lotion - SPF 30 Gentle Breeze, 4 oz",1.0,2019-07-18 06:19:22.785-04
Avon,"Avon SKIN-SO-SOFT Bug Guard PLUS IR3535® Insect Repellent Moisturizing Lotion - SPF 30 Gentle Breeze, 4 oz",5.0,2014-09-13 15:01:17-04
Avon,"Avon SKIN-SO-SOFT Bug Guard PLUS IR3535® Insect Repellent Moisturizing Lotion - SPF 30 Gentle Breeze, 4 oz",4.0,2016-09-20 19:54:10-04
Avon,"Avon SKIN-SO-SOFT Bug Guard PLUS IR3535® Insect Repellent Moisturizing Lotion - SPF 30 Gentle Breeze, 4 oz",5.0,2015-06-30 04:28:43-04
Avon,"Avon SKIN-SO-SOFT Bug Guard PLUS IR3535® Insect Repellent Moisturizing Lotion - SPF 30 Gentle Breeze, 4 oz",3.0,2015-06-24 21:08:51-04
Avon,"Avon SKIN-SO-SOFT Bug Guard PLUS IR3535® Insect Repellent Moisturizing Lotion - SPF 30 Gentle Breeze, 4 oz",5.0,2016-07-09 18:13:35-04
Avon,"Avon SKIN-SO-SOFT Bug Guard PLUS IR3535® Insect Repellent Moisturizing Lotion - SPF 30 Gentle Breeze, 4 oz",3.0,2017-03-20 21:22:19-04
Avon,"Avon SKIN-SO-SOFT Bug Guard PLUS IR3535® Insect Repellent Moisturizing Lotion - SPF 30 Gentle Breeze, 4 oz",5.0,2016-05-30 22:49:31-04
Avon,"Avon SKIN-SO-SOFT Bug Guard PLUS IR3535® Insect Repellent Moisturizing Lotion - SPF 30 Gentle Breeze, 4 oz",3.0,2022-02-24 12:23:20.241-05
Avon,"Avon SKIN-SO-SOFT Bug Guard PLUS IR3535® Insect Repellent Moisturizing Lotion - SPF 30 Gentle Breeze, 4 oz",5.0,2017-05-30 20:22:04-04
Avon,"Avon SKIN-SO-SOFT Bug Guard PLUS IR3535® Insect Repellent Moisturizing Lotion - SPF 30 Gentle Breeze, 4 oz",3.0,2016-09-18 21:36:05-04
Avon,"Avon SKIN-SO-SOFT Bug Guard PLUS IR3535® Insect Repellent Moisturizing Lotion - SPF 30 Gentle Breeze, 4 oz",5.0,2013-06-13 09:03:07-04
Avon,"Avon SKIN-SO-SOFT Bug Guard PLUS IR3535® Insect Repellent Moisturizing Lotion - SPF 30 Gentle Breeze, 4 oz",5.0,2022-09-29 18:28:22.93-04
Avon,"Avon SKIN-SO-SOFT Bug Guard PLUS IR3535® Insect Repellent Moisturizing Lotion - SPF 30 Gentle Breeze, 4 oz",5.0,2022-06-11 18:20:04.72-04
Avon,"Avon SKIN-SO-SOFT Bug Guard PLUS IR3535® Insect Repellent Moisturizing Lotion - SPF 30 Gentle Breeze, 4 oz",5.0,2021-09-24 11:53:43.068-04
Avon,"Avon SKIN-SO-SOFT Bug Guard PLUS IR3535® Insect Repellent Moisturizing Lotion - SPF 30 Gentle Breeze, 4 oz",4.0,2016-06-20 19:47:19-04
Avon,"Avon SKIN-SO-SOFT Bug Guard PLUS IR3535® Insect Repellent Moisturizing Lotion - SPF 30 Gentle Breeze, 4 oz",5.0,2019-07-26 15:50:26.052-04
Avon,"Avon SKIN-SO-SOFT Bug Guard PLUS IR3535® Insect Repellent Moisturizing Lotion - SPF 30 Gentle Breeze, 4 oz",4.0,2014-07-13 21:48:00-04
Avon,"Avon SKIN-SO-SOFT Bug Guard PLUS IR3535® Insect Repellent Moisturizing Lotion - SPF 30 Gentle Breeze, 4 oz",5.0,2015-10-26 18:35:34-04
Avon,"Avon SKIN-SO-SOFT Bug Guard PLUS IR3535® Insect Repellent Moisturizing Lotion - SPF 30 Gentle Breeze, 4 oz",5.0,2015-06-21 08:02:41-04
Avon,"Avon SKIN-SO-SOFT Bug Guard PLUS IR3535® Insect Repellent Moisturizing Lotion - SPF 30 Gentle Breeze, 4 oz",4.0,2014-10-07 19:39:06-04
Avon,"Avon SKIN-SO-SOFT Bug Guard PLUS IR3535® Insect Repellent Moisturizing Lotion - SPF 30 Gentle Breeze, 4 oz",5.0,2014-07-25 10:52:24-04
Avon,"Avon SKIN-SO-SOFT Bug Guard PLUS IR3535® Insect Repellent Moisturizing Lotion - SPF 30 Gentle Breeze, 4 oz",5.0,2014-06-16 18:11:42-04
Avon,"Avon SKIN-SO-SOFT Bug Guard PLUS IR3535® Insect Repellent Moisturizing Lotion - SPF 30 Gentle Breeze, 4 oz",5.0,2016-06-25 08:38:01-04
Avon,"Avon SKIN-SO-SOFT Bug Guard PLUS IR3535® Insect Repellent Moisturizing Lotion - SPF 30 Gentle Breeze, 4 oz",5.0,2015-11-26 13:36:32-05
Avon,"Avon SKIN-SO-SOFT Bug Guard PLUS IR3535® Insect Repellent Moisturizing Lotion - SPF 30 Gentle Breeze, 4 oz",5.0,2016-06-20 15:09:10-04
Avon,"Avon SKIN-SO-SOFT Bug Guard PLUS IR3535® Insect Repellent Moisturizing Lotion - SPF 30 Gentle Breeze, 4 oz",4.0,2018-07-04 17:49:37.982-04
Avon,"Avon SKIN-SO-SOFT Bug Guard PLUS IR3535® Insect Repellent Moisturizing Lotion - SPF 30 Gentle Breeze, 4 oz",5.0,2016-08-01 06:59:36-04
Avon,"Avon SKIN-SO-SOFT Bug Guard PLUS IR3535® Insect Repellent Moisturizing Lotion - SPF 30 Gentle Breeze, 4 oz",5.0,2019-09-03 21:16:35.075-04
Avon,"Avon SKIN-SO-SOFT Bug Guard PLUS IR3535® Insect Repellent Moisturizing Lotion - SPF 30 Gentle Breeze, 4 oz",4.0,2014-09-29 13:42:11-04
Avon,"Avon SKIN-SO-SOFT Bug Guard PLUS IR3535® Insect Repellent Moisturizing Lotion - SPF 30 Gentle Breeze, 4 oz",1.0,2016-11-06 00:14:24-04
Avon,"Avon SKIN-SO-SOFT Bug Guard PLUS IR3535® Insect Repellent Moisturizing Lotion - SPF 30 Gentle Breeze, 4 oz",5.0,2013-12-03 17:19:00-05
Avon,"Avon SKIN-SO-SOFT Bug Guard PLUS IR3535® Insect Repellent Moisturizing Lotion - SPF 30 Gentle Breeze, 4 oz",5.0,2017-07-28 21:36:06.457-04
Avon,"Avon SKIN-SO-SOFT Bug Guard PLUS IR3535® Insect Repellent Moisturizing Lotion - SPF 30 Gentle Breeze, 4 oz",1.0,2016-09-08 08:49:10-04
Barber Strong,"Barber Strong The Barber Apron, Black, Hair Repellent, Ultra Lightweight",3.0,2022-07-15 16:18:11.83-04
Natural Armor,Natural Armor Lizard & Gecko Repellent Spray - Powerful Peppermint Formulation Repels All Types of Lizards & Geckos and Works Better Than Ultrasonic Gimmicks – 128 fl oz - Gallon Ready to Use,5.0,2021-04-26 20:44:59.164-04
SUAVEC,"SUAVEC Deer Repellent for Plant, Deer and Rabbit Repellent, Deer Deterrent for Garden and Lawn, Outdoor Deer Repellant Yard, Deer Repellant, Repel Deer Away",5.0,2021-11-13 10:07:02.156-05
SEALUXE,"SEALUXE Rodent Repellent Packs,Mouse Repellent,Peppermint Oil to Repel Mice, Mice Repellent Peppermint,Natural Rat Repellent,Insect Repellent with Peppermint Oil 6-Pack",5.0,2021-05-18 10:59:37.302-04
Natural Armor,Natural Armor Lizard & Gecko Repellent Spray - Powerful Peppermint Formulation Repels All Types of Lizards & Geckos and Works Better Than Ultrasonic Gimmicks – 128 fl oz - Gallon Ready to Use,1.0,2021-06-05 07:50:02.168-04
SEALUXE,"SEALUXE Rodent Repellent Packs,Mouse Repellent,Peppermint Oil to Repel Mice, Mice Repellent Peppermint,Natural Rat Repellent,Pest Control,Insect Repellent with Peppermint Oil 8-Pack",1.0,2022-01-16 12:21:11.635-05
Nature's MACE,"Nature's MACE Cat Repellent 1 Gallon Spray/Treats 3,000 Sq. Ft. / Keep Cat Out of Your Lawn and Garden/Train Your Cat to Stay Out of Bushes/Safe to use Around Children & Plants",5.0,2021-09-23 14:13:42.729-04
JNxcel Salon Products,JNxcel Premium Quality Water Repellent Nylon/Polyester Fabric Hair Salon & Barber Hair Cutting & Shampoo Cape with Snap Closure (Turquoise),5.0,2019-08-23 09:30:56.169-04
Enoz,"Enoz No Zone, Refills for Animal Repellent Stations 16 Refill Bag - Twin - White",1.0,2020-09-21 18:00:50.831-04
eHouse,AC12g Ultrasonic Pest Repeller - Electronic Plug in Best Repellent - Pest Control - Get Rid of - Rodents Squirrels Rats Mice Insects - Roaches Spiders Mosquitos Fleas Fruit Fly Bed Bugs Flies Ants!,5.0,2020-06-15 10:44:29.559-04
Grandpa Gus's,"Grandpa Gus's Extra-Strength Mouse Repellent Pouches + Potent Mouse Repellent Spray, Peppermint/Cinnamon Oils Repel Mouse From Home/RV, Boat/Car Storage & Machinery, 4 x 1.76oz Pouches + 1 x 8oz Spray",1.0,2019-10-13 20:14:15.114-04
Natural Armor,Natural Armor Lizard & Gecko Repellent Spray - Powerful Peppermint Formulation Repels All Types of Lizards & Geckos and Works Better Than Ultrasonic Gimmicks – 128 fl oz - Gallon Ready to Use,5.0,2023-01-08 03:21:16.745-05
Natural Armor,Natural Armor Lizard & Gecko Repellent Spray - Powerful Peppermint Formulation Repels All Types of Lizards & Geckos and Works Better Than Ultrasonic Gimmicks – 128 fl oz - Gallon Ready to Use,1.0,2021-06-14 02:50:31.258-04
Tysonir,"Tysonir Mole Repellent,Mole Repellent Solar Powered Groundhog Repeller ,Gopher Repellent Ultrasonic,Get Rid of Mole Gophers Voles for Outdoor Garden Yard 2Pack",5.0,2022-03-01 23:07:48.493-05
eHouse,AC12g Ultrasonic Pest Repeller - Electronic Plug in Best Repellent - Pest Control - Get Rid of - Rodents Squirrels Rats Mice Insects - Roaches Spiders Mosquitos Fleas Fruit Fly Bed Bugs Flies Ants!,5.0,2021-06-24 19:35:37.448-04
Jahy2Tech,"Animal Repellent Ultrasonic Outdoor, Solar Animal Chaser, Waterproof Animal Deterrent Repeller with Flashing Lights & Motion Sensor for Patio Yard Garden Orchard Attic",1.0,2022-11-25 09:33:34.899-05
eHouse,AC12g Ultrasonic Pest Repeller - Electronic Plug in Best Repellent - Pest Control - Get Rid of - Rodents Squirrels Rats Mice Insects - Roaches Spiders Mosquitos Fleas Fruit Fly Bed Bugs Flies Ants!,5.0,2020-06-26 14:11:23.042-04
Natural Armor,Natural Armor Lizard & Gecko Repellent Spray - Powerful Peppermint Formulation Repels All Types of Lizards & Geckos and Works Better Than Ultrasonic Gimmicks – 128 fl oz - Gallon Ready to Use,1.0,2021-07-07 13:23:20.445-04
Whemoalus,"Whemoalus Squirrel Repellent Outdoor,4-Pack Natural Squirrel Repellent for Attic,Cars,Squirrel Deterrent for Garden,Squirrel Repellent for Plants,Mint Squirrel Repellent Indoor Safe Around Kid & Pets",1.0,2022-09-17 18:56:20.376-04
Jahy2Tech,"2 Pack Solar Ultrasonic Animal Repeller Outdoor to Repel Cat Deer Skunk Raccoon Rabbit Squirel Dog, Waterproof Animal Deterrent with Motion Sensor & 5 Strong Strobe Light & Dual Speaker for Yard Home",5.0,2023-05-18 22:49:41.739-04
Grandpa Gus's,"Grandpa Gus's Extra-Strength Mouse Repellent Pouches + Potent Mouse Repellent Spray, Peppermint/Cinnamon Oils Repel Mouse From Home/RV, Boat/Car Storage & Machinery, 4 x 1.76oz Pouches + 1 x 8oz Spray",2.0,2023-02-17 17:41:48.499-05
Enoz,"Enoz No Zone, Refills for Animal Repellent Stations 16 Refill Bag - Twin - White",1.0,2020-12-02 07:53:03.116-05
Natural Armor,Natural Armor Lizard & Gecko Repellent Spray - Powerful Peppermint Formulation Repels All Types of Lizards & Geckos and Works Better Than Ultrasonic Gimmicks – 128 fl oz - Gallon Ready to Use,1.0,2022-09-26 13:49:10.78-04
Natural Armor,Natural Armor Lizard & Gecko Repellent Spray - Powerful Peppermint Formulation Repels All Types of Lizards & Geckos and Works Better Than Ultrasonic Gimmicks – 128 fl oz - Gallon Ready to Use,1.0,2022-09-22 23:42:51.312-04
eHouse,AC12g Ultrasonic Pest Repeller - Electronic Plug in Best Repellent - Pest Control - Get Rid of - Rodents Squirrels Rats Mice Insects - Roaches Spiders Mosquitos Fleas Fruit Fly Bed Bugs Flies Ants!,5.0,2020-08-29 17:24:01.839-04
eHouse,AC12 Ultrasonic Pest Repeller - Electronic Plug in Best Repellent - Pest Control - Get Rid of - Rodents Squirrels Mice Rats Insects - Roaches Spiders Fleas Bed Bugs Flies Ants Mosquitos Fruit Fly!,5.0,2020-06-26 13:06:01.992-04
Foundation Armor,5 GAL Armor SC25 Penetrating Concrete Sealer and Water Repellent Salt Guard,1.0,2019-10-27 12:27:34.946-04
Avon,"Avon SKIN-SO-SOFT Bug Guard PLUS IR3535® Insect Repellent Moisturizing Lotion - SPF 30 Gentle Breeze, 4 oz",2.0,2023-03-29 22:30:58.457-04
eHouse,AC12 Ultrasonic Pest Repeller - Electronic Plug in Best Repellent - Pest Control - Get Rid of - Rodents Squirrels Mice Rats Insects - Roaches Spiders Fleas Bed Bugs Flies Ants Mosquitos Fruit Fly!,2.0,2020-09-14 13:45:39.941-04
Natural Armor,Natural Armor Lizard & Gecko Repellent Spray - Powerful Peppermint Formulation Repels All Types of Lizards & Geckos and Works Better Than Ultrasonic Gimmicks – 128 fl oz - Gallon Ready to Use,1.0,2021-07-18 18:30:21.015-04
Natural Armor,Natural Armor Lizard & Gecko Repellent Spray - Powerful Peppermint Formulation Repels All Types of Lizards & Geckos and Works Better Than Ultrasonic Gimmicks – 128 fl oz - Gallon Ready to Use,5.0,2021-11-21 12:43:23.91-05
Solere,"Solar powered Mole repellent, ultrasonic Pest repellers. Sonic Gopher repeller outdoor Vole, Chipmunk, Snake repeller, Garden repeller, Pet safe. 4pcs",1.0,2021-08-09 17:41:08.132-04
Grandpa Gus's,"Grandpa Gus's Extra-Strength Mouse Repellent Pouches + Potent Mouse Repellent Spray, Peppermint/Cinnamon Oils Repel Mouse From Home/RV, Boat/Car Storage & Machinery, 4 x 1.76oz Pouches + 1 x 8oz Spray",5.0,2020-10-05 22:58:04.978-04
eHouse,AC12g Ultrasonic Pest Repeller - Electronic Plug in Best Repellent - Pest Control - Get Rid of - Rodents Squirrels Rats Mice Insects - Roaches Spiders Mosquitos Fleas Fruit Fly Bed Bugs Flies Ants!,1.0,2020-11-30 16:36:33.471-05
Grandpa Gus's,"Grandpa Gus's Extra-Strength Mouse Repellent Pouches + Potent Mouse Repellent Spray, Peppermint/Cinnamon Oils Repel Mouse From Home/RV, Boat/Car Storage & Machinery, 4 x 1.76oz Pouches + 1 x 8oz Spray",3.0,2021-08-17 21:36:18.069-04
eHouse,AC12 Ultrasonic Pest Repeller - Electronic Plug in Best Repellent - Pest Control - Get Rid of - Rodents Squirrels Mice Rats Insects - Roaches Spiders Fleas Bed Bugs Flies Ants Mosquitos Fruit Fly!,5.0,2020-07-12 18:07:31.029-04
MouseBlocker,"MouseBlocker 1000x Powerful Plug-in Ultrasonic Mouse and Rodent Deterrent for Buildings, Garages, Attics and More. Works with All Rodents. Ultrasonic Rodent Repeller",5.0,2022-07-06 07:57:54.979-04
Sally's Organics,"10ml Organic Peppermint Essential Oil - Pure Therapeutic Grade - Works Best for Aromatherapy, Natural Soap, Shampoo, Hair, Lotion, Bath Melts, Body, Mice Repellent, and Air Freshener (Spray)",5.0,2018-02-02 10:06:48.973-05
eHouse,AC12g Ultrasonic Pest Repeller - Electronic Plug in Best Repellent - Pest Control - Get Rid of - Rodents Squirrels Rats Mice Insects - Roaches Spiders Mosquitos Fleas Fruit Fly Bed Bugs Flies Ants!,2.0,2020-09-08 14:43:24.122-04
Whemoalus,"Whemoalus Squirrel Repellent Outdoor,4-Pack Natural Squirrel Repellent for Attic,Cars,Squirrel Deterrent for Garden,Squirrel Repellent for Plants,Mint Squirrel Repellent Indoor Safe Around Kid & Pets",1.0,2022-06-01 10:22:50.136-04
Natural Armor,Natural Armor Lizard & Gecko Repellent Spray - Powerful Peppermint Formulation Repels All Types of Lizards & Geckos and Works Better Than Ultrasonic Gimmicks – 128 fl oz - Gallon Ready to Use,1.0,2022-10-02 10:07:52.096-04
Natural Armor,Natural Armor Lizard & Gecko Repellent Spray - Powerful Peppermint Formulation Repels All Types of Lizards & Geckos and Works Better Than Ultrasonic Gimmicks – 128 fl oz - Gallon Ready to Use,5.0,2022-05-13 19:19:08.102-04
BuggyBands,"6 Pack Mosquito Repellent Bracelets, Natural and Waterproof Wrist Bands for Adults, Kids, Pets - [Individually Wrapped], Travel Protection Outdoor – Indoor",5.0,2020-07-24 10:36:21.53-04
Grandpa Gus's,"Grandpa Gus's Extra-Strength Mouse Repellent Pouches + Potent Mouse Repellent Spray, Peppermint/Cinnamon Oils Repel Mouse From Home/RV, Boat/Car Storage & Machinery, 4 x 1.76oz Pouches + 1 x 8oz Spray",5.0,2021-04-12 13:05:35.855-04
Natural Armor,Natural Armor Lizard & Gecko Repellent Spray - Powerful Peppermint Formulation Repels All Types of Lizards & Geckos and Works Better Than Ultrasonic Gimmicks – 128 fl oz - Gallon Ready to Use,1.0,2022-09-28 14:51:18.258-04
eHouse,AC12 Ultrasonic Pest Repeller - Electronic Plug in Best Repellent - Pest Control - Get Rid of - Rodents Squirrels Mice Rats Insects - Roaches Spiders Fleas Bed Bugs Flies Ants Mosquitos Fruit Fly!,1.0,2020-09-09 22:10:56.328-04
Grandpa Gus's,"Grandpa Gus's Extra-Strength Mouse Repellent Pouches + Potent Mouse Repellent Spray, Peppermint/Cinnamon Oils Repel Mouse From Home/RV, Boat/Car Storage & Machinery, 4 x 1.76oz Pouches + 1 x 8oz Spray",2.0,2022-12-27 11:01:44.584-05
Grandpa Gus's,"Grandpa Gus's Extra-Strength Mouse Repellent Pouches + Potent Mouse Repellent Spray, Peppermint/Cinnamon Oils Repel Mouse From Home/RV, Boat/Car Storage & Machinery, 4 x 1.76oz Pouches + 1 x 8oz Spray",4.0,2022-08-21 23:10:12.58-04
eHouse,AC12g Ultrasonic Pest Repeller - Electronic Plug in Best Repellent - Pest Control - Get Rid of - Rodents Squirrels Rats Mice Insects - Roaches Spiders Mosquitos Fleas Fruit Fly Bed Bugs Flies Ants!,5.0,2020-07-03 23:15:57.38-04
Grandpa Gus's,"Grandpa Gus's Extra-Strength Mouse Repellent Pouches + Potent Mouse Repellent Spray, Peppermint/Cinnamon Oils Repel Mouse From Home/RV, Boat/Car Storage & Machinery, 4 x 1.76oz Pouches + 1 x 8oz Spray",5.0,2021-09-11 02:03:46.21-04
HONGXIAN,Gopher Repeller Ultrasonic Solar Mole Repellent 4 Pack Solar Mole Repellent & Gopher Repellent Ultrasonic Solar Powered Waterproof for Yard & Garden,5.0,2022-12-15 11:26:56.654-05
Pets vv,"No Scratch Spray for Cats, Cat Repellent Spray for Indoor Outdoor Use, Cat Deterrent Spray Protect Plants, Furniture & Floors",1.0,2021-04-28 10:31:54.283-04
Green Goo,"Green Goo Bugs Be Gone, All-Natural Essential Oil Tick, Fly & Insect Repellent, Safe to Spray On Skin, 4.5 Oz",5.0,2017-08-12 14:08:46.492-04
Tender Ben's,Ben's 30% DEET Tick & Insect Repellent Wipes - 2 Pack,5.0,2017-11-12 17:43:47.718-05
Natural Armor,Natural Armor Lizard & Gecko Repellent Spray - Powerful Peppermint Formulation Repels All Types of Lizards & Geckos and Works Better Than Ultrasonic Gimmicks – 128 fl oz - Gallon Ready to Use,1.0,2022-09-24 07:34:46.037-04
NATURAL OUST,NATURAL OUST Peppermint Oil Spider Repellent Spray - Eco Friendly Indoor Outdoor - Effective Spider Control,5.0,2021-09-01 00:30:39.601-04
SEALUXE,"SEALUXE Rodent Repellent Packs,Mouse Repellent,Peppermint Oil to Repel Mice, Mice Repellent Peppermint,Natural Rat Repellent,Insect Repellent with Peppermint Oil 4-Pack",2.0,2021-02-21 08:00:48.337-05
SEALUXE,"SEALUXE Rodent Repellent Packs,Mouse Repellent,Peppermint Oil to Repel Mice, Mice Repellent Peppermint,Natural Rat Repellent,Insect Repellent with Peppermint Oil 4-Pack",1.0,2021-02-21 11:05:08.914-05
SEALUXE,"SEALUXE Rodent Repellent Packs,Mouse Repellent,Peppermint Oil to Repel Mice, Mice Repellent Peppermint,Natural Rat Repellent,Insect Repellent with Peppermint Oil 4-Pack",1.0,2021-04-10 13:51:07.298-04
Natural Armor,Natural Armor Lizard & Gecko Repellent Spray - Powerful Peppermint Formulation Repels All Types of Lizards & Geckos and Works Better Than Ultrasonic Gimmicks – 128 fl oz - Gallon Ready to Use,1.0,2023-04-07 16:12:26.479-04
Natural Armor,Natural Armor Lizard & Gecko Repellent Spray - Powerful Peppermint Formulation Repels All Types of Lizards & Geckos and Works Better Than Ultrasonic Gimmicks – 128 fl oz - Gallon Ready to Use,1.0,2021-07-01 16:42:41.315-04
eHouse,AC12 Ultrasonic Pest Repeller - Electronic Plug in Best Repellent - Pest Control - Get Rid of - Rodents Squirrels Mice Rats Insects - Roaches Spiders Fleas Bed Bugs Flies Ants Mosquitos Fruit Fly!,1.0,2020-10-18 20:24:55.82-04
Natural Armor,Natural Armor Lizard & Gecko Repellent Spray - Powerful Peppermint Formulation Repels All Types of Lizards & Geckos and Works Better Than Ultrasonic Gimmicks – 128 fl oz - Gallon Ready to Use,1.0,2021-10-06 13:20:20.465-04
Enoz,"Enoz No Zone, Refills for Animal Repellent Stations 16 Refill Bag - Twin - White",4.0,2020-07-30 09:39:43.362-04
eHouse,AC12 Ultrasonic Pest Repeller - Electronic Plug in Best Repellent - Pest Control - Get Rid of - Rodents Squirrels Mice Rats Insects - Roaches Spiders Fleas Bed Bugs Flies Ants Mosquitos Fruit Fly!,2.0,2020-08-21 21:33:20.848-04
Foundation Armor,5 GAL Armor SC25 Penetrating Concrete Sealer and Water Repellent Salt Guard,5.0,2022-10-13 16:35:28.686-04
CHOMP!,"CHOMP! Shower Door Water Repellent: Healthier Home ShowerDoorMagic 6 in 1 Hard Water Stain Preventer for Glass, Fiberglass, Tile & More- Spot, Soap Scum, Calcium & Limescale Prevention 32 oz.",2.0,2021-04-13 12:46:47.782-04
Natural Armor,Natural Armor Lizard & Gecko Repellent Spray - Powerful Peppermint Formulation Repels All Types of Lizards & Geckos and Works Better Than Ultrasonic Gimmicks – 128 fl oz - Gallon Ready to Use,1.0,2023-04-15 08:45:01.465-04
Grandpa Gus's,"Grandpa Gus's Extra-Strength Mouse Repellent Pouches + Potent Mouse Repellent Spray, Peppermint/Cinnamon Oils Repel Mouse From Home/RV, Boat/Car Storage & Machinery, 4 x 1.76oz Pouches + 1 x 8oz Spray",1.0,2021-12-05 21:50:32.583-05
THUMB THUMB NO THUMB! NATURAL & SAFE FOR KIDS,Thumb Thumb NO THUMB natural dentist approved thumb sucking deterrent for kids,1.0,2020-07-24 23:10:54.047-04
Grandpa Gus's,"Grandpa Gus's Extra-Strength Mouse Repellent Pouches + Potent Mouse Repellent Spray, Peppermint/Cinnamon Oils Repel Mouse From Home/RV, Boat/Car Storage & Machinery, 4 x 1.76oz Pouches + 1 x 8oz Spray",2.0,2022-12-03 08:46:04.141-05
Epic,Epic 02112 All Natural Eco-Friendly Grandular Goose Scram Repellent - 10-lbs,1.0,2022-06-05 15:18:41.858-04
CHOMP!,"CHOMP! Shower Door Water Repellent: Healthier Home ShowerDoorMagic 6 in 1 Hard Water Stain Preventer for Glass, Fiberglass, Tile & More- Spot, Soap Scum, Calcium & Limescale Prevention 32 oz.",1.0,2020-06-27 19:40:22.254-04
Natural Armor,Natural Armor Lizard & Gecko Repellent Spray - Powerful Peppermint Formulation Repels All Types of Lizards & Geckos and Works Better Than Ultrasonic Gimmicks – 128 fl oz - Gallon Ready to Use,1.0,2023-01-12 23:49:48.67-05
Enoz,"Enoz No Zone, Refills for Animal Repellent Stations 16 Refill Bag - Twin - White",3.0,2019-11-22 08:21:14.963-05
SEALUXE,"SEALUXE Rodent Repellent Packs,Mouse Repellent,Peppermint Oil to Repel Mice, Mice Repellent Peppermint,Natural Rat Repellent,Insect Repellent with Peppermint Oil 4-Pack",1.0,2021-03-16 14:20:57.64-04
Grandpa Gus's,"Grandpa Gus's Extra-Strength Mouse Repellent Pouches + Potent Mouse Repellent Spray, Peppermint/Cinnamon Oils Repel Mouse From Home/RV, Boat/Car Storage & Machinery, 4 x 1.76oz Pouches + 1 x 8oz Spray",5.0,2021-09-02 10:36:52.242-04
Whemoalus,"Whemoalus Squirrel Repellent Outdoor,4-Pack Natural Squirrel Repellent for Attic,Cars,Squirrel Deterrent for Garden,Squirrel Repellent for Plants,Mint Squirrel Repellent Indoor Safe Around Kid & Pets",2.0,2022-09-03 07:50:49.738-04
eHouse,AC12 Ultrasonic Pest Repeller - Electronic Plug in Best Repellent - Pest Control - Get Rid of - Rodents Squirrels Mice Rats Insects - Roaches Spiders Fleas Bed Bugs Flies Ants Mosquitos Fruit Fly!,5.0,2020-07-01 08:37:12.568-04
JNxcel Salon Products,JNxcel Premium Quality Water Repellent Nylon/Polyester Fabric Hair Salon & Barber Hair Cutting & Shampoo Cape with Snap Closure (Purple Plum) …,5.0,2020-09-14 10:25:43.262-04
JNxcel Salon Products,"JNxcel Premium Quality Black Water Repellent & Stain Resistant All-Purpose Nylon/Polyester Fabric Hair Salon & Barber Hair Cutting, Shampoo & Chemical Cape with Snap Closure …",5.0,2020-09-14 10:20:08.957-04
Green Goo,"Green Goo Bugs Be Gone, All-Natural Essential Oil Tick, Fly & Insect Repellent, Safe to Spray On Skin, 4.5 Oz",5.0,2017-08-06 21:05:34.607-04
Tender Ben's,Ben's 30% DEET Tick & Insect Repellent Wipes - 2 Pack,5.0,2021-07-31 16:31:16.069-04
Nature's MACE,"Nature's MACE Cat Repellent 1 Gallon Spray/Treats 3,000 Sq. Ft. / Keep Cat Out of Your Lawn and Garden/Train Your Cat to Stay Out of Bushes/Safe to use Around Children & Plants",2.0,2023-04-10 19:50:16.587-04
eHouse,AC12 Ultrasonic Pest Repeller - Electronic Plug in Best Repellent - Pest Control - Get Rid of - Rodents Squirrels Mice Rats Insects - Roaches Spiders Fleas Bed Bugs Flies Ants Mosquitos Fruit Fly!,5.0,2020-06-19 11:35:08.078-04
Nature's MACE,"Nature's MACE Cat Repellent 1 Gallon Spray/Treats 3,000 Sq. Ft. / Keep Cat Out of Your Lawn and Garden/Train Your Cat to Stay Out of Bushes/Safe to use Around Children & Plants",5.0,2023-04-27 07:54:35.851-04
Solere,"Solar powered Mole repellent, ultrasonic Pest repellers. Sonic Gopher repeller outdoor Vole, Chipmunk, Snake repeller, Garden repeller, Pet safe. 4pcs",1.0,2021-01-29 16:17:29.195-05
Barber Strong,"Barber Strong The Barber Apron, Black, Hair Repellent, Ultra Lightweight",5.0,2019-07-14 10:49:53.581-04
Grandpa Gus's,"Grandpa Gus's Extra-Strength Mouse Repellent Pouches + Potent Mouse Repellent Spray, Peppermint/Cinnamon Oils Repel Mouse From Home/RV, Boat/Car Storage & Machinery, 4 x 1.76oz Pouches + 1 x 8oz Spray",1.0,2022-02-04 10:20:41.524-05
Palmandpond,"Ultrasonic Pest Repeller 4 Packs, Electronic Plug in Sonic Repellent pest Control for Bugs Insects Mice Spiders Mosquitoes",1.0,2022-01-07 14:40:34.681-05
Natural Armor,Natural Armor Lizard & Gecko Repellent Spray - Powerful Peppermint Formulation Repels All Types of Lizards & Geckos and Works Better Than Ultrasonic Gimmicks – 128 fl oz - Gallon Ready to Use,5.0,2022-06-29 19:23:19.684-04
Grandpa Gus's,"Grandpa Gus's Extra-Strength Mouse Repellent Pouches + Potent Mouse Repellent Spray, Peppermint/Cinnamon Oils Repel Mouse From Home/RV, Boat/Car Storage & Machinery, 4 x 1.76oz Pouches + 1 x 8oz Spray",5.0,2023-03-27 15:23:09.027-04
Grandpa Gus's,"Grandpa Gus's Extra-Strength Mouse Repellent Pouches + Potent Mouse Repellent Spray, Peppermint/Cinnamon Oils Repel Mouse From Home/RV, Boat/Car Storage & Machinery, 4 x 1.76oz Pouches + 1 x 8oz Spray",1.0,2023-02-07 15:27:58.648-05
eHouse,AC12 Ultrasonic Pest Repeller - Electronic Plug in Best Repellent - Pest Control - Get Rid of - Rodents Squirrels Mice Rats Insects - Roaches Spiders Fleas Bed Bugs Flies Ants Mosquitos Fruit Fly!,1.0,2020-07-31 14:20:40.229-04
Foundation Armor,5 GAL Armor SC25 Penetrating Concrete Sealer and Water Repellent Salt Guard,1.0,2020-08-09 13:51:47.063-04
Grandpa Gus's,"Grandpa Gus's Extra-Strength Mouse Repellent Pouches + Potent Mouse Repellent Spray, Peppermint/Cinnamon Oils Repel Mouse From Home/RV, Boat/Car Storage & Machinery, 4 x 1.76oz Pouches + 1 x 8oz Spray",1.0,2020-10-30 09:09:53.281-04
Nature's MACE,"Nature's MACE Cat Repellent 1 Gallon Spray/Treats 3,000 Sq. Ft. / Keep Cat Out of Your Lawn and Garden/Train Your Cat to Stay Out of Bushes/Safe to use Around Children & Plants",4.0,2023-05-16 17:18:04.861-04
Natural Armor,Natural Armor Lizard & Gecko Repellent Spray - Powerful Peppermint Formulation Repels All Types of Lizards & Geckos and Works Better Than Ultrasonic Gimmicks – 128 fl oz - Gallon Ready to Use,5.0,2022-06-30 08:32:09.943-04
JNxcel Salon Products,JNxcel Premium Quality Water Repellent Nylon/Polyester Fabric Hair Salon & Barber Hair Cutting & Shampoo Cape with Snap Closure (Turquoise),3.0,2018-04-23 21:08:02.313-04
Natural Armor,Natural Armor Lizard & Gecko Repellent Spray - Powerful Peppermint Formulation Repels All Types of Lizards & Geckos and Works Better Than Ultrasonic Gimmicks – 128 fl oz - Gallon Ready to Use,2.0,2021-11-01 23:13:12.486-04
eHouse,AC12g Ultrasonic Pest Repeller - Electronic Plug in Best Repellent - Pest Control - Get Rid of - Rodents Squirrels Rats Mice Insects - Roaches Spiders Mosquitos Fleas Fruit Fly Bed Bugs Flies Ants!,2.0,2021-04-12 14:29:33.893-04
SEALUXE,"SEALUXE Rodent Repellent Packs,Mouse Repellent,Peppermint Oil to Repel Mice, Mice Repellent Peppermint,Natural Rat Repellent,Insect Repellent with Peppermint Oil 6-Pack",1.0,2021-02-19 19:17:42.077-05
eHouse,AC12g Ultrasonic Pest Repeller - Electronic Plug in Best Repellent - Pest Control - Get Rid of - Rodents Squirrels Rats Mice Insects - Roaches Spiders Mosquitos Fleas Fruit Fly Bed Bugs Flies Ants!,5.0,2020-07-31 05:32:24.336-04
Whemoalus,"Whemoalus Squirrel Repellent Outdoor,4-Pack Natural Squirrel Repellent for Attic,Cars,Squirrel Deterrent for Garden,Squirrel Repellent for Plants,Mint Squirrel Repellent Indoor Safe Around Kid & Pets",1.0,2022-06-23 08:58:08.576-04
Barber Strong,"Barber Strong The Barber Apron, Black, Hair Repellent, Ultra Lightweight",1.0,2020-02-19 12:28:23.109-05
Whemoalus,"Whemoalus Squirrel Repellent Outdoor,4-Pack Natural Squirrel Repellent for Attic,Cars,Squirrel Deterrent for Garden,Squirrel Repellent for Plants,Mint Squirrel Repellent Indoor Safe Around Kid & Pets",1.0,2022-06-15 08:10:10.356-04
Natural Armor,Natural Armor Lizard & Gecko Repellent Spray - Powerful Peppermint Formulation Repels All Types of Lizards & Geckos and Works Better Than Ultrasonic Gimmicks – 128 fl oz - Gallon Ready to Use,1.0,2021-09-29 09:11:14.753-04
Green Goo,"Green Goo Bugs Be Gone, All-Natural Essential Oil Tick, Fly & Insect Repellent, Safe to Spray On Skin, 4.5 Oz",1.0,2022-08-07 19:32:26.715-04
Grandpa Gus's,"Grandpa Gus's Extra-Strength Mouse Repellent Pouches + Potent Mouse Repellent Spray, Peppermint/Cinnamon Oils Repel Mouse From Home/RV, Boat/Car Storage & Machinery, 4 x 1.76oz Pouches + 1 x 8oz Spray",3.0,2021-12-20 08:04:03.8-05
Nature's MACE,"Nature's MACE Cat Repellent 1 Gallon Spray/Treats 3,000 Sq. Ft. / Keep Cat Out of Your Lawn and Garden/Train Your Cat to Stay Out of Bushes/Safe to use Around Children & Plants",3.0,2023-05-09 13:09:00.907-04
Green Goo,"Green Goo Bugs Be Gone, All-Natural Essential Oil Tick, Fly & Insect Repellent, Safe to Spray On Skin, 4.5 Oz",5.0,2021-03-12 07:21:08.323-05
Barber Strong,"Barber Strong The Barber Apron, Black, Hair Repellent, Ultra Lightweight",4.0,2019-03-02 09:56:19.92-05
Pets vv,"No Scratch Spray for Cats, Cat Repellent Spray for Indoor Outdoor Use, Cat Deterrent Spray Protect Plants, Furniture & Floors",1.0,2021-04-24 00:02:54.103-04
Grandpa Gus's,"Grandpa Gus's Extra-Strength Mouse Repellent Pouches + Potent Mouse Repellent Spray, Peppermint/Cinnamon Oils Repel Mouse From Home/RV, Boat/Car Storage & Machinery, 4 x 1.76oz Pouches + 1 x 8oz Spray",1.0,2021-05-28 13:35:34.858-04
wyewye,"Mole Trap Mole Killer 8 Pack Mole Repellent Solar Powered Snake Repellent Squirrel Gopher Repellent Ultrasonic Rodent Repellent and Deterrent for Chasing Mole,Mouse,Snake,Squirrel",4.0,2022-06-30 22:41:12.959-04
Natural Armor,Natural Armor Lizard & Gecko Repellent Spray - Powerful Peppermint Formulation Repels All Types of Lizards & Geckos and Works Better Than Ultrasonic Gimmicks – 128 fl oz - Gallon Ready to Use,1.0,2021-10-15 17:38:03.786-04
eHouse,AC12g Ultrasonic Pest Repeller - Electronic Plug in Best Repellent - Pest Control - Get Rid of - Rodents Squirrels Rats Mice Insects - Roaches Spiders Mosquitos Fleas Fruit Fly Bed Bugs Flies Ants!,4.0,2020-06-19 23:28:02.094-04
Nature's MACE,"Nature's MACE Cat Repellent 1 Gallon Spray/Treats 3,000 Sq. Ft. / Keep Cat Out of Your Lawn and Garden/Train Your Cat to Stay Out of Bushes/Safe to use Around Children & Plants",1.0,2023-05-29 14:03:13.288-04
Epic,Epic 02112 All Natural Eco-Friendly Grandular Goose Scram Repellent - 10-lbs,1.0,2022-07-28 03:25:21.717-04
Foundation Armor,5 GAL Armor SC25 Penetrating Concrete Sealer and Water Repellent Salt Guard,5.0,2023-04-19 12:24:24.764-04
Foundation Armor,5 GAL Armor SC25 Penetrating Concrete Sealer and Water Repellent Salt Guard,5.0,2019-10-16 11:53:32.544-04
Natural Armor,Natural Armor Lizard & Gecko Repellent Spray - Powerful Peppermint Formulation Repels All Types of Lizards & Geckos and Works Better Than Ultrasonic Gimmicks – 128 fl oz - Gallon Ready to Use,5.0,2022-08-05 06:59:38.211-04
Scotts Ortho Business Grp,Ortho Deer And Rabbit Concentrate Repellent 32 Oz,1.0,2021-04-07 12:51:14.74-04
Wskvlcg,"Mosquito Repellent Bracelet, Ultrasonic Mosquito Repellent Bracelet Watch USB Rechargeable Anti Mosquito Repeller Wristband, Essential for Outdoor Camping (1 Pack, Black + White)",1.0,2022-07-21 09:37:31.166-04
Natural Armor,Natural Armor Lizard & Gecko Repellent Spray - Powerful Peppermint Formulation Repels All Types of Lizards & Geckos and Works Better Than Ultrasonic Gimmicks – 128 fl oz - Gallon Ready to Use,1.0,2023-05-28 11:15:59.619-04
Natural Armor,Natural Armor Lizard & Gecko Repellent Spray - Powerful Peppermint Formulation Repels All Types of Lizards & Geckos and Works Better Than Ultrasonic Gimmicks – 128 fl oz - Gallon Ready to Use,1.0,2023-04-08 21:45:03.743-04
Nature's MACE,"Nature's MACE Cat Repellent 1 Gallon Spray/Treats 3,000 Sq. Ft. / Keep Cat Out of Your Lawn and Garden/Train Your Cat to Stay Out of Bushes/Safe to use Around Children & Plants",4.0,2023-05-29 06:23:50.706-04
Nature's MACE,"Nature's MACE Cat Repellent 1 Gallon Spray/Treats 3,000 Sq. Ft. / Keep Cat Out of Your Lawn and Garden/Train Your Cat to Stay Out of Bushes/Safe to use Around Children & Plants",1.0,2023-03-27 00:41:36.844-04
Jahy2Tech,"2 Pack Solar Ultrasonic Animal Repeller Outdoor to Repel Cat Deer Skunk Raccoon Rabbit Squirel Dog, Waterproof Animal Deterrent with Motion Sensor & 5 Strong Strobe Light & Dual Speaker for Yard Home",1.0,2023-05-13 12:16:03.759-04
eHouse,AC12g Ultrasonic Pest Repeller - Electronic Plug in Best Repellent - Pest Control - Get Rid of - Rodents Squirrels Rats Mice Insects - Roaches Spiders Mosquitos Fleas Fruit Fly Bed Bugs Flies Ants!,1.0,2020-09-09 15:28:47.872-04
Natural Armor,Natural Armor Lizard & Gecko Repellent Spray - Powerful Peppermint Formulation Repels All Types of Lizards & Geckos and Works Better Than Ultrasonic Gimmicks – 128 fl oz - Gallon Ready to Use,1.0,2023-06-01 17:22:04.955-04
Sally's Organics,"10ml Organic Peppermint Essential Oil - Pure Therapeutic Grade - Works Best for Aromatherapy, Natural Soap, Shampoo, Hair, Lotion, Bath Melts, Body, Mice Repellent, and Air Freshener (Spray)",1.0,2020-03-01 09:29:46.03-05
Nature's MACE,"Nature's MACE Cat Repellent 1 Gallon Spray/Treats 3,000 Sq. Ft. / Keep Cat Out of Your Lawn and Garden/Train Your Cat to Stay Out of Bushes/Safe to use Around Children & Plants",5.0,2023-04-10 13:37:24.888-04
Whemoalus,"Whemoalus Squirrel Repellent Outdoor,4-Pack Natural Squirrel Repellent for Attic,Cars,Squirrel Deterrent for Garden,Squirrel Repellent for Plants,Mint Squirrel Repellent Indoor Safe Around Kid & Pets",1.0,2022-06-18 16:05:52.58-04
wyewye,"Mole Trap Mole Killer 8 Pack Mole Repellent Solar Powered Snake Repellent Squirrel Gopher Repellent Ultrasonic Rodent Repellent and Deterrent for Chasing Mole,Mouse,Snake,Squirrel",1.0,2022-06-22 09:31:34.828-04
Grandpa Gus's,"Grandpa Gus's Extra-Strength Mouse Repellent Pouches + Potent Mouse Repellent Spray, Peppermint/Cinnamon Oils Repel Mouse From Home/RV, Boat/Car Storage & Machinery, 4 x 1.76oz Pouches + 1 x 8oz Spray",5.0,2020-01-07 09:54:00.047-05
BuggyBands,"6 Pack Mosquito Repellent Bracelets, Natural and Waterproof Wrist Bands for Adults, Kids, Pets - [Individually Wrapped], Travel Protection Outdoor – Indoor",5.0,2020-06-22 12:09:24.35-04
CHOMP!,"CHOMP! Shower Door Water Repellent: Healthier Home ShowerDoorMagic 6 in 1 Hard Water Stain Preventer for Glass, Fiberglass, Tile & More- Spot, Soap Scum, Calcium & Limescale Prevention 32 oz.",1.0,2023-01-05 13:28:41.567-05
Nature's MACE,"Nature's MACE Cat Repellent 1 Gallon Spray/Treats 3,000 Sq. Ft. / Keep Cat Out of Your Lawn and Garden/Train Your Cat to Stay Out of Bushes/Safe to use Around Children & Plants",1.0,2023-05-26 09:57:57.945-04
HONGXIAN,Gopher Repeller Ultrasonic Solar Mole Repellent 4 Pack Solar Mole Repellent & Gopher Repellent Ultrasonic Solar Powered Waterproof for Yard & Garden,5.0,2023-02-16 23:42:42.008-05
Foundation Armor,5 GAL Armor SC25 Penetrating Concrete Sealer and Water Repellent Salt Guard,5.0,2020-10-20 23:30:59.515-04
Enoz,"Enoz No Zone, Refills for Animal Repellent Stations 16 Refill Bag - Twin - White",3.0,2020-08-17 16:32:40.438-04
Grandpa Gus's,"Grandpa Gus's Extra-Strength Mouse Repellent Pouches + Potent Mouse Repellent Spray, Peppermint/Cinnamon Oils Repel Mouse From Home/RV, Boat/Car Storage & Machinery, 4 x 1.76oz Pouches + 1 x 8oz Spray",1.0,2021-06-03 18:30:38.944-04
Grandpa Gus's,"Grandpa Gus's Extra-Strength Mouse Repellent Pouches + Potent Mouse Repellent Spray, Peppermint/Cinnamon Oils Repel Mouse From Home/RV, Boat/Car Storage & Machinery, 4 x 1.76oz Pouches + 1 x 8oz Spray",5.0,2022-04-18 03:37:30.247-04
,Apello Pack of 6 Mole Repellent,1.0,2019-07-14 14:10:44.335-04
DeerScram,Epic 02118 Wild Hog Repellent Granular Bucket - 10-Lbs,1.0,2022-08-04 17:40:22.181-04
eHouse,AC12g Ultrasonic Pest Repeller - Electronic Plug in Best Repellent - Pest Control - Get Rid of - Rodents Squirrels Rats Mice Insects - Roaches Spiders Mosquitos Fleas Fruit Fly Bed Bugs Flies Ants!,1.0,2020-10-06 21:53:50.356-04
Barber Strong,"Barber Strong The Barber Apron, Black, Hair Repellent, Ultra Lightweight",5.0,2020-08-10 19:49:15.263-04
Natural Armor,Natural Armor Lizard & Gecko Repellent Spray - Powerful Peppermint Formulation Repels All Types of Lizards & Geckos and Works Better Than Ultrasonic Gimmicks – 128 fl oz - Gallon Ready to Use,5.0,2022-09-02 20:34:49.431-04
SEALUXE,"SEALUXE Rodent Repellent Packs,Mouse Repellent,Peppermint Oil to Repel Mice, Mice Repellent Peppermint,Natural Rat Repellent,Insect Repellent with Peppermint Oil 4-Pack",4.0,2021-02-03 20:41:33.045-05
Natural Armor,Natural Armor Lizard & Gecko Repellent Spray - Powerful Peppermint Formulation Repels All Types of Lizards & Geckos and Works Better Than Ultrasonic Gimmicks – 128 fl oz - Gallon Ready to Use,2.0,2021-08-24 04:37:35.418-04
JNxcel Salon Products,"JNxcel Premium Quality Black Water Repellent & Stain Resistant All-Purpose Nylon/Polyester Fabric Hair Salon & Barber Hair Cutting, Shampoo & Chemical Cape with Snap Closure …",5.0,2018-08-28 23:18:20.658-04
Foundation Armor,5 GAL Armor SC25 Penetrating Concrete Sealer and Water Repellent Salt Guard,4.0,2022-12-10 06:46:48.312-05
Motrapso,"36 Pack Rodent Repellent Peppermint for Car Engines Home Indoor & Outdoor, Mouse Repellent, Rat Repellent, Rodent Deterrent",2.0,2022-11-26 00:51:06.298-05
,Apello Pack of 6 Mole Repellent,1.0,2019-06-01 14:45:07.167-04
eHouse,AC12 Ultrasonic Pest Repeller - Electronic Plug in Best Repellent - Pest Control - Get Rid of - Rodents Squirrels Mice Rats Insects - Roaches Spiders Fleas Bed Bugs Flies Ants Mosquitos Fruit Fly!,5.0,2020-06-24 19:05:18.969-04
Grandpa Gus's,"Grandpa Gus's Extra-Strength Mouse Repellent Pouches + Potent Mouse Repellent Spray, Peppermint/Cinnamon Oils Repel Mouse From Home/RV, Boat/Car Storage & Machinery, 4 x 1.76oz Pouches + 1 x 8oz Spray",4.0,2020-06-03 10:41:11.749-04
Solere,"Solar powered Mole repellent, ultrasonic Pest repellers. Sonic Gopher repeller outdoor Vole, Chipmunk, Snake repeller, Garden repeller, Pet safe. 4pcs",5.0,2021-05-26 00:11:32.084-04
Grandpa Gus's,"Grandpa Gus's Extra-Strength Mouse Repellent Pouches + Potent Mouse Repellent Spray, Peppermint/Cinnamon Oils Repel Mouse From Home/RV, Boat/Car Storage & Machinery, 4 x 1.76oz Pouches + 1 x 8oz Spray",1.0,2022-05-20 01:59:56.348-04
Pets vv,"No Scratch Spray for Cats, Cat Repellent Spray for Indoor Outdoor Use, Cat Deterrent Spray Protect Plants, Furniture & Floors",1.0,2021-04-28 08:46:06.94-04
Grandpa Gus's,"Grandpa Gus's Extra-Strength Mouse Repellent Pouches + Potent Mouse Repellent Spray, Peppermint/Cinnamon Oils Repel Mouse From Home/RV, Boat/Car Storage & Machinery, 4 x 1.76oz Pouches + 1 x 8oz Spray",4.0,2022-06-23 07:12:47.791-04
HomeSweety,"HomeSweety Portable Electronic Mosquito Repellent Bracelet, Mosquito Wristband Watch USB Charging, Suitable for Adults Children Indoors and Outdoors 2022 Model",1.0,2023-05-17 02:02:16.726-04
Barber Strong,"Barber Strong The Barber Apron, Black, Hair Repellent, Ultra Lightweight",5.0,2020-03-23 22:26:50.428-04
Grandpa Gus's,"Grandpa Gus's Extra-Strength Mouse Repellent Pouches + Potent Mouse Repellent Spray, Peppermint/Cinnamon Oils Repel Mouse From Home/RV, Boat/Car Storage & Machinery, 4 x 1.76oz Pouches + 1 x 8oz Spray",5.0,2021-10-12 10:43:53.125-04
Grandpa Gus's,"Grandpa Gus's Extra-Strength Mouse Repellent Pouches + Potent Mouse Repellent Spray, Peppermint/Cinnamon Oils Repel Mouse From Home/RV, Boat/Car Storage & Machinery, 4 x 1.76oz Pouches + 1 x 8oz Spray",4.0,2022-10-23 12:27:38.693-04
Grandpa Gus's,"Grandpa Gus's Extra-Strength Mouse Repellent Pouches + Potent Mouse Repellent Spray, Peppermint/Cinnamon Oils Repel Mouse From Home/RV, Boat/Car Storage & Machinery, 4 x 1.76oz Pouches + 1 x 8oz Spray",2.0,2022-11-26 01:01:16.215-05
Grandpa Gus's,"Grandpa Gus's Extra-Strength Mouse Repellent Pouches + Potent Mouse Repellent Spray, Peppermint/Cinnamon Oils Repel Mouse From Home/RV, Boat/Car Storage & Machinery, 4 x 1.76oz Pouches + 1 x 8oz Spray",5.0,2021-11-01 05:49:12.072-04
SUAVEC,"SUAVEC Deer Repellent for Plant, Deer and Rabbit Repellent, Deer Deterrent for Garden and Lawn, Outdoor Deer Repellant Yard, Deer Repellant, Repel Deer Away",5.0,2021-11-13 16:53:39.593-05
Nature's MACE,"Nature's MACE Cat Repellent 1 Gallon Spray/Treats 3,000 Sq. Ft. / Keep Cat Out of Your Lawn and Garden/Train Your Cat to Stay Out of Bushes/Safe to use Around Children & Plants",5.0,2023-05-23 13:46:05.013-04
CHOMP!,"CHOMP! Shower Door Water Repellent: Healthier Home ShowerDoorMagic 6 in 1 Hard Water Stain Preventer for Glass, Fiberglass, Tile & More- Spot, Soap Scum, Calcium & Limescale Prevention 32 oz.",1.0,2022-11-17 15:59:50.435-05
Nature's MACE,"Nature's MACE Cat Repellent 1 Gallon Spray/Treats 3,000 Sq. Ft. / Keep Cat Out of Your Lawn and Garden/Train Your Cat to Stay Out of Bushes/Safe to use Around Children & Plants",1.0,2023-04-24 12:22:02.422-04
SEALUXE,"SEALUXE Rodent Repellent Packs,Mouse Repellent,Peppermint Oil to Repel Mice, Mice Repellent Peppermint,Natural Rat Repellent,Insect Repellent with Peppermint Oil 6-Pack",1.0,2021-03-13 16:17:58.125-05
PetUlove,"PetUlove Handheld Dog Repellent,Dog Trainer 100% Pet & Human Safe G",3.0,2016-02-15 12:49:44-05
Whemoalus,"Whemoalus Squirrel Repellent Outdoor,4-Pack Natural Squirrel Repellent for Attic,Cars,Squirrel Deterrent for Garden,Squirrel Repellent for Plants,Mint Squirrel Repellent Indoor Safe Around Kid & Pets",1.0,2022-05-24 22:59:20.378-04
ZGWJ,"4 Pack Ultrasonic Solar Mole Repeller, Pest Control Waterproof Solar Mole Deterrent & Repeller, Vole, Gopher, Snake for Outdoor Lawn Garden Yards",2.0,2021-06-13 10:47:44.527-04
Grandpa Gus's,"Grandpa Gus's Extra-Strength Mouse Repellent Pouches + Potent Mouse Repellent Spray, Peppermint/Cinnamon Oils Repel Mouse From Home/RV, Boat/Car Storage & Machinery, 4 x 1.76oz Pouches + 1 x 8oz Spray",5.0,2020-09-12 10:20:15.795-04
Grandpa Gus's,"Grandpa Gus's Extra-Strength Mouse Repellent Pouches + Potent Mouse Repellent Spray, Peppermint/Cinnamon Oils Repel Mouse From Home/RV, Boat/Car Storage & Machinery, 4 x 1.76oz Pouches + 1 x 8oz Spray",5.0,2021-01-26 17:27:08.265-05
SUAVEC,"SUAVEC Deer Repellent for Plant, Deer and Rabbit Repellent, Deer Deterrent for Garden and Lawn, Outdoor Deer Repellant Yard, Deer Repellant, Repel Deer Away",1.0,2021-12-06 07:25:01.193-05
Sally's Organics,"10ml Organic Peppermint Essential Oil - Pure Therapeutic Grade - Works Best for Aromatherapy, Natural Soap, Shampoo, Hair, Lotion, Bath Melts, Body, Mice Repellent, and Air Freshener (Spray)",3.0,2019-12-11 06:36:43.264-05
Natural Armor,Natural Armor Lizard & Gecko Repellent Spray - Powerful Peppermint Formulation Repels All Types of Lizards & Geckos and Works Better Than Ultrasonic Gimmicks – 128 fl oz - Gallon Ready to Use,5.0,2022-09-21 07:06:37.714-04
Natural Armor,Natural Armor Lizard & Gecko Repellent Spray - Powerful Peppermint Formulation Repels All Types of Lizards & Geckos and Works Better Than Ultrasonic Gimmicks – 128 fl oz - Gallon Ready to Use,1.0,2023-05-22 16:48:39.924-04
eHouse,AC12g Ultrasonic Pest Repeller - Electronic Plug in Best Repellent - Pest Control - Get Rid of - Rodents Squirrels Rats Mice Insects - Roaches Spiders Mosquitos Fleas Fruit Fly Bed Bugs Flies Ants!,5.0,2020-11-05 20:18:11.603-05
Tysonir,"Tysonir Mole Repellent,Mole Repellent Solar Powered Groundhog Repeller ,Gopher Repellent Ultrasonic,Get Rid of Mole Gophers Voles for Outdoor Garden Yard 2Pack",5.0,2022-03-23 11:39:08.153-04
Sally's Organics,"10ml Organic Peppermint Essential Oil - Pure Therapeutic Grade - Works Best for Aromatherapy, Natural Soap, Shampoo, Hair, Lotion, Bath Melts, Body, Mice Repellent, and Air Freshener (Spray)",5.0,2019-03-31 12:26:42.358-04
HONGXIAN,Gopher Repeller Ultrasonic Solar Mole Repellent 4 Pack Solar Mole Repellent & Gopher Repellent Ultrasonic Solar Powered Waterproof for Yard & Garden,5.0,2022-12-20 07:18:00.427-05
eHouse,AC12 Ultrasonic Pest Repeller - Electronic Plug in Best Repellent - Pest Control - Get Rid of - Rodents Squirrels Mice Rats Insects - Roaches Spiders Fleas Bed Bugs Flies Ants Mosquitos Fruit Fly!,5.0,2020-06-27 18:16:53.448-04
Green Goo,"Green Goo Bugs Be Gone, All-Natural Essential Oil Tick, Fly & Insect Repellent, Safe to Spray On Skin, 4.5 Oz",1.0,2018-07-20 12:08:24.238-04
SEALUXE,"SEALUXE Rodent Repellent Packs,Mouse Repellent,Peppermint Oil to Repel Mice, Mice Repellent Peppermint,Natural Rat Repellent,Insect Repellent with Peppermint Oil 4-Pack",1.0,2021-02-26 20:22:00.365-05
eHouse,AC12g Ultrasonic Pest Repeller - Electronic Plug in Best Repellent - Pest Control - Get Rid of - Rodents Squirrels Rats Mice Insects - Roaches Spiders Mosquitos Fleas Fruit Fly Bed Bugs Flies Ants!,5.0,2020-07-21 19:48:22.379-04
Grandpa Gus's,"Grandpa Gus's Extra-Strength Mouse Repellent Pouches + Potent Mouse Repellent Spray, Peppermint/Cinnamon Oils Repel Mouse From Home/RV, Boat/Car Storage & Machinery, 4 x 1.76oz Pouches + 1 x 8oz Spray",1.0,2021-08-02 21:37:02.747-04
MouseBlocker,"MouseBlocker 1000x Powerful Plug-in Ultrasonic Mouse and Rodent Deterrent for Buildings, Garages, Attics and More. Works with All Rodents. Ultrasonic Rodent Repeller",5.0,2022-06-15 08:47:35.767-04
Natural Armor,Natural Armor Lizard & Gecko Repellent Spray - Powerful Peppermint Formulation Repels All Types of Lizards & Geckos and Works Better Than Ultrasonic Gimmicks – 128 fl oz - Gallon Ready to Use,1.0,2021-03-03 18:47:16.983-05
Grandpa Gus's,"Grandpa Gus's Extra-Strength Mouse Repellent Pouches + Potent Mouse Repellent Spray, Peppermint/Cinnamon Oils Repel Mouse From Home/RV, Boat/Car Storage & Machinery, 4 x 1.76oz Pouches + 1 x 8oz Spray",1.0,2020-10-06 09:22:01.065-04
Solere,"Solar powered Mole repellent, ultrasonic Pest repellers. Sonic Gopher repeller outdoor Vole, Chipmunk, Snake repeller, Garden repeller, Pet safe. 4pcs",5.0,2021-05-12 16:11:23.003-04
Tender Ben's,Ben's 30% DEET Tick & Insect Repellent Wipes - 2 Pack,5.0,2019-05-21 21:06:54.528-04
Motrapso,"36 Pack Rodent Repellent Peppermint for Car Engines Home Indoor & Outdoor, Mouse Repellent, Rat Repellent, Rodent Deterrent",1.0,2023-01-11 17:38:38.897-05
Grandpa Gus's,"Grandpa Gus's Extra-Strength Mouse Repellent Pouches + Potent Mouse Repellent Spray, Peppermint/Cinnamon Oils Repel Mouse From Home/RV, Boat/Car Storage & Machinery, 4 x 1.76oz Pouches + 1 x 8oz Spray",4.0,2021-06-24 07:39:00.449-04
Natural Armor,Natural Armor Lizard & Gecko Repellent Spray - Powerful Peppermint Formulation Repels All Types of Lizards & Geckos and Works Better Than Ultrasonic Gimmicks – 128 fl oz - Gallon Ready to Use,1.0,2022-10-15 19:06:11.713-04
Grandpa Gus's,"Grandpa Gus's Extra-Strength Mouse Repellent Pouches + Potent Mouse Repellent Spray, Peppermint/Cinnamon Oils Repel Mouse From Home/RV, Boat/Car Storage & Machinery, 4 x 1.76oz Pouches + 1 x 8oz Spray",3.0,2021-12-21 11:04:15.678-05
HONGXIAN,Gopher Repeller Ultrasonic Solar Mole Repellent 4 Pack Solar Mole Repellent & Gopher Repellent Ultrasonic Solar Powered Waterproof for Yard & Garden,5.0,2022-12-09 15:28:13.562-05
Natural Armor,Natural Armor Lizard & Gecko Repellent Spray - Powerful Peppermint Formulation Repels All Types of Lizards & Geckos and Works Better Than Ultrasonic Gimmicks – 128 fl oz - Gallon Ready to Use,1.0,2023-06-10 09:12:35.189-04
Whemoalus,"Whemoalus Squirrel Repellent Outdoor,4-Pack Natural Squirrel Repellent for Attic,Cars,Squirrel Deterrent for Garden,Squirrel Repellent for Plants,Mint Squirrel Repellent Indoor Safe Around Kid & Pets",1.0,2022-07-26 23:48:58.946-04
Grandpa Gus's,"Grandpa Gus's Extra-Strength Mouse Repellent Pouches + Potent Mouse Repellent Spray, Peppermint/Cinnamon Oils Repel Mouse From Home/RV, Boat/Car Storage & Machinery, 4 x 1.76oz Pouches + 1 x 8oz Spray",5.0,2022-07-09 06:32:38.025-04
Tysonir,"Tysonir Mole Repellent,Mole Repellent Solar Powered Groundhog Repeller ,Gopher Repellent Ultrasonic,Get Rid of Mole Gophers Voles for Outdoor Garden Yard 2Pack",5.0,2022-09-06 22:56:33.647-04
Grandpa Gus's,"Grandpa Gus's Extra-Strength Mouse Repellent Pouches + Potent Mouse Repellent Spray, Peppermint/Cinnamon Oils Repel Mouse From Home/RV, Boat/Car Storage & Machinery, 4 x 1.76oz Pouches + 1 x 8oz Spray",5.0,2021-03-30 09:27:31.895-04
Sally's Organics,"10ml Organic Peppermint Essential Oil - Pure Therapeutic Grade - Works Best for Aromatherapy, Natural Soap, Shampoo, Hair, Lotion, Bath Melts, Body, Mice Repellent, and Air Freshener (Spray)",5.0,2018-01-16 20:00:12.671-05
Nature's MACE,"Nature's MACE Cat Repellent 1 Gallon Spray/Treats 3,000 Sq. Ft. / Keep Cat Out of Your Lawn and Garden/Train Your Cat to Stay Out of Bushes/Safe to use Around Children & Plants",1.0,2023-04-14 18:48:58.097-04
Grandpa Gus's,"Grandpa Gus's Extra-Strength Mouse Repellent Pouches + Potent Mouse Repellent Spray, Peppermint/Cinnamon Oils Repel Mouse From Home/RV, Boat/Car Storage & Machinery, 4 x 1.76oz Pouches + 1 x 8oz Spray",2.0,2020-09-12 15:46:40.045-04
Natural Armor,Natural Armor Lizard & Gecko Repellent Spray - Powerful Peppermint Formulation Repels All Types of Lizards & Geckos and Works Better Than Ultrasonic Gimmicks – 128 fl oz - Gallon Ready to Use,1.0,2022-07-25 13:54:10.281-04
Whemoalus,"Whemoalus Squirrel Repellent Outdoor,4-Pack Natural Squirrel Repellent for Attic,Cars,Squirrel Deterrent for Garden,Squirrel Repellent for Plants,Mint Squirrel Repellent Indoor Safe Around Kid & Pets",3.0,2022-06-05 18:58:36.323-04
Natural Armor,Natural Armor Lizard & Gecko Repellent Spray - Powerful Peppermint Formulation Repels All Types of Lizards & Geckos and Works Better Than Ultrasonic Gimmicks – 128 fl oz - Gallon Ready to Use,1.0,2021-05-04 01:49:23.561-04
Grandpa Gus's,"Grandpa Gus's Extra-Strength Mouse Repellent Pouches + Potent Mouse Repellent Spray, Peppermint/Cinnamon Oils Repel Mouse From Home/RV, Boat/Car Storage & Machinery, 4 x 1.76oz Pouches + 1 x 8oz Spray",2.0,2021-01-02 16:49:17.871-05
eHouse,AC12 Ultrasonic Pest Repeller - Electronic Plug in Best Repellent - Pest Control - Get Rid of - Rodents Squirrels Mice Rats Insects - Roaches Spiders Fleas Bed Bugs Flies Ants Mosquitos Fruit Fly!,3.0,2020-08-16 17:51:51.632-04
Natural Armor,Natural Armor Lizard & Gecko Repellent Spray - Powerful Peppermint Formulation Repels All Types of Lizards & Geckos and Works Better Than Ultrasonic Gimmicks – 128 fl oz - Gallon Ready to Use,5.0,2023-06-13 19:27:50.875-04
JNxcel Salon Products,JNxcel Premium Quality Water Repellent Nylon/Polyester Fabric Hair Salon & Barber Hair Cutting & Shampoo Cape with Snap Closure (Purple Plum) …,5.0,2020-12-11 22:45:58.787-05
JNxcel Salon Products,JNxcel Premium Quality Water Repellent Nylon/Polyester Fabric Hair Salon & Barber Hair Cutting & Shampoo Cape with Snap Closure (Turquoise),4.0,2022-05-13 21:25:11.152-04
Nature's MACE,"Nature's MACE Cat Repellent 1 Gallon Spray/Treats 3,000 Sq. Ft. / Keep Cat Out of Your Lawn and Garden/Train Your Cat to Stay Out of Bushes/Safe to use Around Children & Plants",5.0,2023-05-21 11:05:39.705-04
Grandpa Gus's,"Grandpa Gus's Extra-Strength Mouse Repellent Pouches + Potent Mouse Repellent Spray, Peppermint/Cinnamon Oils Repel Mouse From Home/RV, Boat/Car Storage & Machinery, 4 x 1.76oz Pouches + 1 x 8oz Spray",4.0,2023-01-17 15:34:42.556-05
SUAVEC,"SUAVEC Deer Repellent for Plant, Deer and Rabbit Repellent, Deer Deterrent for Garden and Lawn, Outdoor Deer Repellant Yard, Deer Repellant, Repel Deer Away",1.0,2021-11-16 22:05:03.089-05
Nature's MACE,"Nature's MACE Cat Repellent 1 Gallon Spray/Treats 3,000 Sq. Ft. / Keep Cat Out of Your Lawn and Garden/Train Your Cat to Stay Out of Bushes/Safe to use Around Children & Plants",1.0,2023-05-16 13:58:43.07-04
PetUlove,"PetUlove Handheld Dog Repellent,Dog Trainer 100% Pet & Human Safe G",5.0,2016-03-21 18:20:28-04
Green Goo,"Green Goo Bugs Be Gone, All-Natural Essential Oil Tick, Fly & Insect Repellent, Safe to Spray On Skin, 4.5 Oz",3.0,2022-05-13 14:50:15.578-04
BuggyBands,"6 Pack Mosquito Repellent Bracelets, Natural and Waterproof Wrist Bands for Adults, Kids, Pets - [Individually Wrapped], Travel Protection Outdoor – Indoor",1.0,2020-09-17 22:02:44.204-04
Natural Armor,Natural Armor Lizard & Gecko Repellent Spray - Powerful Peppermint Formulation Repels All Types of Lizards & Geckos and Works Better Than Ultrasonic Gimmicks – 128 fl oz - Gallon Ready to Use,1.0,2023-04-26 16:18:13.505-04
eHouse,AC12g Ultrasonic Pest Repeller - Electronic Plug in Best Repellent - Pest Control - Get Rid of - Rodents Squirrels Rats Mice Insects - Roaches Spiders Mosquitos Fleas Fruit Fly Bed Bugs Flies Ants!,2.0,2021-01-25 21:40:52.635-05
Natural Armor,Natural Armor Lizard & Gecko Repellent Spray - Powerful Peppermint Formulation Repels All Types of Lizards & Geckos and Works Better Than Ultrasonic Gimmicks – 128 fl oz - Gallon Ready to Use,2.0,2021-10-25 12:11:58.566-04
Natural Armor,Natural Armor Lizard & Gecko Repellent Spray - Powerful Peppermint Formulation Repels All Types of Lizards & Geckos and Works Better Than Ultrasonic Gimmicks – 128 fl oz - Gallon Ready to Use,1.0,2021-03-27 12:10:11.56-04
Grandpa Gus's,"Grandpa Gus's Extra-Strength Mouse Repellent Pouches + Potent Mouse Repellent Spray, Peppermint/Cinnamon Oils Repel Mouse From Home/RV, Boat/Car Storage & Machinery, 4 x 1.76oz Pouches + 1 x 8oz Spray",1.0,2022-12-06 05:21:21.8-05
Natural Armor,Natural Armor Lizard & Gecko Repellent Spray - Powerful Peppermint Formulation Repels All Types of Lizards & Geckos and Works Better Than Ultrasonic Gimmicks – 128 fl oz - Gallon Ready to Use,3.0,2021-10-07 17:10:39.563-04
eHouse,AC12 Ultrasonic Pest Repeller - Electronic Plug in Best Repellent - Pest Control - Get Rid of - Rodents Squirrels Mice Rats Insects - Roaches Spiders Fleas Bed Bugs Flies Ants Mosquitos Fruit Fly!,4.0,2020-06-16 15:12:05.641-04
Natural Armor,Natural Armor Lizard & Gecko Repellent Spray - Powerful Peppermint Formulation Repels All Types of Lizards & Geckos and Works Better Than Ultrasonic Gimmicks – 128 fl oz - Gallon Ready to Use,4.0,2022-08-21 15:08:00.392-04
Motrapso,"36 Pack Rodent Repellent Peppermint for Car Engines Home Indoor & Outdoor, Mouse Repellent, Rat Repellent, Rodent Deterrent",1.0,2023-06-03 11:20:52.982-04
CHOMP!,"CHOMP! Shower Door Water Repellent: Healthier Home ShowerDoorMagic 6 in 1 Hard Water Stain Preventer for Glass, Fiberglass, Tile & More- Spot, Soap Scum, Calcium & Limescale Prevention 32 oz.",5.0,2022-01-23 21:10:28.2-05
Natural Armor,Natural Armor Lizard & Gecko Repellent Spray - Powerful Peppermint Formulation Repels All Types of Lizards & Geckos and Works Better Than Ultrasonic Gimmicks – 128 fl oz - Gallon Ready to Use,1.0,2022-10-25 23:32:31.173-04
Nature's MACE,"Nature's MACE Cat Repellent 1 Gallon Spray/Treats 3,000 Sq. Ft. / Keep Cat Out of Your Lawn and Garden/Train Your Cat to Stay Out of Bushes/Safe to use Around Children & Plants",5.0,2023-05-05 17:22:20.445-04
Natural Armor,Natural Armor Lizard & Gecko Repellent Spray - Powerful Peppermint Formulation Repels All Types of Lizards & Geckos and Works Better Than Ultrasonic Gimmicks – 128 fl oz - Gallon Ready to Use,3.0,2022-09-12 11:03:07.768-04
RepelWell,"RepelWell Multi-Protect Stain & Water Repellent (24oz) Eco-Friendly, Pet-Safe Spray for Upholstery, Leather, Footwear & More",5.0,2023-02-18 23:53:54.975-05
eHouse,AC12 Ultrasonic Pest Repeller - Electronic Plug in Best Repellent - Pest Control - Get Rid of - Rodents Squirrels Mice Rats Insects - Roaches Spiders Fleas Bed Bugs Flies Ants Mosquitos Fruit Fly!,3.0,2021-01-10 17:59:12.892-05
Barber Strong,"Barber Strong The Barber Apron, Black, Hair Repellent, Ultra Lightweight",5.0,2020-08-12 10:51:18.179-04
THUMB THUMB NO THUMB! NATURAL & SAFE FOR KIDS,Thumb Thumb NO THUMB natural dentist approved thumb sucking deterrent for kids,3.0,2020-04-01 11:01:40.962-04
Natural Armor,Natural Armor Lizard & Gecko Repellent Spray - Powerful Peppermint Formulation Repels All Types of Lizards & Geckos and Works Better Than Ultrasonic Gimmicks – 128 fl oz - Gallon Ready to Use,5.0,2023-04-11 16:02:14.658-04
Natural Armor,Natural Armor Lizard & Gecko Repellent Spray - Powerful Peppermint Formulation Repels All Types of Lizards & Geckos and Works Better Than Ultrasonic Gimmicks – 128 fl oz - Gallon Ready to Use,1.0,2022-06-09 15:09:25.932-04
Natural Armor,Natural Armor Lizard & Gecko Repellent Spray - Powerful Peppermint Formulation Repels All Types of Lizards & Geckos and Works Better Than Ultrasonic Gimmicks – 128 fl oz - Gallon Ready to Use,2.0,2021-07-07 04:43:48.918-04
DeerScram,Epic 02118 Wild Hog Repellent Granular Bucket - 10-Lbs,1.0,2023-03-29 14:37:13.244-04
eHouse,AC12 Ultrasonic Pest Repeller - Electronic Plug in Best Repellent - Pest Control - Get Rid of - Rodents Squirrels Mice Rats Insects - Roaches Spiders Fleas Bed Bugs Flies Ants Mosquitos Fruit Fly!,1.0,2020-08-03 08:47:00.305-04
THUMB THUMB NO THUMB! NATURAL & SAFE FOR KIDS,Thumb Thumb NO THUMB natural dentist approved thumb sucking deterrent for kids,1.0,2021-02-25 23:13:18.319-05
Nature's MACE,"Nature's MACE Cat Repellent 1 Gallon Spray/Treats 3,000 Sq. Ft. / Keep Cat Out of Your Lawn and Garden/Train Your Cat to Stay Out of Bushes/Safe to use Around Children & Plants",5.0,2023-05-09 11:53:02.784-04
Natural Armor,Natural Armor Lizard & Gecko Repellent Spray - Powerful Peppermint Formulation Repels All Types of Lizards & Geckos and Works Better Than Ultrasonic Gimmicks – 128 fl oz - Gallon Ready to Use,2.0,2020-12-22 11:38:52.132-05
SEALUXE,"SEALUXE Rodent Repellent Packs,Mouse Repellent,Peppermint Oil to Repel Mice, Mice Repellent Peppermint,Natural Rat Repellent,Insect Repellent with Peppermint Oil 4-Pack",5.0,2021-04-11 15:24:05.48-04
Zevo,Zevo Wasp Hornet Bee and Yellow Jacket Stinging Insect Killer | Instant Action Aerosol 10Oz. Spray | Multi Insect Killer Repellent | Indoor Outdoor Use | Pet People Friendly Safe,1.0,2020-06-05 20:15:03.577-04
Beamshot,Beamshot BR100 Bird Repellent Tool,5.0,2020-05-06 10:49:52.374-04
Nature's MACE,"Nature's MACE Cat Repellent 1 Gallon Spray/Treats 3,000 Sq. Ft. / Keep Cat Out of Your Lawn and Garden/Train Your Cat to Stay Out of Bushes/Safe to use Around Children & Plants",1.0,2023-06-07 16:07:09.999-04
Nature's MACE,"Nature's MACE Cat Repellent 1 Gallon Spray/Treats 3,000 Sq. Ft. / Keep Cat Out of Your Lawn and Garden/Train Your Cat to Stay Out of Bushes/Safe to use Around Children & Plants",1.0,2023-04-12 15:18:23.63-04
Grandpa Gus's,"Grandpa Gus's Extra-Strength Mouse Repellent Pouches + Potent Mouse Repellent Spray, Peppermint/Cinnamon Oils Repel Mouse From Home/RV, Boat/Car Storage & Machinery, 4 x 1.76oz Pouches + 1 x 8oz Spray",5.0,2022-06-05 15:03:09.676-04
THUMB THUMB NO THUMB! NATURAL & SAFE FOR KIDS,Thumb Thumb NO THUMB natural dentist approved thumb sucking deterrent for kids,2.0,2020-02-21 20:07:07.01-05
Tender Ben's,Ben's 30% DEET Tick & Insect Repellent Wipes - 2 Pack,1.0,2019-08-28 14:31:30.096-04
Grandpa Gus's,"Grandpa Gus's Extra-Strength Mouse Repellent Pouches + Potent Mouse Repellent Spray, Peppermint/Cinnamon Oils Repel Mouse From Home/RV, Boat/Car Storage & Machinery, 4 x 1.76oz Pouches + 1 x 8oz Spray",5.0,2021-10-09 14:17:16.843-04
Natural Armor,Natural Armor Lizard & Gecko Repellent Spray - Powerful Peppermint Formulation Repels All Types of Lizards & Geckos and Works Better Than Ultrasonic Gimmicks – 128 fl oz - Gallon Ready to Use,1.0,2022-09-06 14:36:30.419-04
ZGWJ,"4 Pack Ultrasonic Solar Mole Repeller, Pest Control Waterproof Solar Mole Deterrent & Repeller, Vole, Gopher, Snake for Outdoor Lawn Garden Yards",1.0,2021-02-25 21:36:11.573-05
wyewye,"Mole Repellent Solar Powered 10 Pack Snake Repellent Gopher Repellent Squirrel Repellent Sonic Mole Deterrent Stakes, Snake Groundhog Chipmunk",1.0,2023-06-06 17:09:46.568-04
Grandpa Gus's,"Grandpa Gus's Extra-Strength Mouse Repellent Pouches + Potent Mouse Repellent Spray, Peppermint/Cinnamon Oils Repel Mouse From Home/RV, Boat/Car Storage & Machinery, 4 x 1.76oz Pouches + 1 x 8oz Spray",1.0,2021-06-07 18:16:15.47-04
CHOMP!,"CHOMP! Shower Door Water Repellent: Healthier Home ShowerDoorMagic 6 in 1 Hard Water Stain Preventer for Glass, Fiberglass, Tile & More- Spot, Soap Scum, Calcium & Limescale Prevention 32 oz.",2.0,2020-06-30 23:43:13.31-04
eHouse,AC12g Ultrasonic Pest Repeller - Electronic Plug in Best Repellent - Pest Control - Get Rid of - Rodents Squirrels Rats Mice Insects - Roaches Spiders Mosquitos Fleas Fruit Fly Bed Bugs Flies Ants!,1.0,2020-09-29 14:51:45.79-04
Jahy2Tech,"Animal Repellent Ultrasonic Outdoor, Solar Animal Chaser, Waterproof Animal Deterrent Repeller with Flashing Lights & Motion Sensor for Patio Yard Garden Orchard Attic",4.0,2022-08-29 12:07:02.221-04
Grandpa Gus's,"Grandpa Gus's Extra-Strength Mouse Repellent Pouches + Potent Mouse Repellent Spray, Peppermint/Cinnamon Oils Repel Mouse From Home/RV, Boat/Car Storage & Machinery, 4 x 1.76oz Pouches + 1 x 8oz Spray",5.0,2021-11-09 17:03:40.737-05
Natural Armor,Natural Armor Lizard & Gecko Repellent Spray - Powerful Peppermint Formulation Repels All Types of Lizards & Geckos and Works Better Than Ultrasonic Gimmicks – 128 fl oz - Gallon Ready to Use,1.0,2022-08-28 17:16:49.386-04
NATURAL OUST,NATURAL OUST Peppermint Oil Spider Repellent Spray - Eco Friendly Indoor Outdoor - Effective Spider Control,1.0,2022-08-30 20:39:02.436-04
Natural Armor,Natural Armor Lizard & Gecko Repellent Spray - Powerful Peppermint Formulation Repels All Types of Lizards & Geckos and Works Better Than Ultrasonic Gimmicks – 128 fl oz - Gallon Ready to Use,1.0,2023-04-02 02:22:15.078-04
Natural Armor,Natural Armor Lizard & Gecko Repellent Spray - Powerful Peppermint Formulation Repels All Types of Lizards & Geckos and Works Better Than Ultrasonic Gimmicks – 128 fl oz - Gallon Ready to Use,2.0,2021-07-03 21:36:36.566-04
ZELKON,"2-Pack Solar Animal Repeller, Ultrasonic Animal Repellent, Outdoor Cat Repellent,Motion Detection, LED Flashing Light,Alarm Sound Scare Away Dog,Rodent,Fox,Deer,Squirrel,Raccoon,Skunk,Rabbit,etc.",4.0,2023-06-18 23:38:37.03-04
Natural Armor,Natural Armor Lizard & Gecko Repellent Spray - Powerful Peppermint Formulation Repels All Types of Lizards & Geckos and Works Better Than Ultrasonic Gimmicks – 128 fl oz - Gallon Ready to Use,1.0,2022-10-02 09:24:07.102-04
Grandpa Gus's,"Grandpa Gus's Extra-Strength Mouse Repellent Pouches + Potent Mouse Repellent Spray, Peppermint/Cinnamon Oils Repel Mouse From Home/RV, Boat/Car Storage & Machinery, 4 x 1.76oz Pouches + 1 x 8oz Spray",1.0,2022-08-24 11:09:53.64-04
eHouse,AC12g Ultrasonic Pest Repeller - Electronic Plug in Best Repellent - Pest Control - Get Rid of - Rodents Squirrels Rats Mice Insects - Roaches Spiders Mosquitos Fleas Fruit Fly Bed Bugs Flies Ants!,5.0,2020-06-17 15:09:48.483-04
THUMB THUMB NO THUMB! NATURAL & SAFE FOR KIDS,Thumb Thumb NO THUMB natural dentist approved thumb sucking deterrent for kids,3.0,2019-12-08 23:08:41.699-05
Grandpa Gus's,"Grandpa Gus's Extra-Strength Mouse Repellent Pouches + Potent Mouse Repellent Spray, Peppermint/Cinnamon Oils Repel Mouse From Home/RV, Boat/Car Storage & Machinery, 4 x 1.76oz Pouches + 1 x 8oz Spray",1.0,2022-12-26 14:40:44.044-05
eHouse,AC12g Ultrasonic Pest Repeller - Electronic Plug in Best Repellent - Pest Control - Get Rid of - Rodents Squirrels Rats Mice Insects - Roaches Spiders Mosquitos Fleas Fruit Fly Bed Bugs Flies Ants!,5.0,2020-10-26 14:54:21.222-04
Nature's MACE,"Nature's MACE Cat Repellent 1 Gallon Spray/Treats 3,000 Sq. Ft. / Keep Cat Out of Your Lawn and Garden/Train Your Cat to Stay Out of Bushes/Safe to use Around Children & Plants",5.0,2023-05-15 13:33:22.054-04
ANYTIME,Bradshaw's ANYTIME no-bite/No scent spray - Does not smell like essential oils. Bold smell going on like soap. mosquito repellent lotion spray,1.0,2020-08-28 17:46:01.908-04
Enoz,"Enoz No Zone, Refills for Animal Repellent Stations 16 Refill Bag - Twin - White",5.0,2021-05-13 00:53:31.905-04
CHOMP!,"CHOMP! Shower Door Water Repellent: Healthier Home ShowerDoorMagic 6 in 1 Hard Water Stain Preventer for Glass, Fiberglass, Tile & More- Spot, Soap Scum, Calcium & Limescale Prevention 32 oz.",4.0,2021-11-09 07:24:57.083-05
Nature's MACE,"Nature's MACE Cat Repellent 1 Gallon Spray/Treats 3,000 Sq. Ft. / Keep Cat Out of Your Lawn and Garden/Train Your Cat to Stay Out of Bushes/Safe to use Around Children & Plants",1.0,2023-03-31 00:10:56.683-04
SEALUXE,"SEALUXE Rodent Repellent Packs,Mouse Repellent,Peppermint Oil to Repel Mice, Mice Repellent Peppermint,Natural Rat Repellent,Pest Control,Insect Repellent with Peppermint Oil 8-Pack",1.0,2021-09-01 21:22:06.489-04
Natural Armor,Natural Armor Lizard & Gecko Repellent Spray - Powerful Peppermint Formulation Repels All Types of Lizards & Geckos and Works Better Than Ultrasonic Gimmicks – 128 fl oz - Gallon Ready to Use,3.0,2022-11-19 13:44:44.5-05
Natural Armor,Natural Armor Lizard & Gecko Repellent Spray - Powerful Peppermint Formulation Repels All Types of Lizards & Geckos and Works Better Than Ultrasonic Gimmicks – 128 fl oz - Gallon Ready to Use,1.0,2022-09-06 11:28:27.759-04
Grandpa Gus's,"Grandpa Gus's Extra-Strength Mouse Repellent Pouches + Potent Mouse Repellent Spray, Peppermint/Cinnamon Oils Repel Mouse From Home/RV, Boat/Car Storage & Machinery, 4 x 1.76oz Pouches + 1 x 8oz Spray",5.0,2022-09-19 12:11:46.39-04
ANYTIME,Bradshaw's ANYTIME no-bite/No scent spray - Does not smell like essential oils. Bold smell going on like soap. mosquito repellent lotion spray,5.0,2020-08-05 09:40:14.735-04
eHouse,AC12 Ultrasonic Pest Repeller - Electronic Plug in Best Repellent - Pest Control - Get Rid of - Rodents Squirrels Mice Rats Insects - Roaches Spiders Fleas Bed Bugs Flies Ants Mosquitos Fruit Fly!,5.0,2020-07-03 22:28:45.396-04
MouseBlocker,"MouseBlocker 1000x Powerful Plug-in Ultrasonic Mouse and Rodent Deterrent for Buildings, Garages, Attics and More. Works with All Rodents. Ultrasonic Rodent Repeller",2.0,2022-10-27 11:06:50.011-04
Natural Armor,Natural Armor Lizard & Gecko Repellent Spray - Powerful Peppermint Formulation Repels All Types of Lizards & Geckos and Works Better Than Ultrasonic Gimmicks – 128 fl oz - Gallon Ready to Use,2.0,2022-09-13 21:46:04.269-04
Grandpa Gus's,"Grandpa Gus's Extra-Strength Mouse Repellent Pouches + Potent Mouse Repellent Spray, Peppermint/Cinnamon Oils Repel Mouse From Home/RV, Boat/Car Storage & Machinery, 4 x 1.76oz Pouches + 1 x 8oz Spray",5.0,2022-08-23 06:48:23.406-04
NATURAL OUST,NATURAL OUST Peppermint Oil Spider Repellent Spray - Eco Friendly Indoor Outdoor - Effective Spider Control,2.0,2021-10-06 11:22:43.245-04
eHouse,AC12g Ultrasonic Pest Repeller - Electronic Plug in Best Repellent - Pest Control - Get Rid of - Rodents Squirrels Rats Mice Insects - Roaches Spiders Mosquitos Fleas Fruit Fly Bed Bugs Flies Ants!,5.0,2020-07-06 10:40:43.419-04
Grandpa Gus's,"Grandpa Gus's Extra-Strength Mouse Repellent Pouches + Potent Mouse Repellent Spray, Peppermint/Cinnamon Oils Repel Mouse From Home/RV, Boat/Car Storage & Machinery, 4 x 1.76oz Pouches + 1 x 8oz Spray",5.0,2021-11-11 08:47:11.854-05
Natural Armor,Natural Armor Lizard & Gecko Repellent Spray - Powerful Peppermint Formulation Repels All Types of Lizards & Geckos and Works Better Than Ultrasonic Gimmicks – 128 fl oz - Gallon Ready to Use,1.0,2022-09-18 19:18:17.095-04
Natural Armor,Natural Armor Lizard & Gecko Repellent Spray - Powerful Peppermint Formulation Repels All Types of Lizards & Geckos and Works Better Than Ultrasonic Gimmicks – 128 fl oz - Gallon Ready to Use,1.0,2022-04-21 13:30:38.786-04
Natural Armor,Natural Armor Lizard & Gecko Repellent Spray - Powerful Peppermint Formulation Repels All Types of Lizards & Geckos and Works Better Than Ultrasonic Gimmicks – 128 fl oz - Gallon Ready to Use,1.0,2022-08-20 15:06:30.932-04
Green Goo,"Green Goo Bugs Be Gone, All-Natural Essential Oil Tick, Fly & Insect Repellent, Safe to Spray On Skin, 4.5 Oz",1.0,2022-04-11 22:09:48.036-04
eHouse,AC12 Ultrasonic Pest Repeller - Electronic Plug in Best Repellent - Pest Control - Get Rid of - Rodents Squirrels Mice Rats Insects - Roaches Spiders Fleas Bed Bugs Flies Ants Mosquitos Fruit Fly!,5.0,2020-07-17 15:44:43.239-04
Natural Armor,Natural Armor Lizard & Gecko Repellent Spray - Powerful Peppermint Formulation Repels All Types of Lizards & Geckos and Works Better Than Ultrasonic Gimmicks – 128 fl oz - Gallon Ready to Use,5.0,2022-06-16 15:25:32.644-04
CHOMP!,"CHOMP! Shower Door Water Repellent: Healthier Home ShowerDoorMagic 6 in 1 Hard Water Stain Preventer for Glass, Fiberglass, Tile & More- Spot, Soap Scum, Calcium & Limescale Prevention 32 oz.",3.0,2020-06-10 13:20:35.985-04
CHOMP!,"CHOMP! Shower Door Water Repellent: Healthier Home ShowerDoorMagic 6 in 1 Hard Water Stain Preventer for Glass, Fiberglass, Tile & More- Spot, Soap Scum, Calcium & Limescale Prevention 32 oz.",5.0,2021-11-10 14:19:07.277-05
Natural Armor,Natural Armor Lizard & Gecko Repellent Spray - Powerful Peppermint Formulation Repels All Types of Lizards & Geckos and Works Better Than Ultrasonic Gimmicks – 128 fl oz - Gallon Ready to Use,1.0,2023-05-17 16:50:16.871-04
Pets vv,"No Scratch Spray for Cats, Cat Repellent Spray for Indoor Outdoor Use, Cat Deterrent Spray Protect Plants, Furniture & Floors",1.0,2021-06-08 13:48:12.72-04
Green Goo,"Green Goo Bugs Be Gone, All-Natural Essential Oil Tick, Fly & Insect Repellent, Safe to Spray On Skin, 4.5 Oz",3.0,2019-09-27 20:00:41.518-04
Natural Armor,Natural Armor Lizard & Gecko Repellent Spray - Powerful Peppermint Formulation Repels All Types of Lizards & Geckos and Works Better Than Ultrasonic Gimmicks – 128 fl oz - Gallon Ready to Use,5.0,2021-07-25 10:45:49.855-04
Natural Armor,Natural Armor Lizard & Gecko Repellent Spray - Powerful Peppermint Formulation Repels All Types of Lizards & Geckos and Works Better Than Ultrasonic Gimmicks – 128 fl oz - Gallon Ready to Use,5.0,2022-07-24 11:53:16.271-04
Grandpa Gus's,"Grandpa Gus's Extra-Strength Mouse Repellent Pouches + Potent Mouse Repellent Spray, Peppermint/Cinnamon Oils Repel Mouse From Home/RV, Boat/Car Storage & Machinery, 4 x 1.76oz Pouches + 1 x 8oz Spray",5.0,2020-01-14 13:57:59.029-05
HONGXIAN,Gopher Repeller Ultrasonic Solar Mole Repellent 4 Pack Solar Mole Repellent & Gopher Repellent Ultrasonic Solar Powered Waterproof for Yard & Garden,5.0,2022-12-15 04:37:27.605-05
Nature's MACE,"Nature's MACE Cat Repellent 1 Gallon Spray/Treats 3,000 Sq. Ft. / Keep Cat Out of Your Lawn and Garden/Train Your Cat to Stay Out of Bushes/Safe to use Around Children & Plants",5.0,2023-06-02 11:55:08.628-04
wyewye,"Ultrasonic Pest Repeller 6 Pack Pest Repeller PlugIn, Electroni c Mouse Repellent Plug in, Rat Repeller Rodent Repellent Indoor Ultrasonic Repeller Control Roaches, Mice, Spider",1.0,2023-04-25 18:44:52.711-04
HomeSweety,"HomeSweety Portable Electronic Mosquito Repellent Bracelet, Mosquito Wristband Watch USB Charging, Suitable for Adults Children Indoors and Outdoors 2022 Model",1.0,2022-11-01 20:15:23.041-04
Whemoalus,"Whemoalus Squirrel Repellent Outdoor,4-Pack Natural Squirrel Repellent for Attic,Cars,Squirrel Deterrent for Garden,Squirrel Repellent for Plants,Mint Squirrel Repellent Indoor Safe Around Kid & Pets",1.0,2022-06-18 14:44:33.938-04
Whemoalus,"Whemoalus Squirrel Repellent Outdoor,4-Pack Natural Squirrel Repellent for Attic,Cars,Squirrel Deterrent for Garden,Squirrel Repellent for Plants,Mint Squirrel Repellent Indoor Safe Around Kid & Pets",1.0,2022-06-03 22:01:43.05-04
Whemoalus,"Whemoalus Squirrel Repellent Outdoor,4-Pack Natural Squirrel Repellent for Attic,Cars,Squirrel Deterrent for Garden,Squirrel Repellent for Plants,Mint Squirrel Repellent Indoor Safe Around Kid & Pets",1.0,2022-06-16 10:16:05.94-04
Whemoalus,"Whemoalus Squirrel Repellent Outdoor,4-Pack Natural Squirrel Repellent for Attic,Cars,Squirrel Deterrent for Garden,Squirrel Repellent for Plants,Mint Squirrel Repellent Indoor Safe Around Kid & Pets",1.0,2022-06-10 23:19:52.679-04
Whemoalus,"Whemoalus Squirrel Repellent Outdoor,4-Pack Natural Squirrel Repellent for Attic,Cars,Squirrel Deterrent for Garden,Squirrel Repellent for Plants,Mint Squirrel Repellent Indoor Safe Around Kid & Pets",1.0,2022-05-20 10:00:02.314-04
Whemoalus,"Whemoalus Squirrel Repellent Outdoor,4-Pack Natural Squirrel Repellent for Attic,Cars,Squirrel Deterrent for Garden,Squirrel Repellent for Plants,Mint Squirrel Repellent Indoor Safe Around Kid & Pets",5.0,2022-07-31 12:04:08.575-04
Green Goo,"Green Goo Bugs Be Gone, All-Natural Essential Oil Tick, Fly & Insect Repellent, Safe to Spray On Skin, 4.5 Oz",5.0,2016-05-07 10:58:54-04
Natural Armor,Natural Armor Lizard & Gecko Repellent Spray - Powerful Peppermint Formulation Repels All Types of Lizards & Geckos and Works Better Than Ultrasonic Gimmicks – 128 fl oz - Gallon Ready to Use,2.0,2023-02-14 12:06:59.374-05
,Apello Pack of 6 Mole Repellent,5.0,2019-05-09 16:25:46.359-04
MouseBlocker,"MouseBlocker 1000x Powerful Plug-in Ultrasonic Mouse and Rodent Deterrent for Buildings, Garages, Attics and More. Works with All Rodents. Ultrasonic Rodent Repeller",1.0,2023-02-04 10:06:25.153-05
Natural Armor,Natural Armor Lizard & Gecko Repellent Spray - Powerful Peppermint Formulation Repels All Types of Lizards & Geckos and Works Better Than Ultrasonic Gimmicks – 128 fl oz - Gallon Ready to Use,1.0,2021-08-04 23:03:29.992-04
MouseBlocker,"MouseBlocker 1000x Powerful Plug-in Ultrasonic Mouse and Rodent Deterrent for Buildings, Garages, Attics and More. Works with All Rodents. Ultrasonic Rodent Repeller",5.0,2023-02-16 12:00:38.484-05
Epic,Epic 02112 All Natural Eco-Friendly Grandular Goose Scram Repellent - 10-lbs,1.0,2023-07-02 11:56:51.226-04
wyewye,"Mole Repellent Solar Powered Ultrasonic Snake Repellent Sonic Mole Deterrent Pest Control Rodent Repeller Chaser Gopher Vole Trap, Repellant Spikes Killer for Yard Garden, 10 Pack",5.0,2023-05-25 21:23:30.558-04
Nature's MACE,"Nature's MACE Cat Repellent 1 Gallon Spray/Treats 3,000 Sq. Ft. / Keep Cat Out of Your Lawn and Garden/Train Your Cat to Stay Out of Bushes/Safe to use Around Children & Plants",5.0,2023-04-08 18:40:15.567-04
Nature's MACE,"Nature's MACE Cat Repellent 1 Gallon Spray/Treats 3,000 Sq. Ft. / Keep Cat Out of Your Lawn and Garden/Train Your Cat to Stay Out of Bushes/Safe to use Around Children & Plants",4.0,2023-04-03 11:05:57.213-04
Nature's MACE,"Nature's MACE Cat Repellent 1 Gallon Spray/Treats 3,000 Sq. Ft. / Keep Cat Out of Your Lawn and Garden/Train Your Cat to Stay Out of Bushes/Safe to use Around Children & Plants",5.0,2023-04-03 03:25:04.145-04
Nature's MACE,"Nature's MACE Cat Repellent 1 Gallon Spray/Treats 3,000 Sq. Ft. / Keep Cat Out of Your Lawn and Garden/Train Your Cat to Stay Out of Bushes/Safe to use Around Children & Plants",1.0,2023-03-27 13:39:09.874-04
Nature's MACE,"Nature's MACE Cat Repellent 1 Gallon Spray/Treats 3,000 Sq. Ft. / Keep Cat Out of Your Lawn and Garden/Train Your Cat to Stay Out of Bushes/Safe to use Around Children & Plants",5.0,2023-04-19 11:40:02.595-04
Nature's MACE,"Nature's MACE Cat Repellent 1 Gallon Spray/Treats 3,000 Sq. Ft. / Keep Cat Out of Your Lawn and Garden/Train Your Cat to Stay Out of Bushes/Safe to use Around Children & Plants",4.0,2023-04-10 00:20:28.813-04
Nature's MACE,"Nature's MACE Cat Repellent 1 Gallon Spray/Treats 3,000 Sq. Ft. / Keep Cat Out of Your Lawn and Garden/Train Your Cat to Stay Out of Bushes/Safe to use Around Children & Plants",5.0,2023-04-25 08:37:33.717-04
Nature's MACE,"Nature's MACE Cat Repellent 1 Gallon Spray/Treats 3,000 Sq. Ft. / Keep Cat Out of Your Lawn and Garden/Train Your Cat to Stay Out of Bushes/Safe to use Around Children & Plants",1.0,2023-03-23 14:46:28.687-04
eHouse,AC12 Ultrasonic Pest Repeller - Electronic Plug in Best Repellent - Pest Control - Get Rid of - Rodents Squirrels Mice Rats Insects - Roaches Spiders Fleas Bed Bugs Flies Ants Mosquitos Fruit Fly!,1.0,2020-09-24 09:35:56.97-04
Zevo,Zevo Wasp Hornet Bee and Yellow Jacket Stinging Insect Killer | Instant Action Aerosol 10Oz. Spray | Multi Insect Killer Repellent | Indoor Outdoor Use | Pet People Friendly Safe,4.0,2019-10-24 13:31:48.982-04
Grandpa Gus's,"Grandpa Gus's Extra-Strength Mouse Repellent Pouches + Potent Mouse Repellent Spray, Peppermint/Cinnamon Oils Repel Mouse From Home/RV, Boat/Car Storage & Machinery, 4 x 1.76oz Pouches + 1 x 8oz Spray",5.0,2020-10-17 17:37:48.757-04
HomeSweety,"HomeSweety Portable Electronic Mosquito Repellent Bracelet, Mosquito Wristband Watch USB Charging, Suitable for Adults Children Indoors and Outdoors 2022 Model",2.0,2022-08-02 14:45:09.467-04
Stay Away,"Stay Away Ants & Cockroaches Deterrent Pest Control Scent Pouches - All Natural, Environmentally Friendly, No Mess (4-Pack New Version)",5.0,2022-07-12 13:18:27.565-04
Natural Armor,Natural Armor Lizard & Gecko Repellent Spray - Powerful Peppermint Formulation Repels All Types of Lizards & Geckos and Works Better Than Ultrasonic Gimmicks – 128 fl oz - Gallon Ready to Use,1.0,2022-09-06 17:22:33.426-04
eHouse,AC12 Ultrasonic Pest Repeller - Electronic Plug in Best Repellent - Pest Control - Get Rid of - Rodents Squirrels Mice Rats Insects - Roaches Spiders Fleas Bed Bugs Flies Ants Mosquitos Fruit Fly!,1.0,2020-08-23 00:37:10.828-04
Natural Armor,Natural Armor Lizard & Gecko Repellent Spray - Powerful Peppermint Formulation Repels All Types of Lizards & Geckos and Works Better Than Ultrasonic Gimmicks – 128 fl oz - Gallon Ready to Use,1.0,2022-07-09 17:16:04.195-04
Grandpa Gus's,"Grandpa Gus's Extra-Strength Mouse Repellent Pouches + Potent Mouse Repellent Spray, Peppermint/Cinnamon Oils Repel Mouse From Home/RV, Boat/Car Storage & Machinery, 4 x 1.76oz Pouches + 1 x 8oz Spray",1.0,2020-09-07 18:20:35.675-04
Natural Armor,Natural Armor Lizard & Gecko Repellent Spray - Powerful Peppermint Formulation Repels All Types of Lizards & Geckos and Works Better Than Ultrasonic Gimmicks – 128 fl oz - Gallon Ready to Use,1.0,2022-12-07 16:34:01.442-05
Natural Armor,Natural Armor Lizard & Gecko Repellent Spray - Powerful Peppermint Formulation Repels All Types of Lizards & Geckos and Works Better Than Ultrasonic Gimmicks – 128 fl oz - Gallon Ready to Use,1.0,2022-08-25 13:19:53.175-04
Natural Armor,Natural Armor Lizard & Gecko Repellent Spray - Powerful Peppermint Formulation Repels All Types of Lizards & Geckos and Works Better Than Ultrasonic Gimmicks – 128 fl oz - Gallon Ready to Use,1.0,2020-12-12 16:06:11.057-05
Nature's MACE,"Nature's MACE Cat Repellent 1 Gallon Spray/Treats 3,000 Sq. Ft. / Keep Cat Out of Your Lawn and Garden/Train Your Cat to Stay Out of Bushes/Safe to use Around Children & Plants",1.0,2023-04-28 22:51:15.017-04
Natural Armor,Natural Armor Lizard & Gecko Repellent Spray - Powerful Peppermint Formulation Repels All Types of Lizards & Geckos and Works Better Than Ultrasonic Gimmicks – 128 fl oz - Gallon Ready to Use,1.0,2021-06-30 15:45:19.785-04
Grandpa Gus's,"Grandpa Gus's Extra-Strength Mouse Repellent Pouches + Potent Mouse Repellent Spray, Peppermint/Cinnamon Oils Repel Mouse From Home/RV, Boat/Car Storage & Machinery, 4 x 1.76oz Pouches + 1 x 8oz Spray",5.0,2021-05-30 00:08:52.813-04
Nature's MACE,"Nature's MACE Cat Repellent 1 Gallon Spray/Treats 3,000 Sq. Ft. / Keep Cat Out of Your Lawn and Garden/Train Your Cat to Stay Out of Bushes/Safe to use Around Children & Plants",1.0,2023-05-23 14:23:23.491-04
Natural Armor,Natural Armor Lizard & Gecko Repellent Spray - Powerful Peppermint Formulation Repels All Types of Lizards & Geckos and Works Better Than Ultrasonic Gimmicks – 128 fl oz - Gallon Ready to Use,5.0,2022-08-30 17:34:09.237-04
Natural Armor,Natural Armor Lizard & Gecko Repellent Spray - Powerful Peppermint Formulation Repels All Types of Lizards & Geckos and Works Better Than Ultrasonic Gimmicks – 128 fl oz - Gallon Ready to Use,4.0,2021-11-15 13:58:56.376-05
Sally's Organics,"10ml Organic Peppermint Essential Oil - Pure Therapeutic Grade - Works Best for Aromatherapy, Natural Soap, Shampoo, Hair, Lotion, Bath Melts, Body, Mice Repellent, and Air Freshener (Spray)",5.0,2019-05-08 03:20:54.936-04
HomeSweety,"HomeSweety Portable Electronic Mosquito Repellent Bracelet, Mosquito Wristband Watch USB Charging, Suitable for Adults Children Indoors and Outdoors 2022 Model",3.0,2022-08-15 04:14:11.657-04
eHouse,AC12 Ultrasonic Pest Repeller - Electronic Plug in Best Repellent - Pest Control - Get Rid of - Rodents Squirrels Mice Rats Insects - Roaches Spiders Fleas Bed Bugs Flies Ants Mosquitos Fruit Fly!,2.0,2020-10-18 18:34:14.254-04
Wskvlcg,"Mosquito Repellent Bracelet, Ultrasonic Mosquito Repellent Bracelet Watch USB Rechargeable Anti Mosquito Repeller Wristband, Essential for Outdoor Camping (2 Pack, White)",5.0,2022-09-18 22:23:22.492-04
Natural Armor,Natural Armor Lizard & Gecko Repellent Spray - Powerful Peppermint Formulation Repels All Types of Lizards & Geckos and Works Better Than Ultrasonic Gimmicks – 128 fl oz - Gallon Ready to Use,1.0,2022-11-22 21:25:12.923-05
MouseBlocker,"MouseBlocker 1000x Powerful Plug-in Ultrasonic Mouse and Rodent Deterrent for Buildings, Garages, Attics and More. Works with All Rodents. Ultrasonic Rodent Repeller",1.0,2022-12-26 14:23:10.615-05
Natural Armor,Natural Armor Lizard & Gecko Repellent Spray - Powerful Peppermint Formulation Repels All Types of Lizards & Geckos and Works Better Than Ultrasonic Gimmicks – 128 fl oz - Gallon Ready to Use,2.0,2022-08-26 19:26:45.992-04
Nature's MACE,"Nature's MACE Cat Repellent 1 Gallon Spray/Treats 3,000 Sq. Ft. / Keep Cat Out of Your Lawn and Garden/Train Your Cat to Stay Out of Bushes/Safe to use Around Children & Plants",4.0,2023-07-06 15:42:31.135-04
Natural Armor,Natural Armor Lizard & Gecko Repellent Spray - Powerful Peppermint Formulation Repels All Types of Lizards & Geckos and Works Better Than Ultrasonic Gimmicks – 128 fl oz - Gallon Ready to Use,1.0,2023-07-13 10:33:57.074-04
Natural Armor,Natural Armor Lizard & Gecko Repellent Spray - Powerful Peppermint Formulation Repels All Types of Lizards & Geckos and Works Better Than Ultrasonic Gimmicks – 128 fl oz - Gallon Ready to Use,1.0,2022-07-08 15:54:02.446-04
Stay Away,"Stay Away Ants & Cockroaches Deterrent Pest Control Scent Pouches - All Natural, Environmentally Friendly, No Mess (4-Pack New Version)",5.0,2023-07-01 23:45:10.467-04
Foundation Armor,5 GAL Armor SC25 Penetrating Concrete Sealer and Water Repellent Salt Guard,4.0,2018-03-17 00:17:55.524-04
Natural Armor,Natural Armor Lizard & Gecko Repellent Spray - Powerful Peppermint Formulation Repels All Types of Lizards & Geckos and Works Better Than Ultrasonic Gimmicks – 128 fl oz - Gallon Ready to Use,1.0,2022-08-08 08:57:24.063-04
Natural Armor,Natural Armor Lizard & Gecko Repellent Spray - Powerful Peppermint Formulation Repels All Types of Lizards & Geckos and Works Better Than Ultrasonic Gimmicks – 128 fl oz - Gallon Ready to Use,1.0,2023-07-04 18:34:58.157-04
Grandpa Gus's,"Grandpa Gus's Extra-Strength Mouse Repellent Pouches + Potent Mouse Repellent Spray, Peppermint/Cinnamon Oils Repel Mouse From Home/RV, Boat/Car Storage & Machinery, 4 x 1.76oz Pouches + 1 x 8oz Spray",4.0,2022-12-29 08:30:25.474-05
Grandpa Gus's,"Grandpa Gus's Extra-Strength Mouse Repellent Pouches + Potent Mouse Repellent Spray, Peppermint/Cinnamon Oils Repel Mouse From Home/RV, Boat/Car Storage & Machinery, 4 x 1.76oz Pouches + 1 x 8oz Spray",3.0,2022-01-10 15:58:54.439-05
wyewye,"Mole Repellent Solar Powered Ultrasonic Snake Repellent Sonic Mole Deterrent Pest Control Rodent Repeller Chaser Gopher Vole Trap, Repellant Spikes Killer for Yard Garden, 10 Pack",1.0,2023-07-16 12:53:25.54-04
CHOMP!,"CHOMP! Shower Door Water Repellent: Healthier Home ShowerDoorMagic 6 in 1 Hard Water Stain Preventer for Glass, Fiberglass, Tile & More- Spot, Soap Scum, Calcium & Limescale Prevention 32 oz.",2.0,2021-04-02 14:09:41.839-04
Bug Magic Naturals,"Bug Magic Super Concentrate All Natural Insect Repellent Starter Kit; Made with Essential Oils; Pet and Family Safe; Kills and Repels Mosquitos, Flies, and Ticks",5.0,2021-10-04 17:08:39.456-04
Sally's Organics,"10ml Organic Peppermint Essential Oil - Pure Therapeutic Grade - Works Best for Aromatherapy, Natural Soap, Shampoo, Hair, Lotion, Bath Melts, Body, Mice Repellent, and Air Freshener (Spray)",3.0,2020-06-06 12:20:30.903-04
Nature's MACE,"Nature's MACE Cat Repellent 1 Gallon Spray/Treats 3,000 Sq. Ft. / Keep Cat Out of Your Lawn and Garden/Train Your Cat to Stay Out of Bushes/Safe to use Around Children & Plants",4.0,2023-07-10 17:07:10.154-04
BuggyBands,16 Pack Mosquito Repellent Bracelets Individually Wrapped Waterproof Insect & Bug Repellent Wristbands for Kids & Adults Outdoor Camping Fishing Traveling,1.0,2021-07-11 13:45:43.427-04
Grandpa Gus's,"Grandpa Gus's Extra-Strength Mouse Repellent Pouches + Potent Mouse Repellent Spray, Peppermint/Cinnamon Oils Repel Mouse From Home/RV, Boat/Car Storage & Machinery, 4 x 1.76oz Pouches + 1 x 8oz Spray",5.0,2021-08-01 14:57:51.678-04
Grandpa Gus's,"Grandpa Gus's Extra-Strength Mouse Repellent Pouches + Potent Mouse Repellent Spray, Peppermint/Cinnamon Oils Repel Mouse From Home/RV, Boat/Car Storage & Machinery, 4 x 1.76oz Pouches + 1 x 8oz Spray",1.0,2020-09-16 18:34:23.745-04
Grandpa Gus's,"Grandpa Gus's Extra-Strength Mouse Repellent Pouches + Potent Mouse Repellent Spray, Peppermint/Cinnamon Oils Repel Mouse From Home/RV, Boat/Car Storage & Machinery, 4 x 1.76oz Pouches + 1 x 8oz Spray",5.0,2022-11-14 19:10:21.376-05
Green Goo,"Green Goo Bugs Be Gone, All-Natural Essential Oil Tick, Fly & Insect Repellent, Safe to Spray On Skin, 4.5 Oz",1.0,2017-05-06 10:32:22-04
Nature's MACE,"Nature's MACE Cat Repellent 1 Gallon Spray/Treats 3,000 Sq. Ft. / Keep Cat Out of Your Lawn and Garden/Train Your Cat to Stay Out of Bushes/Safe to use Around Children & Plants",5.0,2023-08-19 10:36:50.05-04
Grandpa Gus's,"Grandpa Gus's Extra-Strength Mouse Repellent Pouches + Potent Mouse Repellent Spray, Peppermint/Cinnamon Oils Repel Mouse From Home/RV, Boat/Car Storage & Machinery, 4 x 1.76oz Pouches + 1 x 8oz Spray",5.0,2021-09-21 02:38:51.92-04
Natural Armor,Natural Armor Lizard & Gecko Repellent Spray - Powerful Peppermint Formulation Repels All Types of Lizards & Geckos and Works Better Than Ultrasonic Gimmicks – 128 fl oz - Gallon Ready to Use,5.0,2022-05-27 14:53:15.716-04
eHouse,AC12g Ultrasonic Pest Repeller - Electronic Plug in Best Repellent - Pest Control - Get Rid of - Rodents Squirrels Rats Mice Insects - Roaches Spiders Mosquitos Fleas Fruit Fly Bed Bugs Flies Ants!,1.0,2020-08-30 10:42:39.922-04
eHouse,AC12 Ultrasonic Pest Repeller - Electronic Plug in Best Repellent - Pest Control - Get Rid of - Rodents Squirrels Mice Rats Insects - Roaches Spiders Fleas Bed Bugs Flies Ants Mosquitos Fruit Fly!,4.0,2020-07-15 14:19:45.109-04
eHouse,AC12 Ultrasonic Pest Repeller - Electronic Plug in Best Repellent - Pest Control - Get Rid of - Rodents Squirrels Mice Rats Insects - Roaches Spiders Fleas Bed Bugs Flies Ants Mosquitos Fruit Fly!,5.0,2022-06-25 15:50:48.721-04
Natural Armor,Natural Armor Lizard & Gecko Repellent Spray - Powerful Peppermint Formulation Repels All Types of Lizards & Geckos and Works Better Than Ultrasonic Gimmicks – 128 fl oz - Gallon Ready to Use,2.0,2023-04-15 11:34:38.493-04
Nature's MACE,"Nature's MACE Cat Repellent 1 Gallon Spray/Treats 3,000 Sq. Ft. / Keep Cat Out of Your Lawn and Garden/Train Your Cat to Stay Out of Bushes/Safe to use Around Children & Plants",1.0,2023-07-06 18:23:39.549-04
Nature's MACE,"Nature's MACE Cat Repellent 1 Gallon Spray/Treats 3,000 Sq. Ft. / Keep Cat Out of Your Lawn and Garden/Train Your Cat to Stay Out of Bushes/Safe to use Around Children & Plants",5.0,2023-07-01 10:17:39.599-04
Nature's MACE,"Nature's MACE Cat Repellent 1 Gallon Spray/Treats 3,000 Sq. Ft. / Keep Cat Out of Your Lawn and Garden/Train Your Cat to Stay Out of Bushes/Safe to use Around Children & Plants",3.0,2023-05-15 10:19:28.49-04
Nature's MACE,"Nature's MACE Cat Repellent 1 Gallon Spray/Treats 3,000 Sq. Ft. / Keep Cat Out of Your Lawn and Garden/Train Your Cat to Stay Out of Bushes/Safe to use Around Children & Plants",5.0,2023-06-02 21:24:42.725-04
Nature's MACE,"Nature's MACE Cat Repellent 1 Gallon Spray/Treats 3,000 Sq. Ft. / Keep Cat Out of Your Lawn and Garden/Train Your Cat to Stay Out of Bushes/Safe to use Around Children & Plants",1.0,2023-05-16 17:10:52.088-04
Nature's MACE,"Nature's MACE Cat Repellent 1 Gallon Spray/Treats 3,000 Sq. Ft. / Keep Cat Out of Your Lawn and Garden/Train Your Cat to Stay Out of Bushes/Safe to use Around Children & Plants",1.0,2023-07-02 11:24:28.595-04
Nature's MACE,"Nature's MACE Cat Repellent 1 Gallon Spray/Treats 3,000 Sq. Ft. / Keep Cat Out of Your Lawn and Garden/Train Your Cat to Stay Out of Bushes/Safe to use Around Children & Plants",5.0,2023-06-20 14:12:24.222-04
Motrapso,"36 Pack Rodent Repellent Peppermint for Car Engines Home Indoor & Outdoor, Mouse Repellent, Rat Repellent, Rodent Deterrent",5.0,2023-06-15 20:00:15.329-04
Natural Armor,Natural Armor Lizard & Gecko Repellent Spray - Powerful Peppermint Formulation Repels All Types of Lizards & Geckos and Works Better Than Ultrasonic Gimmicks – 128 fl oz - Gallon Ready to Use,1.0,2023-06-26 16:28:54.218-04
Jahy2Tech,"Animal Repellent Ultrasonic Outdoor, Solar Animal Chaser, Waterproof Animal Deterrent Repeller with Flashing Lights & Motion Sensor for Patio Yard Garden Orchard Attic",1.0,2022-10-19 20:10:14.926-04
Natural Armor,Natural Armor Lizard & Gecko Repellent Spray - Powerful Peppermint Formulation Repels All Types of Lizards & Geckos and Works Better Than Ultrasonic Gimmicks – 128 fl oz - Gallon Ready to Use,2.0,2022-09-09 18:18:21.695-04
Nature's MACE,"Nature's MACE Cat Repellent 1 Gallon Spray/Treats 3,000 Sq. Ft. / Keep Cat Out of Your Lawn and Garden/Train Your Cat to Stay Out of Bushes/Safe to use Around Children & Plants",1.0,2023-06-20 00:25:16.957-04
Natural Armor,Natural Armor Lizard & Gecko Repellent Spray - Powerful Peppermint Formulation Repels All Types of Lizards & Geckos and Works Better Than Ultrasonic Gimmicks – 128 fl oz - Gallon Ready to Use,2.0,2021-06-18 08:59:32.99-04
Natural Armor,Natural Armor Lizard & Gecko Repellent Spray - Powerful Peppermint Formulation Repels All Types of Lizards & Geckos and Works Better Than Ultrasonic Gimmicks – 128 fl oz - Gallon Ready to Use,1.0,2023-04-02 18:17:19.914-04
Natural Armor,Natural Armor Lizard & Gecko Repellent Spray - Powerful Peppermint Formulation Repels All Types of Lizards & Geckos and Works Better Than Ultrasonic Gimmicks – 128 fl oz - Gallon Ready to Use,2.0,2023-06-04 08:50:55.222-04
Natural Armor,Natural Armor Lizard & Gecko Repellent Spray - Powerful Peppermint Formulation Repels All Types of Lizards & Geckos and Works Better Than Ultrasonic Gimmicks – 128 fl oz - Gallon Ready to Use,1.0,2023-03-26 13:57:14.556-04
Natural Armor,Natural Armor Lizard & Gecko Repellent Spray - Powerful Peppermint Formulation Repels All Types of Lizards & Geckos and Works Better Than Ultrasonic Gimmicks – 128 fl oz - Gallon Ready to Use,5.0,2023-07-16 15:36:31.553-04
Natural Armor,Natural Armor Lizard & Gecko Repellent Spray - Powerful Peppermint Formulation Repels All Types of Lizards & Geckos and Works Better Than Ultrasonic Gimmicks – 128 fl oz - Gallon Ready to Use,2.0,2023-06-17 19:22:29.438-04
Natural Armor,Natural Armor Lizard & Gecko Repellent Spray - Powerful Peppermint Formulation Repels All Types of Lizards & Geckos and Works Better Than Ultrasonic Gimmicks – 128 fl oz - Gallon Ready to Use,4.0,2023-03-23 13:49:22.501-04
Natural Armor,Natural Armor Lizard & Gecko Repellent Spray - Powerful Peppermint Formulation Repels All Types of Lizards & Geckos and Works Better Than Ultrasonic Gimmicks – 128 fl oz - Gallon Ready to Use,1.0,2023-04-03 10:50:26.186-04
Natural Armor,Natural Armor Lizard & Gecko Repellent Spray - Powerful Peppermint Formulation Repels All Types of Lizards & Geckos and Works Better Than Ultrasonic Gimmicks – 128 fl oz - Gallon Ready to Use,1.0,2023-07-05 12:52:15.203-04
Natural Armor,Natural Armor Lizard & Gecko Repellent Spray - Powerful Peppermint Formulation Repels All Types of Lizards & Geckos and Works Better Than Ultrasonic Gimmicks – 128 fl oz - Gallon Ready to Use,5.0,2022-12-17 11:32:07.424-05
Natural Armor,Natural Armor Lizard & Gecko Repellent Spray - Powerful Peppermint Formulation Repels All Types of Lizards & Geckos and Works Better Than Ultrasonic Gimmicks – 128 fl oz - Gallon Ready to Use,5.0,2023-04-02 21:14:14.641-04
Natural Armor,Natural Armor Lizard & Gecko Repellent Spray - Powerful Peppermint Formulation Repels All Types of Lizards & Geckos and Works Better Than Ultrasonic Gimmicks – 128 fl oz - Gallon Ready to Use,4.0,2022-11-10 23:35:53.955-05
Natural Armor,Natural Armor Lizard & Gecko Repellent Spray - Powerful Peppermint Formulation Repels All Types of Lizards & Geckos and Works Better Than Ultrasonic Gimmicks – 128 fl oz - Gallon Ready to Use,4.0,2023-06-19 11:43:11.265-04
Natural Armor,Natural Armor Lizard & Gecko Repellent Spray - Powerful Peppermint Formulation Repels All Types of Lizards & Geckos and Works Better Than Ultrasonic Gimmicks – 128 fl oz - Gallon Ready to Use,1.0,2023-05-26 00:51:03.328-04
Natural Armor,Natural Armor Lizard & Gecko Repellent Spray - Powerful Peppermint Formulation Repels All Types of Lizards & Geckos and Works Better Than Ultrasonic Gimmicks – 128 fl oz - Gallon Ready to Use,1.0,2023-06-10 14:14:46.007-04
Natural Armor,Natural Armor Lizard & Gecko Repellent Spray - Powerful Peppermint Formulation Repels All Types of Lizards & Geckos and Works Better Than Ultrasonic Gimmicks – 128 fl oz - Gallon Ready to Use,5.0,2023-06-10 15:31:25.69-04
Natural Armor,Natural Armor Lizard & Gecko Repellent Spray - Powerful Peppermint Formulation Repels All Types of Lizards & Geckos and Works Better Than Ultrasonic Gimmicks – 128 fl oz - Gallon Ready to Use,1.0,2023-06-28 15:20:31.014-04
Natural Armor,Natural Armor Lizard & Gecko Repellent Spray - Powerful Peppermint Formulation Repels All Types of Lizards & Geckos and Works Better Than Ultrasonic Gimmicks – 128 fl oz - Gallon Ready to Use,2.0,2023-06-18 12:40:33.633-04
Grandpa Gus's,"Grandpa Gus's Extra-Strength Mouse Repellent Pouches + Potent Mouse Repellent Spray, Peppermint/Cinnamon Oils Repel Mouse From Home/RV, Boat/Car Storage & Machinery, 4 x 1.76oz Pouches + 1 x 8oz Spray",1.0,2023-02-04 18:16:42.63-05
Avon,"Avon SKIN-SO-SOFT Bug Guard PLUS IR3535® Insect Repellent Moisturizing Lotion - SPF 30 Gentle Breeze, 4 oz",3.0,2023-05-28 22:35:40.99-04
Grandpa Gus's,"Grandpa Gus's Extra-Strength Mouse Repellent Pouches + Potent Mouse Repellent Spray, Peppermint/Cinnamon Oils Repel Mouse From Home/RV, Boat/Car Storage & Machinery, 4 x 1.76oz Pouches + 1 x 8oz Spray",5.0,2022-09-23 00:11:02.988-04
ZELKON,"2-Pack Solar Animal Repeller, Ultrasonic Animal Repellent, Outdoor Cat Repellent,Motion Detection, LED Flashing Light,Alarm Sound Scare Away Dog,Rodent,Fox,Deer,Squirrel,Raccoon,Skunk,Rabbit,etc.",2.0,2023-07-03 19:15:35.014-04
,Apello Pack of 6 Mole Repellent,1.0,2019-08-16 09:47:20.004-04
HomeSweety,"HomeSweety Portable Electronic Mosquito Repellent Bracelet, Mosquito Wristband Watch USB Charging, Suitable for Adults Children Indoors and Outdoors 2022 Model",1.0,2023-03-29 08:31:52.673-04
HomeSweety,"HomeSweety Portable Electronic Mosquito Repellent Bracelet, Mosquito Wristband Watch USB Charging, Suitable for Adults Children Indoors and Outdoors 2022 Model",1.0,2022-08-25 11:59:43.165-04
Grandpa Gus's,"Grandpa Gus's Extra-Strength Mouse Repellent Pouches + Potent Mouse Repellent Spray, Peppermint/Cinnamon Oils Repel Mouse From Home/RV, Boat/Car Storage & Machinery, 4 x 1.76oz Pouches + 1 x 8oz Spray",4.0,2023-06-24 18:27:15.192-04
SEALUXE,"SEALUXE Rodent Repellent Packs,Mouse Repellent,Peppermint Oil to Repel Mice, Mice Repellent Peppermint,Natural Rat Repellent,Insect Repellent with Peppermint Oil 4-Pack",1.0,2021-04-14 16:14:03.945-04
Barber Strong,"Barber Strong The Barber Apron, Black, Hair Repellent, Ultra Lightweight",3.0,2023-06-14 08:50:03.214-04
Natural Armor,Natural Armor Lizard & Gecko Repellent Spray - Powerful Peppermint Formulation Repels All Types of Lizards & Geckos and Works Better Than Ultrasonic Gimmicks – 128 fl oz - Gallon Ready to Use,1.0,2022-08-01 17:37:59.927-04
SEALUXE,"SEALUXE Rodent Repellent Packs,Mouse Repellent,Peppermint Oil to Repel Mice, Mice Repellent Peppermint,Natural Rat Repellent,Insect Repellent with Peppermint Oil 4-Pack",1.0,2021-02-15 22:30:40.222-05
HONGXIAN,Gopher Repeller Ultrasonic Solar Mole Repellent 4 Pack Solar Mole Repellent & Gopher Repellent Ultrasonic Solar Powered Waterproof for Yard & Garden,5.0,2022-12-01 23:24:37.8-05
Natural Armor,Natural Armor Lizard & Gecko Repellent Spray - Powerful Peppermint Formulation Repels All Types of Lizards & Geckos and Works Better Than Ultrasonic Gimmicks – 128 fl oz - Gallon Ready to Use,1.0,2022-10-14 14:38:42.46-04
HONGXIAN,Gopher Repeller Ultrasonic Solar Mole Repellent 4 Pack Solar Mole Repellent & Gopher Repellent Ultrasonic Solar Powered Waterproof for Yard & Garden,5.0,2022-12-29 20:30:52.336-05
Natural Armor,Natural Armor Lizard & Gecko Repellent Spray - Powerful Peppermint Formulation Repels All Types of Lizards & Geckos and Works Better Than Ultrasonic Gimmicks – 128 fl oz - Gallon Ready to Use,1.0,2023-07-30 23:10:40.01-04
,Apello Pack of 6 Mole Repellent,5.0,2019-06-30 19:34:08.08-04
JNxcel Salon Products,JNxcel Premium Quality Water Repellent Nylon/Polyester Fabric Hair Salon & Barber Hair Cutting & Shampoo Cape with Snap Closure (Turquoise),5.0,2017-10-27 14:18:49.001-04
Wpxmer,"Wpxmer 3 Pack Garden Ballons, Giant Bird Repellent Eye Balloon, Scary Eye Balloons for House, Garden Crops, Swimming Pools, 24 Inches",3.0,2021-03-23 15:32:43.373-04
Tender Ben's,Ben's 30% DEET Tick & Insect Repellent Wipes - 2 Pack,5.0,2019-10-25 12:58:20.365-04
eHouse,AC12g Ultrasonic Pest Repeller - Electronic Plug in Best Repellent - Pest Control - Get Rid of - Rodents Squirrels Rats Mice Insects - Roaches Spiders Mosquitos Fleas Fruit Fly Bed Bugs Flies Ants!,1.0,2021-07-23 21:54:32.801-04
Natural Armor,Natural Armor Lizard & Gecko Repellent Spray - Powerful Peppermint Formulation Repels All Types of Lizards & Geckos and Works Better Than Ultrasonic Gimmicks – 128 fl oz - Gallon Ready to Use,1.0,2022-10-04 13:45:14.181-04
Natural Armor,Natural Armor Lizard & Gecko Repellent Spray - Powerful Peppermint Formulation Repels All Types of Lizards & Geckos and Works Better Than Ultrasonic Gimmicks – 128 fl oz - Gallon Ready to Use,1.0,2022-05-19 22:29:25.236-04
CHOMP!,"CHOMP! Shower Door Water Repellent: Healthier Home ShowerDoorMagic 6 in 1 Hard Water Stain Preventer for Glass, Fiberglass, Tile & More- Spot, Soap Scum, Calcium & Limescale Prevention 32 oz.",5.0,2022-12-04 14:41:12.882-05
eHouse,AC12g Ultrasonic Pest Repeller - Electronic Plug in Best Repellent - Pest Control - Get Rid of - Rodents Squirrels Rats Mice Insects - Roaches Spiders Mosquitos Fleas Fruit Fly Bed Bugs Flies Ants!,2.0,2020-09-11 00:04:03.96-04
Nature's MACE,"Nature's MACE Cat Repellent 1 Gallon Spray/Treats 3,000 Sq. Ft. / Keep Cat Out of Your Lawn and Garden/Train Your Cat to Stay Out of Bushes/Safe to use Around Children & Plants",5.0,2023-07-19 14:43:30.648-04
Natural Armor,Natural Armor Lizard & Gecko Repellent Spray - Powerful Peppermint Formulation Repels All Types of Lizards & Geckos and Works Better Than Ultrasonic Gimmicks – 128 fl oz - Gallon Ready to Use,1.0,2023-08-03 16:20:21.637-04
wyewye,"Ultrasonic Pest Repeller 6 Pack Pest Repeller PlugIn, Electroni c Mouse Repellent Plug in, Rat Repeller Rodent Repellent Indoor Ultrasonic Repeller Control Roaches, Mice, Spider",1.0,2023-08-09 12:04:14.032-04
ZELKON,"2-Pack Solar Animal Repeller, Ultrasonic Animal Repellent, Outdoor Cat Repellent,Motion Detection, LED Flashing Light,Alarm Sound Scare Away Dog,Rodent,Fox,Deer,Squirrel,Raccoon,Skunk,Rabbit,etc.",1.0,2023-05-25 07:22:39.705-04
Grandpa Gus's,"Grandpa Gus's Extra-Strength Mouse Repellent Pouches + Potent Mouse Repellent Spray, Peppermint/Cinnamon Oils Repel Mouse From Home/RV, Boat/Car Storage & Machinery, 4 x 1.76oz Pouches + 1 x 8oz Spray",3.0,2020-11-23 19:50:20.317-05
Grandpa Gus's,"Grandpa Gus's Extra-Strength Mouse Repellent Pouches + Potent Mouse Repellent Spray, Peppermint/Cinnamon Oils Repel Mouse From Home/RV, Boat/Car Storage & Machinery, 4 x 1.76oz Pouches + 1 x 8oz Spray",2.0,2023-07-29 10:50:06.098-04
Nature's MACE,"Nature's MACE Cat Repellent 1 Gallon Spray/Treats 3,000 Sq. Ft. / Keep Cat Out of Your Lawn and Garden/Train Your Cat to Stay Out of Bushes/Safe to use Around Children & Plants",5.0,2023-07-26 02:14:37.9-04
Nature's MACE,"Nature's MACE Cat Repellent 1 Gallon Spray/Treats 3,000 Sq. Ft. / Keep Cat Out of Your Lawn and Garden/Train Your Cat to Stay Out of Bushes/Safe to use Around Children & Plants",2.0,2023-06-08 18:37:07.934-04
Grandpa Gus's,"Grandpa Gus's Extra-Strength Mouse Repellent Pouches + Potent Mouse Repellent Spray, Peppermint/Cinnamon Oils Repel Mouse From Home/RV, Boat/Car Storage & Machinery, 4 x 1.76oz Pouches + 1 x 8oz Spray",5.0,2021-06-19 17:21:48.938-04
Wskvlcg,"Mosquito Repellent Bracelet, Ultrasonic Mosquito Repellent Bracelet Watch USB Rechargeable Anti Mosquito Repeller Wristband, Essential for Outdoor Camping (2 Pack, Black)",5.0,2022-08-05 11:31:53.594-04
Nature's MACE,"Nature's MACE Cat Repellent 1 Gallon Spray/Treats 3,000 Sq. Ft. / Keep Cat Out of Your Lawn and Garden/Train Your Cat to Stay Out of Bushes/Safe to use Around Children & Plants",5.0,2023-08-08 07:06:07.035-04
Natural Armor,Natural Armor Lizard & Gecko Repellent Spray - Powerful Peppermint Formulation Repels All Types of Lizards & Geckos and Works Better Than Ultrasonic Gimmicks – 128 fl oz - Gallon Ready to Use,3.0,2021-10-03 22:11:32.585-04
Avon,"Avon SKIN-SO-SOFT Bug Guard PLUS IR3535® Insect Repellent Moisturizing Lotion - SPF 30 Gentle Breeze, 4 oz",3.0,2023-08-20 18:40:59.8-04
Natural Armor,Natural Armor Lizard & Gecko Repellent Spray - Powerful Peppermint Formulation Repels All Types of Lizards & Geckos and Works Better Than Ultrasonic Gimmicks – 128 fl oz - Gallon Ready to Use,3.0,2023-08-25 15:28:48.821-04
Grandpa Gus's,"Grandpa Gus's Extra-Strength Mouse Repellent Pouches + Potent Mouse Repellent Spray, Peppermint/Cinnamon Oils Repel Mouse From Home/RV, Boat/Car Storage & Machinery, 4 x 1.76oz Pouches + 1 x 8oz Spray",1.0,2023-02-14 07:04:21.925-05
Nature's MACE,"Nature's MACE Cat Repellent 1 Gallon Spray/Treats 3,000 Sq. Ft. / Keep Cat Out of Your Lawn and Garden/Train Your Cat to Stay Out of Bushes/Safe to use Around Children & Plants",1.0,2023-08-09 14:45:47.374-04
Tender Ben's,Ben's 30% DEET Tick & Insect Repellent Wipes - 2 Pack,4.0,2021-09-11 18:37:16.197-04
Tender Ben's,Ben's 30% DEET Tick & Insect Repellent Wipes - 2 Pack,5.0,2021-06-15 01:30:38.631-04
Tender Ben's,Ben's 30% DEET Tick & Insect Repellent Wipes - 2 Pack,5.0,2019-09-19 07:17:27.365-04
SEALUXE,"SEALUXE Rodent Repellent Packs,Mouse Repellent,Peppermint Oil to Repel Mice, Mice Repellent Peppermint,Natural Rat Repellent,Insect Repellent with Peppermint Oil 4-Pack",5.0,2021-03-04 08:57:10.875-05
Natural Armor,Natural Armor Lizard & Gecko Repellent Spray - Powerful Peppermint Formulation Repels All Types of Lizards & Geckos and Works Better Than Ultrasonic Gimmicks – 128 fl oz - Gallon Ready to Use,5.0,2022-03-11 13:09:58.902-05
Stay Away,"Stay Away Ants & Cockroaches Deterrent Pest Control Scent Pouches - All Natural, Environmentally Friendly, No Mess (4-Pack New Version)",1.0,2022-04-21 08:51:56.986-04
eHouse,AC12g Ultrasonic Pest Repeller - Electronic Plug in Best Repellent - Pest Control - Get Rid of - Rodents Squirrels Rats Mice Insects - Roaches Spiders Mosquitos Fleas Fruit Fly Bed Bugs Flies Ants!,5.0,2020-09-08 18:55:37.706-04
NATURAL OUST,NATURAL OUST Peppermint Oil Spider Repellent Spray - Eco Friendly Indoor Outdoor - Effective Spider Control,5.0,2021-06-30 19:39:48.463-04
NATURAL OUST,NATURAL OUST Peppermint Oil Spider Repellent Spray - Eco Friendly Indoor Outdoor - Effective Spider Control,5.0,2021-03-11 01:38:11.8-05
NATURAL OUST,NATURAL OUST Peppermint Oil Spider Repellent Spray - Eco Friendly Indoor Outdoor - Effective Spider Control,1.0,2021-08-22 16:19:12.645-04
NATURAL OUST,NATURAL OUST Peppermint Oil Spider Repellent Spray - Eco Friendly Indoor Outdoor - Effective Spider Control,5.0,2021-06-29 18:39:47.954-04
Natural Armor,Natural Armor Lizard & Gecko Repellent Spray - Powerful Peppermint Formulation Repels All Types of Lizards & Geckos and Works Better Than Ultrasonic Gimmicks – 128 fl oz - Gallon Ready to Use,1.0,2023-07-28 08:28:14.012-04
SEALUXE,"SEALUXE Rodent Repellent Packs,Mouse Repellent,Peppermint Oil to Repel Mice, Mice Repellent Peppermint,Natural Rat Repellent,Insect Repellent with Peppermint Oil 4-Pack",4.0,2021-04-28 13:51:55.695-04
THUMB THUMB NO THUMB! NATURAL & SAFE FOR KIDS,Thumb Thumb NO THUMB natural dentist approved thumb sucking deterrent for kids,4.0,2020-01-28 22:08:54.757-05
Avon,"Avon SKIN-SO-SOFT Bug Guard PLUS IR3535® Insect Repellent Moisturizing Lotion - SPF 30 Gentle Breeze, 4 oz",1.0,2023-07-06 00:28:30.369-04
Natural Armor,Natural Armor Lizard & Gecko Repellent Spray - Powerful Peppermint Formulation Repels All Types of Lizards & Geckos and Works Better Than Ultrasonic Gimmicks – 128 fl oz - Gallon Ready to Use,1.0,2022-09-30 18:42:10.171-04
Grandpa Gus's,"Grandpa Gus's Extra-Strength Mouse Repellent Pouches + Potent Mouse Repellent Spray, Peppermint/Cinnamon Oils Repel Mouse From Home/RV, Boat/Car Storage & Machinery, 4 x 1.76oz Pouches + 1 x 8oz Spray",5.0,2020-12-07 19:06:11.191-05
Grandpa Gus's,"Grandpa Gus's Extra-Strength Mouse Repellent Pouches + Potent Mouse Repellent Spray, Peppermint/Cinnamon Oils Repel Mouse From Home/RV, Boat/Car Storage & Machinery, 4 x 1.76oz Pouches + 1 x 8oz Spray",5.0,2022-01-27 09:24:29.747-05
Barber Strong,"Barber Strong The Barber Apron, Black, Hair Repellent, Ultra Lightweight",5.0,2019-04-27 18:57:05.193-04
Nature's MACE,"Nature's MACE Cat Repellent 1 Gallon Spray/Treats 3,000 Sq. Ft. / Keep Cat Out of Your Lawn and Garden/Train Your Cat to Stay Out of Bushes/Safe to use Around Children & Plants",3.0,2023-08-28 13:54:40.978-04
Natural Armor,Natural Armor Lizard & Gecko Repellent Spray - Powerful Peppermint Formulation Repels All Types of Lizards & Geckos and Works Better Than Ultrasonic Gimmicks – 128 fl oz - Gallon Ready to Use,1.0,2021-10-22 20:24:43.689-04
Nature's MACE,"Nature's MACE Cat Repellent 1 Gallon Spray/Treats 3,000 Sq. Ft. / Keep Cat Out of Your Lawn and Garden/Train Your Cat to Stay Out of Bushes/Safe to use Around Children & Plants",1.0,2023-05-28 03:25:07.154-04
Natural Armor,Natural Armor Lizard & Gecko Repellent Spray - Powerful Peppermint Formulation Repels All Types of Lizards & Geckos and Works Better Than Ultrasonic Gimmicks – 128 fl oz - Gallon Ready to Use,5.0,2021-06-15 14:33:43.412-04
Nature's MACE,"Nature's MACE Cat Repellent 1 Gallon Spray/Treats 3,000 Sq. Ft. / Keep Cat Out of Your Lawn and Garden/Train Your Cat to Stay Out of Bushes/Safe to use Around Children & Plants",3.0,2023-07-31 14:48:23.554-04
Nature's MACE,"Nature's MACE Cat Repellent 1 Gallon Spray/Treats 3,000 Sq. Ft. / Keep Cat Out of Your Lawn and Garden/Train Your Cat to Stay Out of Bushes/Safe to use Around Children & Plants",1.0,2023-06-30 14:02:03.876-04
Beamshot,Beamshot BR100 Bird Repellent Tool,5.0,2021-12-07 17:11:26.576-05
Natural Armor,Natural Armor Lizard & Gecko Repellent Spray - Powerful Peppermint Formulation Repels All Types of Lizards & Geckos and Works Better Than Ultrasonic Gimmicks – 128 fl oz - Gallon Ready to Use,1.0,2022-08-03 21:46:12.643-04
Avon,"Avon SKIN-SO-SOFT Bug Guard PLUS IR3535® Insect Repellent Moisturizing Lotion - SPF 30 Gentle Breeze, 4 oz",2.0,2020-08-24 00:36:15.741-04
Avon,"Avon SKIN-SO-SOFT Bug Guard PLUS IR3535® Insect Repellent Moisturizing Lotion - SPF 30 Gentle Breeze, 4 oz",1.0,2021-09-06 18:27:28.941-04
Nature's MACE,"Nature's MACE Cat Repellent 1 Gallon Spray/Treats 3,000 Sq. Ft. / Keep Cat Out of Your Lawn and Garden/Train Your Cat to Stay Out of Bushes/Safe to use Around Children & Plants",1.0,2022-07-28 08:00:08.579-04
Tysonir,"Tysonir Mole Repellent,Mole Repellent Solar Powered Groundhog Repeller ,Gopher Repellent Ultrasonic,Get Rid of Mole Gophers Voles for Outdoor Garden Yard 2Pack",2.0,2022-07-28 18:44:34.705-04
eHouse,AC12 Ultrasonic Pest Repeller - Electronic Plug in Best Repellent - Pest Control - Get Rid of - Rodents Squirrels Mice Rats Insects - Roaches Spiders Fleas Bed Bugs Flies Ants Mosquitos Fruit Fly!,5.0,2020-06-30 12:39:18.529-04
Avon,"Avon SKIN-SO-SOFT Bug Guard PLUS IR3535® Insect Repellent Moisturizing Lotion - SPF 30 Gentle Breeze, 4 oz",3.0,2016-07-01 15:02:45-04
Avon,"Avon SKIN-SO-SOFT Bug Guard PLUS IR3535® Insect Repellent Moisturizing Lotion - SPF 30 Gentle Breeze, 4 oz",4.0,2015-05-30 21:07:18-04
Avon,"Avon SKIN-SO-SOFT Bug Guard PLUS IR3535® Insect Repellent Moisturizing Lotion - SPF 30 Gentle Breeze, 4 oz",3.0,2014-05-13 13:02:25-04
Nature's MACE,"Nature's MACE Cat Repellent 1 Gallon Spray/Treats 3,000 Sq. Ft. / Keep Cat Out of Your Lawn and Garden/Train Your Cat to Stay Out of Bushes/Safe to use Around Children & Plants",2.0,2019-01-17 21:22:26.776-05
Nature's MACE,"Nature's MACE Cat Repellent 1 Gallon Spray/Treats 3,000 Sq. Ft. / Keep Cat Out of Your Lawn and Garden/Train Your Cat to Stay Out of Bushes/Safe to use Around Children & Plants",5.0,2022-02-27 16:56:44.243-05
Nature's MACE,"Nature's MACE Cat Repellent 1 Gallon Spray/Treats 3,000 Sq. Ft. / Keep Cat Out of Your Lawn and Garden/Train Your Cat to Stay Out of Bushes/Safe to use Around Children & Plants",3.0,2022-07-25 11:18:35.051-04
Whemoalus,"Whemoalus Squirrel Repellent Outdoor,4-Pack Natural Squirrel Repellent for Attic,Cars,Squirrel Deterrent for Garden,Squirrel Repellent for Plants,Mint Squirrel Repellent Indoor Safe Around Kid & Pets",1.0,2022-06-26 22:56:34.098-04
Nature's MACE,"Nature's MACE Cat Repellent 1 Gallon Spray/Treats 3,000 Sq. Ft. / Keep Cat Out of Your Lawn and Garden/Train Your Cat to Stay Out of Bushes/Safe to use Around Children & Plants",3.0,2022-03-26 14:41:06.94-04
Avon,"Avon SKIN-SO-SOFT Bug Guard PLUS IR3535® Insect Repellent Moisturizing Lotion - SPF 30 Gentle Breeze, 4 oz",5.0,2014-10-27 19:34:26-04
Nature's MACE,"Nature's MACE Cat Repellent 1 Gallon Spray/Treats 3,000 Sq. Ft. / Keep Cat Out of Your Lawn and Garden/Train Your Cat to Stay Out of Bushes/Safe to use Around Children & Plants",1.0,2021-05-05 14:52:42.655-04
Nature's MACE,"Nature's MACE Cat Repellent 1 Gallon Spray/Treats 3,000 Sq. Ft. / Keep Cat Out of Your Lawn and Garden/Train Your Cat to Stay Out of Bushes/Safe to use Around Children & Plants",5.0,2019-03-21 11:10:02.918-04
Nature's MACE,"Nature's MACE Cat Repellent 1 Gallon Spray/Treats 3,000 Sq. Ft. / Keep Cat Out of Your Lawn and Garden/Train Your Cat to Stay Out of Bushes/Safe to use Around Children & Plants",2.0,2019-09-15 18:13:04.455-04
Nature's MACE,"Nature's MACE Cat Repellent 1 Gallon Spray/Treats 3,000 Sq. Ft. / Keep Cat Out of Your Lawn and Garden/Train Your Cat to Stay Out of Bushes/Safe to use Around Children & Plants",1.0,2022-04-24 22:10:01.8-04
Avon,"Avon SKIN-SO-SOFT Bug Guard PLUS IR3535® Insect Repellent Moisturizing Lotion - SPF 30 Gentle Breeze, 4 oz",5.0,2019-01-04 01:07:27.566-05
Natural Armor,Natural Armor Lizard & Gecko Repellent Spray - Powerful Peppermint Formulation Repels All Types of Lizards & Geckos and Works Better Than Ultrasonic Gimmicks – 128 fl oz - Gallon Ready to Use,1.0,2022-09-08 18:51:58.132-04
Nature's MACE,"Nature's MACE Cat Repellent 1 Gallon Spray/Treats 3,000 Sq. Ft. / Keep Cat Out of Your Lawn and Garden/Train Your Cat to Stay Out of Bushes/Safe to use Around Children & Plants",5.0,2019-01-14 09:05:19.822-05
NATURAL OUST,NATURAL OUST Peppermint Oil Spider Repellent Spray - Eco Friendly Indoor Outdoor - Effective Spider Control,5.0,2021-12-08 18:17:26.123-05
Avon,"Avon SKIN-SO-SOFT Bug Guard PLUS IR3535® Insect Repellent Moisturizing Lotion - SPF 30 Gentle Breeze, 4 oz",5.0,2017-07-13 08:51:42.088-04
Tender Ben's,Ben's 30% DEET Tick & Insect Repellent Wipes - 2 Pack,1.0,2017-10-20 19:56:17.518-04
Green Goo,"Green Goo Bugs Be Gone, All-Natural Essential Oil Tick, Fly & Insect Repellent, Safe to Spray On Skin, 4.5 Oz",2.0,2021-08-12 21:05:48.389-04
Nature's MACE,"Nature's MACE Cat Repellent 1 Gallon Spray/Treats 3,000 Sq. Ft. / Keep Cat Out of Your Lawn and Garden/Train Your Cat to Stay Out of Bushes/Safe to use Around Children & Plants",5.0,2022-07-13 13:58:58.862-04
Avon,"Avon SKIN-SO-SOFT Bug Guard PLUS IR3535® Insect Repellent Moisturizing Lotion - SPF 30 Gentle Breeze, 4 oz",5.0,2017-06-05 10:31:51-04
Nature's MACE,"Nature's MACE Cat Repellent 1 Gallon Spray/Treats 3,000 Sq. Ft. / Keep Cat Out of Your Lawn and Garden/Train Your Cat to Stay Out of Bushes/Safe to use Around Children & Plants",5.0,2018-11-27 08:01:25.348-05
CHOMP!,"CHOMP! Shower Door Water Repellent: Healthier Home ShowerDoorMagic 6 in 1 Hard Water Stain Preventer for Glass, Fiberglass, Tile & More- Spot, Soap Scum, Calcium & Limescale Prevention 32 oz.",5.0,2020-07-13 21:09:46.924-04
Avon,"Avon SKIN-SO-SOFT Bug Guard PLUS IR3535® Insect Repellent Moisturizing Lotion - SPF 30 Gentle Breeze, 4 oz",4.0,2020-07-29 13:40:48.643-04
SEALUXE,"SEALUXE Rodent Repellent Packs,Mouse Repellent,Peppermint Oil to Repel Mice, Mice Repellent Peppermint,Natural Rat Repellent,Insect Repellent with Peppermint Oil 4-Pack",3.0,2021-01-22 19:23:47.51-05
eHouse,AC12 Ultrasonic Pest Repeller - Electronic Plug in Best Repellent - Pest Control - Get Rid of - Rodents Squirrels Mice Rats Insects - Roaches Spiders Fleas Bed Bugs Flies Ants Mosquitos Fruit Fly!,5.0,2020-07-02 09:07:32.962-04
Avon,"Avon SKIN-SO-SOFT Bug Guard PLUS IR3535® Insect Repellent Moisturizing Lotion - SPF 30 Gentle Breeze, 4 oz",2.0,2015-09-19 15:47:42-04
Nature's MACE,"Nature's MACE Cat Repellent 1 Gallon Spray/Treats 3,000 Sq. Ft. / Keep Cat Out of Your Lawn and Garden/Train Your Cat to Stay Out of Bushes/Safe to use Around Children & Plants",5.0,2022-11-13 03:19:25.133-05
HONGXIAN,Gopher Repeller Ultrasonic Solar Mole Repellent 4 Pack Solar Mole Repellent & Gopher Repellent Ultrasonic Solar Powered Waterproof for Yard & Garden,5.0,2023-02-06 16:56:06.5-05
Natural Armor,Natural Armor Lizard & Gecko Repellent Spray - Powerful Peppermint Formulation Repels All Types of Lizards & Geckos and Works Better Than Ultrasonic Gimmicks – 128 fl oz - Gallon Ready to Use,1.0,2022-06-22 23:03:59.929-04
Nature's MACE,"Nature's MACE Cat Repellent 1 Gallon Spray/Treats 3,000 Sq. Ft. / Keep Cat Out of Your Lawn and Garden/Train Your Cat to Stay Out of Bushes/Safe to use Around Children & Plants",2.0,2022-10-20 21:38:34.78-04
Avon,"Avon SKIN-SO-SOFT Bug Guard PLUS IR3535® Insect Repellent Moisturizing Lotion - SPF 30 Gentle Breeze, 4 oz",5.0,2022-03-24 10:51:45.127-04
Nature's MACE,"Nature's MACE Cat Repellent 1 Gallon Spray/Treats 3,000 Sq. Ft. / Keep Cat Out of Your Lawn and Garden/Train Your Cat to Stay Out of Bushes/Safe to use Around Children & Plants",1.0,2021-07-12 16:46:23.358-04
Nature's MACE,"Nature's MACE Cat Repellent 1 Gallon Spray/Treats 3,000 Sq. Ft. / Keep Cat Out of Your Lawn and Garden/Train Your Cat to Stay Out of Bushes/Safe to use Around Children & Plants",1.0,2021-05-22 18:15:44.503-04
Nature's MACE,"Nature's MACE Cat Repellent 1 Gallon Spray/Treats 3,000 Sq. Ft. / Keep Cat Out of Your Lawn and Garden/Train Your Cat to Stay Out of Bushes/Safe to use Around Children & Plants",5.0,2020-01-29 11:07:00.412-05
Avon,"Avon SKIN-SO-SOFT Bug Guard PLUS IR3535® Insect Repellent Moisturizing Lotion - SPF 30 Gentle Breeze, 4 oz",4.0,2015-08-31 13:50:21-04
SEALUXE,"SEALUXE Rodent Repellent Packs,Mouse Repellent,Peppermint Oil to Repel Mice, Mice Repellent Peppermint,Natural Rat Repellent,Insect Repellent with Peppermint Oil 4-Pack",5.0,2021-02-08 23:15:17.227-05
SEALUXE,"SEALUXE Rodent Repellent Packs,Mouse Repellent,Peppermint Oil to Repel Mice, Mice Repellent Peppermint,Natural Rat Repellent,Insect Repellent with Peppermint Oil 4-Pack",5.0,2021-02-17 19:38:38.15-05
Nature's MACE,"Nature's MACE Cat Repellent 1 Gallon Spray/Treats 3,000 Sq. Ft. / Keep Cat Out of Your Lawn and Garden/Train Your Cat to Stay Out of Bushes/Safe to use Around Children & Plants",4.0,2021-09-27 18:36:25.224-04
Nature's MACE,"Nature's MACE Cat Repellent 1 Gallon Spray/Treats 3,000 Sq. Ft. / Keep Cat Out of Your Lawn and Garden/Train Your Cat to Stay Out of Bushes/Safe to use Around Children & Plants",1.0,2022-05-15 23:00:11.084-04
Avon,"Avon SKIN-SO-SOFT Bug Guard PLUS IR3535® Insect Repellent Moisturizing Lotion - SPF 30 Gentle Breeze, 4 oz",5.0,2019-06-19 20:03:39.075-04
Nature's MACE,"Nature's MACE Cat Repellent 1 Gallon Spray/Treats 3,000 Sq. Ft. / Keep Cat Out of Your Lawn and Garden/Train Your Cat to Stay Out of Bushes/Safe to use Around Children & Plants",5.0,2019-07-31 07:22:07.802-04
Nature's MACE,"Nature's MACE Cat Repellent 1 Gallon Spray/Treats 3,000 Sq. Ft. / Keep Cat Out of Your Lawn and Garden/Train Your Cat to Stay Out of Bushes/Safe to use Around Children & Plants",2.0,2017-08-23 10:04:50.262-04
Nature's MACE,"Nature's MACE Cat Repellent 1 Gallon Spray/Treats 3,000 Sq. Ft. / Keep Cat Out of Your Lawn and Garden/Train Your Cat to Stay Out of Bushes/Safe to use Around Children & Plants",5.0,2019-04-18 16:51:10.544-04
Nature's MACE,"Nature's MACE Cat Repellent 1 Gallon Spray/Treats 3,000 Sq. Ft. / Keep Cat Out of Your Lawn and Garden/Train Your Cat to Stay Out of Bushes/Safe to use Around Children & Plants",5.0,2022-07-30 08:10:11.099-04
Nature's MACE,"Nature's MACE Cat Repellent 1 Gallon Spray/Treats 3,000 Sq. Ft. / Keep Cat Out of Your Lawn and Garden/Train Your Cat to Stay Out of Bushes/Safe to use Around Children & Plants",1.0,2023-03-26 23:57:48.161-04
Avon,"Avon SKIN-SO-SOFT Bug Guard PLUS IR3535® Insect Repellent Moisturizing Lotion - SPF 30 Gentle Breeze, 4 oz",5.0,2020-07-01 14:00:08.238-04
Avon,"Avon SKIN-SO-SOFT Bug Guard PLUS IR3535® Insect Repellent Moisturizing Lotion - SPF 30 Gentle Breeze, 4 oz",5.0,2019-10-08 13:52:07.908-04
Nature's MACE,"Nature's MACE Cat Repellent 1 Gallon Spray/Treats 3,000 Sq. Ft. / Keep Cat Out of Your Lawn and Garden/Train Your Cat to Stay Out of Bushes/Safe to use Around Children & Plants",2.0,2022-05-21 20:40:16.361-04
Avon,"Avon SKIN-SO-SOFT Bug Guard PLUS IR3535® Insect Repellent Moisturizing Lotion - SPF 30 Gentle Breeze, 4 oz",4.0,2014-07-08 19:37:41-04
Avon,"Avon SKIN-SO-SOFT Bug Guard PLUS IR3535® Insect Repellent Moisturizing Lotion - SPF 30 Gentle Breeze, 4 oz",5.0,2016-01-01 00:35:30-05
Nature's MACE,"Nature's MACE Cat Repellent 1 Gallon Spray/Treats 3,000 Sq. Ft. / Keep Cat Out of Your Lawn and Garden/Train Your Cat to Stay Out of Bushes/Safe to use Around Children & Plants",1.0,2020-06-15 18:23:02.809-04
Avon,"Avon SKIN-SO-SOFT Bug Guard PLUS IR3535® Insect Repellent Moisturizing Lotion - SPF 30 Gentle Breeze, 4 oz",3.0,2020-09-30 16:58:20.535-04
PetUlove,"PetUlove Handheld Dog Repellent,Dog Trainer 100% Pet & Human Safe G",5.0,2015-12-26 22:32:36-05
Grandpa Gus's,"Grandpa Gus's Extra-Strength Mouse Repellent Pouches + Potent Mouse Repellent Spray, Peppermint/Cinnamon Oils Repel Mouse From Home/RV, Boat/Car Storage & Machinery, 4 x 1.76oz Pouches + 1 x 8oz Spray",5.0,2021-03-07 11:59:44.445-05
eHouse,AC12 Ultrasonic Pest Repeller - Electronic Plug in Best Repellent - Pest Control - Get Rid of - Rodents Squirrels Mice Rats Insects - Roaches Spiders Fleas Bed Bugs Flies Ants Mosquitos Fruit Fly!,5.0,2020-06-16 08:18:04.313-04
Avon,"Avon SKIN-SO-SOFT Bug Guard PLUS IR3535® Insect Repellent Moisturizing Lotion - SPF 30 Gentle Breeze, 4 oz",5.0,2022-10-15 15:42:32.185-04
Avon,"Avon SKIN-SO-SOFT Bug Guard PLUS IR3535® Insect Repellent Moisturizing Lotion - SPF 30 Gentle Breeze, 4 oz",5.0,2018-03-04 20:19:13.664-05
eHouse,AC12 Ultrasonic Pest Repeller - Electronic Plug in Best Repellent - Pest Control - Get Rid of - Rodents Squirrels Mice Rats Insects - Roaches Spiders Fleas Bed Bugs Flies Ants Mosquitos Fruit Fly!,1.0,2020-09-25 23:35:51.019-04
Avon,"Avon SKIN-SO-SOFT Bug Guard PLUS IR3535® Insect Repellent Moisturizing Lotion - SPF 30 Gentle Breeze, 4 oz",5.0,2016-09-30 11:45:04-04
Avon,"Avon SKIN-SO-SOFT Bug Guard PLUS IR3535® Insect Repellent Moisturizing Lotion - SPF 30 Gentle Breeze, 4 oz",2.0,2019-06-01 21:45:44.681-04
CHOMP!,"CHOMP! Shower Door Water Repellent: Healthier Home ShowerDoorMagic 6 in 1 Hard Water Stain Preventer for Glass, Fiberglass, Tile & More- Spot, Soap Scum, Calcium & Limescale Prevention 32 oz.",5.0,2022-12-03 14:32:09.212-05
Natural Armor,Natural Armor Lizard & Gecko Repellent Spray - Powerful Peppermint Formulation Repels All Types of Lizards & Geckos and Works Better Than Ultrasonic Gimmicks – 128 fl oz - Gallon Ready to Use,4.0,2022-04-04 16:41:38.268-04
Avon,"Avon SKIN-SO-SOFT Bug Guard PLUS IR3535® Insect Repellent Moisturizing Lotion - SPF 30 Gentle Breeze, 4 oz",5.0,2016-12-23 08:24:46-05
Avon,"Avon SKIN-SO-SOFT Bug Guard PLUS IR3535® Insect Repellent Moisturizing Lotion - SPF 30 Gentle Breeze, 4 oz",5.0,2016-07-25 18:37:52-04
Avon,"Avon SKIN-SO-SOFT Bug Guard PLUS IR3535® Insect Repellent Moisturizing Lotion - SPF 30 Gentle Breeze, 4 oz",5.0,2021-03-24 18:02:47.367-04
Natural Armor,Natural Armor Lizard & Gecko Repellent Spray - Powerful Peppermint Formulation Repels All Types of Lizards & Geckos and Works Better Than Ultrasonic Gimmicks – 128 fl oz - Gallon Ready to Use,3.0,2023-01-08 08:13:15.5-05
Avon,"Avon SKIN-SO-SOFT Bug Guard PLUS IR3535® Insect Repellent Moisturizing Lotion - SPF 30 Gentle Breeze, 4 oz",5.0,2015-08-26 13:04:59-04
Avon,"Avon SKIN-SO-SOFT Bug Guard PLUS IR3535® Insect Repellent Moisturizing Lotion - SPF 30 Gentle Breeze, 4 oz",4.0,2015-09-29 20:47:12-04
Avon,"Avon SKIN-SO-SOFT Bug Guard PLUS IR3535® Insect Repellent Moisturizing Lotion - SPF 30 Gentle Breeze, 4 oz",2.0,2014-09-23 06:03:14-04
Natural Armor,Natural Armor Lizard & Gecko Repellent Spray - Powerful Peppermint Formulation Repels All Types of Lizards & Geckos and Works Better Than Ultrasonic Gimmicks – 128 fl oz - Gallon Ready to Use,1.0,2022-09-27 13:20:53.956-04
eHouse,AC12 Ultrasonic Pest Repeller - Electronic Plug in Best Repellent - Pest Control - Get Rid of - Rodents Squirrels Mice Rats Insects - Roaches Spiders Fleas Bed Bugs Flies Ants Mosquitos Fruit Fly!,5.0,2020-06-27 16:28:31.446-04
Avon,"Avon SKIN-SO-SOFT Bug Guard PLUS IR3535® Insect Repellent Moisturizing Lotion - SPF 30 Gentle Breeze, 4 oz",5.0,2017-10-12 10:35:23.48-04
Grandpa Gus's,"Grandpa Gus's Extra-Strength Mouse Repellent Pouches + Potent Mouse Repellent Spray, Peppermint/Cinnamon Oils Repel Mouse From Home/RV, Boat/Car Storage & Machinery, 4 x 1.76oz Pouches + 1 x 8oz Spray",1.0,2019-09-25 14:38:15.079-04
Nature's MACE,"Nature's MACE Cat Repellent 1 Gallon Spray/Treats 3,000 Sq. Ft. / Keep Cat Out of Your Lawn and Garden/Train Your Cat to Stay Out of Bushes/Safe to use Around Children & Plants",4.0,2023-01-16 15:55:03.355-05
Avon,"Avon SKIN-SO-SOFT Bug Guard PLUS IR3535® Insect Repellent Moisturizing Lotion - SPF 30 Gentle Breeze, 4 oz",3.0,2015-11-04 13:41:10-05
Avon,"Avon SKIN-SO-SOFT Bug Guard PLUS IR3535® Insect Repellent Moisturizing Lotion - SPF 30 Gentle Breeze, 4 oz",5.0,2019-07-13 13:12:48.382-04
Nature's MACE,"Nature's MACE Cat Repellent 1 Gallon Spray/Treats 3,000 Sq. Ft. / Keep Cat Out of Your Lawn and Garden/Train Your Cat to Stay Out of Bushes/Safe to use Around Children & Plants",1.0,2021-10-04 08:03:35.847-04
Avon,"Avon SKIN-SO-SOFT Bug Guard PLUS IR3535® Insect Repellent Moisturizing Lotion - SPF 30 Gentle Breeze, 4 oz",5.0,2019-06-02 19:18:13.482-04
Avon,"Avon SKIN-SO-SOFT Bug Guard PLUS IR3535® Insect Repellent Moisturizing Lotion - SPF 30 Gentle Breeze, 4 oz",5.0,2019-08-22 10:34:08.077-04
Avon,"Avon SKIN-SO-SOFT Bug Guard PLUS IR3535® Insect Repellent Moisturizing Lotion - SPF 30 Gentle Breeze, 4 oz",5.0,2020-05-23 18:49:13.134-04
Avon,"Avon SKIN-SO-SOFT Bug Guard PLUS IR3535® Insect Repellent Moisturizing Lotion - SPF 30 Gentle Breeze, 4 oz",3.0,2012-08-25 05:07:20-04
eHouse,AC12g Ultrasonic Pest Repeller - Electronic Plug in Best Repellent - Pest Control - Get Rid of - Rodents Squirrels Rats Mice Insects - Roaches Spiders Mosquitos Fleas Fruit Fly Bed Bugs Flies Ants!,2.0,2020-10-20 14:18:56.183-04
Avon,"Avon SKIN-SO-SOFT Bug Guard PLUS IR3535® Insect Repellent Moisturizing Lotion - SPF 30 Gentle Breeze, 4 oz",5.0,2016-07-27 20:17:33-04
Avon,"Avon SKIN-SO-SOFT Bug Guard PLUS IR3535® Insect Repellent Moisturizing Lotion - SPF 30 Gentle Breeze, 4 oz",5.0,2017-04-05 16:16:01-04
Grandpa Gus's,"Grandpa Gus's Extra-Strength Mouse Repellent Pouches + Potent Mouse Repellent Spray, Peppermint/Cinnamon Oils Repel Mouse From Home/RV, Boat/Car Storage & Machinery, 4 x 1.76oz Pouches + 1 x 8oz Spray",5.0,2021-05-10 15:09:23.247-04
eHouse,AC12 Ultrasonic Pest Repeller - Electronic Plug in Best Repellent - Pest Control - Get Rid of - Rodents Squirrels Mice Rats Insects - Roaches Spiders Fleas Bed Bugs Flies Ants Mosquitos Fruit Fly!,1.0,2020-09-06 05:10:35.195-04
Nature's MACE,"Nature's MACE Cat Repellent 1 Gallon Spray/Treats 3,000 Sq. Ft. / Keep Cat Out of Your Lawn and Garden/Train Your Cat to Stay Out of Bushes/Safe to use Around Children & Plants",1.0,2019-11-30 12:24:27.736-05
JNxcel Salon Products,JNxcel Premium Quality Water Repellent Nylon/Polyester Fabric Hair Salon & Barber Hair Cutting & Shampoo Cape with Snap Closure (Turquoise),5.0,2017-09-15 14:23:16.217-04
Tysonir,"Tysonir Mole Repellent,Mole Repellent Solar Powered Groundhog Repeller ,Gopher Repellent Ultrasonic,Get Rid of Mole Gophers Voles for Outdoor Garden Yard 2Pack",1.0,2022-08-23 19:32:28.024-04
Nature's MACE,"Nature's MACE Cat Repellent 1 Gallon Spray/Treats 3,000 Sq. Ft. / Keep Cat Out of Your Lawn and Garden/Train Your Cat to Stay Out of Bushes/Safe to use Around Children & Plants",3.0,2022-08-12 21:27:53.304-04
Nature's MACE,"Nature's MACE Cat Repellent 1 Gallon Spray/Treats 3,000 Sq. Ft. / Keep Cat Out of Your Lawn and Garden/Train Your Cat to Stay Out of Bushes/Safe to use Around Children & Plants",1.0,2022-08-10 16:48:55.112-04
Nature's MACE,"Nature's MACE Cat Repellent 1 Gallon Spray/Treats 3,000 Sq. Ft. / Keep Cat Out of Your Lawn and Garden/Train Your Cat to Stay Out of Bushes/Safe to use Around Children & Plants",2.0,2021-08-13 15:49:43.754-04
NATURAL OUST,NATURAL OUST Peppermint Oil Spider Repellent Spray - Eco Friendly Indoor Outdoor - Effective Spider Control,5.0,2022-05-05 18:20:59.305-04
Nature's MACE,"Nature's MACE Cat Repellent 1 Gallon Spray/Treats 3,000 Sq. Ft. / Keep Cat Out of Your Lawn and Garden/Train Your Cat to Stay Out of Bushes/Safe to use Around Children & Plants",1.0,2021-07-27 23:03:37.032-04
Nature's MACE,"Nature's MACE Cat Repellent 1 Gallon Spray/Treats 3,000 Sq. Ft. / Keep Cat Out of Your Lawn and Garden/Train Your Cat to Stay Out of Bushes/Safe to use Around Children & Plants",5.0,2020-08-18 15:09:21.878-04
Avon,"Avon SKIN-SO-SOFT Bug Guard PLUS IR3535® Insect Repellent Moisturizing Lotion - SPF 30 Gentle Breeze, 4 oz",2.0,2016-01-31 14:33:56-05
Nature's MACE,"Nature's MACE Cat Repellent 1 Gallon Spray/Treats 3,000 Sq. Ft. / Keep Cat Out of Your Lawn and Garden/Train Your Cat to Stay Out of Bushes/Safe to use Around Children & Plants",1.0,2023-01-14 13:05:29.804-05
Nature's MACE,"Nature's MACE Cat Repellent 1 Gallon Spray/Treats 3,000 Sq. Ft. / Keep Cat Out of Your Lawn and Garden/Train Your Cat to Stay Out of Bushes/Safe to use Around Children & Plants",1.0,2022-11-25 19:00:13.423-05
Nature's MACE,"Nature's MACE Cat Repellent 1 Gallon Spray/Treats 3,000 Sq. Ft. / Keep Cat Out of Your Lawn and Garden/Train Your Cat to Stay Out of Bushes/Safe to use Around Children & Plants",5.0,2018-12-07 14:16:14.375-05
Avon,"Avon SKIN-SO-SOFT Bug Guard PLUS IR3535® Insect Repellent Moisturizing Lotion - SPF 30 Gentle Breeze, 4 oz",5.0,2014-07-11 10:16:21-04
Grandpa Gus's,"Grandpa Gus's Extra-Strength Mouse Repellent Pouches + Potent Mouse Repellent Spray, Peppermint/Cinnamon Oils Repel Mouse From Home/RV, Boat/Car Storage & Machinery, 4 x 1.76oz Pouches + 1 x 8oz Spray",5.0,2021-03-27 17:48:04.339-04
Avon,"Avon SKIN-SO-SOFT Bug Guard PLUS IR3535® Insect Repellent Moisturizing Lotion - SPF 30 Gentle Breeze, 4 oz",5.0,2018-07-08 12:34:02.841-04
Nature's MACE,"Nature's MACE Cat Repellent 1 Gallon Spray/Treats 3,000 Sq. Ft. / Keep Cat Out of Your Lawn and Garden/Train Your Cat to Stay Out of Bushes/Safe to use Around Children & Plants",5.0,2021-04-14 14:31:45.16-04
Nature's MACE,"Nature's MACE Cat Repellent 1 Gallon Spray/Treats 3,000 Sq. Ft. / Keep Cat Out of Your Lawn and Garden/Train Your Cat to Stay Out of Bushes/Safe to use Around Children & Plants",3.0,2021-01-19 13:36:19.505-05
Grandpa Gus's,"Grandpa Gus's Extra-Strength Mouse Repellent Pouches + Potent Mouse Repellent Spray, Peppermint/Cinnamon Oils Repel Mouse From Home/RV, Boat/Car Storage & Machinery, 4 x 1.76oz Pouches + 1 x 8oz Spray",1.0,2021-07-08 12:49:23.983-04
Avon,"Avon SKIN-SO-SOFT Bug Guard PLUS IR3535® Insect Repellent Moisturizing Lotion - SPF 30 Gentle Breeze, 4 oz",1.0,2017-11-15 06:47:54.253-05
Nature's MACE,"Nature's MACE Cat Repellent 1 Gallon Spray/Treats 3,000 Sq. Ft. / Keep Cat Out of Your Lawn and Garden/Train Your Cat to Stay Out of Bushes/Safe to use Around Children & Plants",1.0,2018-06-27 13:09:31.714-04
Avon,"Avon SKIN-SO-SOFT Bug Guard PLUS IR3535® Insect Repellent Moisturizing Lotion - SPF 30 Gentle Breeze, 4 oz",5.0,2017-04-18 21:54:09-04
Avon,"Avon SKIN-SO-SOFT Bug Guard PLUS IR3535® Insect Repellent Moisturizing Lotion - SPF 30 Gentle Breeze, 4 oz",5.0,2016-05-13 20:00:08-04
Avon,"Avon SKIN-SO-SOFT Bug Guard PLUS IR3535® Insect Repellent Moisturizing Lotion - SPF 30 Gentle Breeze, 4 oz",5.0,2017-04-28 02:50:37-04
Nature's MACE,"Nature's MACE Cat Repellent 1 Gallon Spray/Treats 3,000 Sq. Ft. / Keep Cat Out of Your Lawn and Garden/Train Your Cat to Stay Out of Bushes/Safe to use Around Children & Plants",1.0,2019-02-09 08:04:11.358-05
Solere,"Solar powered Mole repellent, ultrasonic Pest repellers. Sonic Gopher repeller outdoor Vole, Chipmunk, Snake repeller, Garden repeller, Pet safe. 4pcs",3.0,2021-09-18 11:00:27.326-04
Motrapso,"36 Pack Rodent Repellent Peppermint for Car Engines Home Indoor & Outdoor, Mouse Repellent, Rat Repellent, Rodent Deterrent",1.0,2023-03-14 03:30:24.824-04
Avon,"Avon SKIN-SO-SOFT Bug Guard PLUS IR3535® Insect Repellent Moisturizing Lotion - SPF 30 Gentle Breeze, 4 oz",5.0,2018-09-14 21:53:11.831-04
Avon,"Avon SKIN-SO-SOFT Bug Guard PLUS IR3535® Insect Repellent Moisturizing Lotion - SPF 30 Gentle Breeze, 4 oz",5.0,2015-11-22 21:43:31-05
eHouse,AC12 Ultrasonic Pest Repeller - Electronic Plug in Best Repellent - Pest Control - Get Rid of - Rodents Squirrels Mice Rats Insects - Roaches Spiders Fleas Bed Bugs Flies Ants Mosquitos Fruit Fly!,1.0,2020-09-09 14:38:07.699-04
Avon,"Avon SKIN-SO-SOFT Bug Guard PLUS IR3535® Insect Repellent Moisturizing Lotion - SPF 30 Gentle Breeze, 4 oz",5.0,2019-08-20 15:20:34.673-04
Avon,"Avon SKIN-SO-SOFT Bug Guard PLUS IR3535® Insect Repellent Moisturizing Lotion - SPF 30 Gentle Breeze, 4 oz",5.0,2019-09-08 13:40:27.274-04
Avon,"Avon SKIN-SO-SOFT Bug Guard PLUS IR3535® Insect Repellent Moisturizing Lotion - SPF 30 Gentle Breeze, 4 oz",5.0,2018-04-26 00:31:39.548-04
Grandpa Gus's,"Grandpa Gus's Extra-Strength Mouse Repellent Pouches + Potent Mouse Repellent Spray, Peppermint/Cinnamon Oils Repel Mouse From Home/RV, Boat/Car Storage & Machinery, 4 x 1.76oz Pouches + 1 x 8oz Spray",1.0,2020-01-01 11:08:17.276-05
Avon,"Avon SKIN-SO-SOFT Bug Guard PLUS IR3535® Insect Repellent Moisturizing Lotion - SPF 30 Gentle Breeze, 4 oz",2.0,2015-06-28 16:20:52-04
Avon,"Avon SKIN-SO-SOFT Bug Guard PLUS IR3535® Insect Repellent Moisturizing Lotion - SPF 30 Gentle Breeze, 4 oz",5.0,2013-07-22 09:47:12-04
Grandpa Gus's,"Grandpa Gus's Extra-Strength Mouse Repellent Pouches + Potent Mouse Repellent Spray, Peppermint/Cinnamon Oils Repel Mouse From Home/RV, Boat/Car Storage & Machinery, 4 x 1.76oz Pouches + 1 x 8oz Spray",5.0,2021-07-19 17:20:39.716-04
Avon,"Avon SKIN-SO-SOFT Bug Guard PLUS IR3535® Insect Repellent Moisturizing Lotion - SPF 30 Gentle Breeze, 4 oz",5.0,2021-06-30 18:20:54.317-04
Avon,"Avon SKIN-SO-SOFT Bug Guard PLUS IR3535® Insect Repellent Moisturizing Lotion - SPF 30 Gentle Breeze, 4 oz",5.0,2015-08-13 13:11:45-04
Avon,"Avon SKIN-SO-SOFT Bug Guard PLUS IR3535® Insect Repellent Moisturizing Lotion - SPF 30 Gentle Breeze, 4 oz",5.0,2022-09-08 20:51:31.596-04
Avon,"Avon SKIN-SO-SOFT Bug Guard PLUS IR3535® Insect Repellent Moisturizing Lotion - SPF 30 Gentle Breeze, 4 oz",5.0,2017-12-06 14:57:07.993-05
Palcont,"Mosquito Sticks, All Natural and DEET Free Insect Repellent, Eco Friendly, Non Toxic, Bamboo Infused with Citronella, Lemongrass & Grapefruit Peel, for Outdoor Garden Yard and Indoor (Pack of 30)",5.0,2020-02-23 23:23:04.756-05
Avon,"Avon SKIN-SO-SOFT Bug Guard PLUS IR3535® Insect Repellent Moisturizing Lotion - SPF 30 Gentle Breeze, 4 oz",5.0,2017-08-11 17:12:31.706-04
Avon,"Avon SKIN-SO-SOFT Bug Guard PLUS IR3535® Insect Repellent Moisturizing Lotion - SPF 30 Gentle Breeze, 4 oz",5.0,2015-09-19 09:15:48-04
Whemoalus,"Whemoalus Squirrel Repellent Outdoor,4-Pack Natural Squirrel Repellent for Attic,Cars,Squirrel Deterrent for Garden,Squirrel Repellent for Plants,Mint Squirrel Repellent Indoor Safe Around Kid & Pets",2.0,2022-07-12 22:05:29.457-04
Zevo,Zevo Wasp Hornet Bee and Yellow Jacket Stinging Insect Killer | Instant Action Aerosol 10Oz. Spray | Multi Insect Killer Repellent | Indoor Outdoor Use | Pet People Friendly Safe,5.0,2020-09-23 17:26:27.755-04
Avon,"Avon SKIN-SO-SOFT Bug Guard PLUS IR3535® Insect Repellent Moisturizing Lotion - SPF 30 Gentle Breeze, 4 oz",5.0,2018-06-25 19:59:12.729-04
Avon,"Avon SKIN-SO-SOFT Bug Guard PLUS IR3535® Insect Repellent Moisturizing Lotion - SPF 30 Gentle Breeze, 4 oz",5.0,2015-08-15 13:40:47-04
THUMB THUMB NO THUMB! NATURAL & SAFE FOR KIDS,Thumb Thumb NO THUMB natural dentist approved thumb sucking deterrent for kids,1.0,2020-03-23 00:44:24.859-04
Natural Armor,Natural Armor Lizard & Gecko Repellent Spray - Powerful Peppermint Formulation Repels All Types of Lizards & Geckos and Works Better Than Ultrasonic Gimmicks – 128 fl oz - Gallon Ready to Use,1.0,2022-05-29 21:28:04.646-04
Avon,"Avon SKIN-SO-SOFT Bug Guard PLUS IR3535® Insect Repellent Moisturizing Lotion - SPF 30 Gentle Breeze, 4 oz",5.0,2011-09-04 17:07:04-04
Grandpa Gus's,"Grandpa Gus's Extra-Strength Mouse Repellent Pouches + Potent Mouse Repellent Spray, Peppermint/Cinnamon Oils Repel Mouse From Home/RV, Boat/Car Storage & Machinery, 4 x 1.76oz Pouches + 1 x 8oz Spray",1.0,2023-01-28 14:34:32.336-05
eHouse,AC12g Ultrasonic Pest Repeller - Electronic Plug in Best Repellent - Pest Control - Get Rid of - Rodents Squirrels Rats Mice Insects - Roaches Spiders Mosquitos Fleas Fruit Fly Bed Bugs Flies Ants!,1.0,2020-08-17 19:42:36.162-04
BuggyBands,"6 Pack Mosquito Repellent Bracelets, Natural and Waterproof Wrist Bands for Adults, Kids, Pets - [Individually Wrapped], Travel Protection Outdoor – Indoor",5.0,2020-07-29 22:05:27.216-04
Natural Armor,Natural Armor Lizard & Gecko Repellent Spray - Powerful Peppermint Formulation Repels All Types of Lizards & Geckos and Works Better Than Ultrasonic Gimmicks – 128 fl oz - Gallon Ready to Use,1.0,2022-05-07 12:22:46.747-04
Avon,"Avon SKIN-SO-SOFT Bug Guard PLUS IR3535® Insect Repellent Moisturizing Lotion - SPF 30 Gentle Breeze, 4 oz",5.0,2014-06-24 11:42:23-04
Avon,"Avon SKIN-SO-SOFT Bug Guard PLUS IR3535® Insect Repellent Moisturizing Lotion - SPF 30 Gentle Breeze, 4 oz",3.0,2013-06-24 13:34:17-04
Avon,"Avon SKIN-SO-SOFT Bug Guard PLUS IR3535® Insect Repellent Moisturizing Lotion - SPF 30 Gentle Breeze, 4 oz",5.0,2015-09-15 10:50:44-04
Avon,"Avon SKIN-SO-SOFT Bug Guard PLUS IR3535® Insect Repellent Moisturizing Lotion - SPF 30 Gentle Breeze, 4 oz",1.0,2019-07-26 21:49:50.876-04
eHouse,AC12g Ultrasonic Pest Repeller - Electronic Plug in Best Repellent - Pest Control - Get Rid of - Rodents Squirrels Rats Mice Insects - Roaches Spiders Mosquitos Fleas Fruit Fly Bed Bugs Flies Ants!,5.0,2020-08-26 18:48:53.051-04
Green Goo,"Green Goo Bugs Be Gone, All-Natural Essential Oil Tick, Fly & Insect Repellent, Safe to Spray On Skin, 4.5 Oz",5.0,2020-06-14 12:55:23.252-04
Avon,"Avon SKIN-SO-SOFT Bug Guard PLUS IR3535® Insect Repellent Moisturizing Lotion - SPF 30 Gentle Breeze, 4 oz",5.0,2018-07-13 11:02:49.098-04
Avon,"Avon SKIN-SO-SOFT Bug Guard PLUS IR3535® Insect Repellent Moisturizing Lotion - SPF 30 Gentle Breeze, 4 oz",1.0,2020-05-25 16:30:11.363-04
CHOMP!,"CHOMP! Shower Door Water Repellent: Healthier Home ShowerDoorMagic 6 in 1 Hard Water Stain Preventer for Glass, Fiberglass, Tile & More- Spot, Soap Scum, Calcium & Limescale Prevention 32 oz.",5.0,2022-06-25 14:54:13.391-04
Avon,"Avon SKIN-SO-SOFT Bug Guard PLUS IR3535® Insect Repellent Moisturizing Lotion - SPF 30 Gentle Breeze, 4 oz",5.0,2017-09-06 14:35:15.45-04
Avon,"Avon SKIN-SO-SOFT Bug Guard PLUS IR3535® Insect Repellent Moisturizing Lotion - SPF 30 Gentle Breeze, 4 oz",5.0,2015-11-27 19:47:17-05
Tender Ben's,Ben's 30% DEET Tick & Insect Repellent Wipes - 2 Pack,5.0,2020-02-18 21:07:57.798-05
Tender Ben's,Ben's 30% DEET Tick & Insect Repellent Wipes - 2 Pack,4.0,2013-07-03 18:06:46-04
Avon,"Avon SKIN-SO-SOFT Bug Guard PLUS IR3535® Insect Repellent Moisturizing Lotion - SPF 30 Gentle Breeze, 4 oz",4.0,2015-03-26 00:40:51-04
Avon,"Avon SKIN-SO-SOFT Bug Guard PLUS IR3535® Insect Repellent Moisturizing Lotion - SPF 30 Gentle Breeze, 4 oz",5.0,2015-05-23 18:38:49-04
SEALUXE,"SEALUXE Rodent Repellent Packs,Mouse Repellent,Peppermint Oil to Repel Mice, Mice Repellent Peppermint,Natural Rat Repellent,Insect Repellent with Peppermint Oil 4-Pack",1.0,2021-04-04 16:30:52.688-04
Avon,"Avon SKIN-SO-SOFT Bug Guard PLUS IR3535® Insect Repellent Moisturizing Lotion - SPF 30 Gentle Breeze, 4 oz",1.0,2013-06-17 08:31:29-04
Avon,"Avon SKIN-SO-SOFT Bug Guard PLUS IR3535® Insect Repellent Moisturizing Lotion - SPF 30 Gentle Breeze, 4 oz",5.0,2013-07-06 09:06:33-04
Avon,"Avon SKIN-SO-SOFT Bug Guard PLUS IR3535® Insect Repellent Moisturizing Lotion - SPF 30 Gentle Breeze, 4 oz",5.0,2016-04-22 10:44:31-04
Avon,"Avon SKIN-SO-SOFT Bug Guard PLUS IR3535® Insect Repellent Moisturizing Lotion - SPF 30 Gentle Breeze, 4 oz",5.0,2020-03-20 10:48:38.337-04
Avon,"Avon SKIN-SO-SOFT Bug Guard PLUS IR3535® Insect Repellent Moisturizing Lotion - SPF 30 Gentle Breeze, 4 oz",4.0,2022-11-30 13:44:32.145-05
eHouse,AC12g Ultrasonic Pest Repeller - Electronic Plug in Best Repellent - Pest Control - Get Rid of - Rodents Squirrels Rats Mice Insects - Roaches Spiders Mosquitos Fleas Fruit Fly Bed Bugs Flies Ants!,5.0,2020-08-22 13:37:09.318-04
Avon,"Avon SKIN-SO-SOFT Bug Guard PLUS IR3535® Insect Repellent Moisturizing Lotion - SPF 30 Gentle Breeze, 4 oz",5.0,2016-06-16 15:28:02-04
Avon,"Avon SKIN-SO-SOFT Bug Guard PLUS IR3535® Insect Repellent Moisturizing Lotion - SPF 30 Gentle Breeze, 4 oz",5.0,2018-01-06 22:27:15.735-05
Avon,"Avon SKIN-SO-SOFT Bug Guard PLUS IR3535® Insect Repellent Moisturizing Lotion - SPF 30 Gentle Breeze, 4 oz",5.0,2019-08-09 11:59:25.072-04
Avon,"Avon SKIN-SO-SOFT Bug Guard PLUS IR3535® Insect Repellent Moisturizing Lotion - SPF 30 Gentle Breeze, 4 oz",5.0,2015-07-10 01:25:20-04
Avon,"Avon SKIN-SO-SOFT Bug Guard PLUS IR3535® Insect Repellent Moisturizing Lotion - SPF 30 Gentle Breeze, 4 oz",5.0,2021-06-06 17:38:20.023-04
Avon,"Avon SKIN-SO-SOFT Bug Guard PLUS IR3535® Insect Repellent Moisturizing Lotion - SPF 30 Gentle Breeze, 4 oz",5.0,2019-09-13 23:02:13.408-04
Avon,"Avon SKIN-SO-SOFT Bug Guard PLUS IR3535® Insect Repellent Moisturizing Lotion - SPF 30 Gentle Breeze, 4 oz",5.0,2015-07-31 09:49:26-04
SEALUXE,"SEALUXE Rodent Repellent Packs,Mouse Repellent,Peppermint Oil to Repel Mice, Mice Repellent Peppermint,Natural Rat Repellent,Insect Repellent with Peppermint Oil 4-Pack",1.0,2021-02-24 11:33:45.053-05
Avon,"Avon SKIN-SO-SOFT Bug Guard PLUS IR3535® Insect Repellent Moisturizing Lotion - SPF 30 Gentle Breeze, 4 oz",5.0,2019-10-06 10:27:22.936-04
Avon,"Avon SKIN-SO-SOFT Bug Guard PLUS IR3535® Insect Repellent Moisturizing Lotion - SPF 30 Gentle Breeze, 4 oz",3.0,2021-08-14 22:40:13.59-04
Avon,"Avon SKIN-SO-SOFT Bug Guard PLUS IR3535® Insect Repellent Moisturizing Lotion - SPF 30 Gentle Breeze, 4 oz",3.0,2015-08-06 13:31:33-04
wyewye,"Mole Trap Mole Killer 8 Pack Mole Repellent Solar Powered Snake Repellent Squirrel Gopher Repellent Ultrasonic Rodent Repellent and Deterrent for Chasing Mole,Mouse,Snake,Squirrel",1.0,2022-06-29 15:16:44.012-04
Avon,"Avon SKIN-SO-SOFT Bug Guard PLUS IR3535® Insect Repellent Moisturizing Lotion - SPF 30 Gentle Breeze, 4 oz",2.0,2018-08-03 23:17:39.182-04
Avon,"Avon SKIN-SO-SOFT Bug Guard PLUS IR3535® Insect Repellent Moisturizing Lotion - SPF 30 Gentle Breeze, 4 oz",4.0,2020-01-02 22:53:35.824-05
Avon,"Avon SKIN-SO-SOFT Bug Guard PLUS IR3535® Insect Repellent Moisturizing Lotion - SPF 30 Gentle Breeze, 4 oz",1.0,2018-06-01 12:55:41.664-04
Avon,"Avon SKIN-SO-SOFT Bug Guard PLUS IR3535® Insect Repellent Moisturizing Lotion - SPF 30 Gentle Breeze, 4 oz",5.0,2019-08-21 06:06:17.146-04
Avon,"Avon SKIN-SO-SOFT Bug Guard PLUS IR3535® Insect Repellent Moisturizing Lotion - SPF 30 Gentle Breeze, 4 oz",5.0,2021-08-25 00:15:22.56-04
THUMB THUMB NO THUMB! NATURAL & SAFE FOR KIDS,Thumb Thumb NO THUMB natural dentist approved thumb sucking deterrent for kids,1.0,2020-11-12 13:09:15.376-05
Avon,"Avon SKIN-SO-SOFT Bug Guard PLUS IR3535® Insect Repellent Moisturizing Lotion - SPF 30 Gentle Breeze, 4 oz",5.0,2015-08-04 14:09:57-04
Grandpa Gus's,"Grandpa Gus's Extra-Strength Mouse Repellent Pouches + Potent Mouse Repellent Spray, Peppermint/Cinnamon Oils Repel Mouse From Home/RV, Boat/Car Storage & Machinery, 4 x 1.76oz Pouches + 1 x 8oz Spray",5.0,2021-12-09 10:56:05.486-05
Avon,"Avon SKIN-SO-SOFT Bug Guard PLUS IR3535® Insect Repellent Moisturizing Lotion - SPF 30 Gentle Breeze, 4 oz",4.0,2023-03-09 17:30:22.26-05
Tender Ben's,Ben's 30% DEET Tick & Insect Repellent Wipes - 2 Pack,3.0,2018-05-15 18:40:52.025-04
Avon,"Avon SKIN-SO-SOFT Bug Guard PLUS IR3535® Insect Repellent Moisturizing Lotion - SPF 30 Gentle Breeze, 4 oz",5.0,2017-03-19 19:39:39-04
Avon,"Avon SKIN-SO-SOFT Bug Guard PLUS IR3535® Insect Repellent Moisturizing Lotion - SPF 30 Gentle Breeze, 4 oz",5.0,2015-06-03 14:47:38-04
Avon,"Avon SKIN-SO-SOFT Bug Guard PLUS IR3535® Insect Repellent Moisturizing Lotion - SPF 30 Gentle Breeze, 4 oz",5.0,2018-01-17 22:14:22.919-05
Avon,"Avon SKIN-SO-SOFT Bug Guard PLUS IR3535® Insect Repellent Moisturizing Lotion - SPF 30 Gentle Breeze, 4 oz",5.0,2014-07-22 04:36:21-04
Avon,"Avon SKIN-SO-SOFT Bug Guard PLUS IR3535® Insect Repellent Moisturizing Lotion - SPF 30 Gentle Breeze, 4 oz",5.0,2018-06-20 00:05:34.091-04
Avon,"Avon SKIN-SO-SOFT Bug Guard PLUS IR3535® Insect Repellent Moisturizing Lotion - SPF 30 Gentle Breeze, 4 oz",5.0,2019-07-24 14:11:06.19-04
Avon,"Avon SKIN-SO-SOFT Bug Guard PLUS IR3535® Insect Repellent Moisturizing Lotion - SPF 30 Gentle Breeze, 4 oz",5.0,2021-10-06 07:15:12.236-04
Avon,"Avon SKIN-SO-SOFT Bug Guard PLUS IR3535® Insect Repellent Moisturizing Lotion - SPF 30 Gentle Breeze, 4 oz",4.0,2014-08-28 11:30:11-04
Avon,"Avon SKIN-SO-SOFT Bug Guard PLUS IR3535® Insect Repellent Moisturizing Lotion - SPF 30 Gentle Breeze, 4 oz",2.0,2015-04-21 21:42:55-04
Avon,"Avon SKIN-SO-SOFT Bug Guard PLUS IR3535® Insect Repellent Moisturizing Lotion - SPF 30 Gentle Breeze, 4 oz",3.0,2020-08-22 17:26:55.93-04
eHouse,AC12 Ultrasonic Pest Repeller - Electronic Plug in Best Repellent - Pest Control - Get Rid of - Rodents Squirrels Mice Rats Insects - Roaches Spiders Fleas Bed Bugs Flies Ants Mosquitos Fruit Fly!,5.0,2020-06-23 19:50:28.191-04
eHouse,AC12g Ultrasonic Pest Repeller - Electronic Plug in Best Repellent - Pest Control - Get Rid of - Rodents Squirrels Rats Mice Insects - Roaches Spiders Mosquitos Fleas Fruit Fly Bed Bugs Flies Ants!,5.0,2020-06-25 17:32:14.396-04
Avon,"Avon SKIN-SO-SOFT Bug Guard PLUS IR3535® Insect Repellent Moisturizing Lotion - SPF 30 Gentle Breeze, 4 oz",5.0,2016-10-11 11:00:47-04
Avon,"Avon SKIN-SO-SOFT Bug Guard PLUS IR3535® Insect Repellent Moisturizing Lotion - SPF 30 Gentle Breeze, 4 oz",4.0,2016-03-29 20:48:55-04
BuggyBands,"6 Pack Mosquito Repellent Bracelets, Natural and Waterproof Wrist Bands for Adults, Kids, Pets - [Individually Wrapped], Travel Protection Outdoor – Indoor",1.0,2020-08-23 22:31:30.469-04
Avon,"Avon SKIN-SO-SOFT Bug Guard PLUS IR3535® Insect Repellent Moisturizing Lotion - SPF 30 Gentle Breeze, 4 oz",5.0,2017-12-20 16:16:38.108-05
Avon,"Avon SKIN-SO-SOFT Bug Guard PLUS IR3535® Insect Repellent Moisturizing Lotion - SPF 30 Gentle Breeze, 4 oz",5.0,2014-06-27 16:10:18-04
Avon,"Avon SKIN-SO-SOFT Bug Guard PLUS IR3535® Insect Repellent Moisturizing Lotion - SPF 30 Gentle Breeze, 4 oz",5.0,2015-11-14 17:04:33-05
Natural Armor,Natural Armor Lizard & Gecko Repellent Spray - Powerful Peppermint Formulation Repels All Types of Lizards & Geckos and Works Better Than Ultrasonic Gimmicks – 128 fl oz - Gallon Ready to Use,1.0,2021-06-02 18:28:07.153-04
Avon,"Avon SKIN-SO-SOFT Bug Guard PLUS IR3535® Insect Repellent Moisturizing Lotion - SPF 30 Gentle Breeze, 4 oz",2.0,2021-07-02 14:14:41.725-04
Avon,"Avon SKIN-SO-SOFT Bug Guard PLUS IR3535® Insect Repellent Moisturizing Lotion - SPF 30 Gentle Breeze, 4 oz",5.0,2016-03-26 19:32:43-04
Avon,"Avon SKIN-SO-SOFT Bug Guard PLUS IR3535® Insect Repellent Moisturizing Lotion - SPF 30 Gentle Breeze, 4 oz",5.0,2019-03-10 00:01:06.44-05
Natural Armor,Natural Armor Lizard & Gecko Repellent Spray - Powerful Peppermint Formulation Repels All Types of Lizards & Geckos and Works Better Than Ultrasonic Gimmicks – 128 fl oz - Gallon Ready to Use,5.0,2022-03-16 15:12:37.816-04
SEALUXE,"SEALUXE Rodent Repellent Packs,Mouse Repellent,Peppermint Oil to Repel Mice, Mice Repellent Peppermint,Natural Rat Repellent,Pest Control,Insect Repellent with Peppermint Oil 8-Pack",3.0,2021-03-29 14:22:35.438-04
Avon,"Avon SKIN-SO-SOFT Bug Guard PLUS IR3535® Insect Repellent Moisturizing Lotion - SPF 30 Gentle Breeze, 4 oz",5.0,2019-08-01 15:52:54.968-04
Whemoalus,"Whemoalus Squirrel Repellent Outdoor,4-Pack Natural Squirrel Repellent for Attic,Cars,Squirrel Deterrent for Garden,Squirrel Repellent for Plants,Mint Squirrel Repellent Indoor Safe Around Kid & Pets",3.0,2022-10-03 04:06:43.954-04
Avon,"Avon SKIN-SO-SOFT Bug Guard PLUS IR3535® Insect Repellent Moisturizing Lotion - SPF 30 Gentle Breeze, 4 oz",5.0,2020-04-20 14:27:11.114-04
Natural Armor,Natural Armor Lizard & Gecko Repellent Spray - Powerful Peppermint Formulation Repels All Types of Lizards & Geckos and Works Better Than Ultrasonic Gimmicks – 128 fl oz - Gallon Ready to Use,1.0,2022-11-23 20:51:12.027-05
DeerScram,Epic 02118 Wild Hog Repellent Granular Bucket - 10-Lbs,1.0,2022-06-27 15:34:58.303-04
Avon,"Avon SKIN-SO-SOFT Bug Guard PLUS IR3535® Insect Repellent Moisturizing Lotion - SPF 30 Gentle Breeze, 4 oz",4.0,2014-10-17 15:24:37-04
Avon,"Avon SKIN-SO-SOFT Bug Guard PLUS IR3535® Insect Repellent Moisturizing Lotion - SPF 30 Gentle Breeze, 4 oz",5.0,2016-06-22 20:16:51-04
Avon,"Avon SKIN-SO-SOFT Bug Guard PLUS IR3535® Insect Repellent Moisturizing Lotion - SPF 30 Gentle Breeze, 4 oz",5.0,2018-07-31 08:51:41.62-04
Natural Armor,Natural Armor Lizard & Gecko Repellent Spray - Powerful Peppermint Formulation Repels All Types of Lizards & Geckos and Works Better Than Ultrasonic Gimmicks – 128 fl oz - Gallon Ready to Use,1.0,2022-03-03 14:56:45.09-05
Avon,"Avon SKIN-SO-SOFT Bug Guard PLUS IR3535® Insect Repellent Moisturizing Lotion - SPF 30 Gentle Breeze, 4 oz",5.0,2021-10-18 12:54:47.172-04
BuggyBands,"6 Pack Mosquito Repellent Bracelets, Natural and Waterproof Wrist Bands for Adults, Kids, Pets - [Individually Wrapped], Travel Protection Outdoor – Indoor",3.0,2020-06-30 11:09:52.751-04
Avon,"Avon SKIN-SO-SOFT Bug Guard PLUS IR3535® Insect Repellent Moisturizing Lotion - SPF 30 Gentle Breeze, 4 oz",5.0,2015-11-28 01:16:38-05
Avon,"Avon SKIN-SO-SOFT Bug Guard PLUS IR3535® Insect Repellent Moisturizing Lotion - SPF 30 Gentle Breeze, 4 oz",4.0,2018-06-05 07:52:49.353-04
Avon,"Avon SKIN-SO-SOFT Bug Guard PLUS IR3535® Insect Repellent Moisturizing Lotion - SPF 30 Gentle Breeze, 4 oz",5.0,2015-06-30 01:21:50-04
Avon,"Avon SKIN-SO-SOFT Bug Guard PLUS IR3535® Insect Repellent Moisturizing Lotion - SPF 30 Gentle Breeze, 4 oz",5.0,2017-08-25 13:20:06.968-04
RepelWell,"RepelWell Multi-Protect Stain & Water Repellent (24oz) Eco-Friendly, Pet-Safe Spray for Upholstery, Leather, Footwear & More",5.0,2023-03-12 21:51:51.473-04
eHouse,AC12 Ultrasonic Pest Repeller - Electronic Plug in Best Repellent - Pest Control - Get Rid of - Rodents Squirrels Mice Rats Insects - Roaches Spiders Fleas Bed Bugs Flies Ants Mosquitos Fruit Fly!,5.0,2020-09-23 13:37:14.526-04
Avon,"Avon SKIN-SO-SOFT Bug Guard PLUS IR3535® Insect Repellent Moisturizing Lotion - SPF 30 Gentle Breeze, 4 oz",5.0,2013-12-15 14:47:30-05
Avon,"Avon SKIN-SO-SOFT Bug Guard PLUS IR3535® Insect Repellent Moisturizing Lotion - SPF 30 Gentle Breeze, 4 oz",5.0,2019-08-28 10:54:34.587-04
Avon,"Avon SKIN-SO-SOFT Bug Guard PLUS IR3535® Insect Repellent Moisturizing Lotion - SPF 30 Gentle Breeze, 4 oz",5.0,2019-08-28 21:09:23.781-04
Avon,"Avon SKIN-SO-SOFT Bug Guard PLUS IR3535® Insect Repellent Moisturizing Lotion - SPF 30 Gentle Breeze, 4 oz",5.0,2017-07-13 11:41:25.913-04
Avon,"Avon SKIN-SO-SOFT Bug Guard PLUS IR3535® Insect Repellent Moisturizing Lotion - SPF 30 Gentle Breeze, 4 oz",5.0,2019-01-07 08:17:14.462-05
Avon,"Avon SKIN-SO-SOFT Bug Guard PLUS IR3535® Insect Repellent Moisturizing Lotion - SPF 30 Gentle Breeze, 4 oz",2.0,2018-02-01 13:54:18.721-05
Avon,"Avon SKIN-SO-SOFT Bug Guard PLUS IR3535® Insect Repellent Moisturizing Lotion - SPF 30 Gentle Breeze, 4 oz",1.0,2019-01-24 00:01:33.58-05
SEALUXE,"SEALUXE Rodent Repellent Packs,Mouse Repellent,Peppermint Oil to Repel Mice, Mice Repellent Peppermint,Natural Rat Repellent,Insect Repellent with Peppermint Oil 4-Pack",1.0,2021-02-27 13:19:23.315-05
Avon,"Avon SKIN-SO-SOFT Bug Guard PLUS IR3535® Insect Repellent Moisturizing Lotion - SPF 30 Gentle Breeze, 4 oz",5.0,2014-12-15 16:26:33-05
Avon,"Avon SKIN-SO-SOFT Bug Guard PLUS IR3535® Insect Repellent Moisturizing Lotion - SPF 30 Gentle Breeze, 4 oz",5.0,2019-11-23 00:33:41.058-05
Avon,"Avon SKIN-SO-SOFT Bug Guard PLUS IR3535® Insect Repellent Moisturizing Lotion - SPF 30 Gentle Breeze, 4 oz",5.0,2017-08-21 21:12:43.453-04
Grandpa Gus's,"Grandpa Gus's Extra-Strength Mouse Repellent Pouches + Potent Mouse Repellent Spray, Peppermint/Cinnamon Oils Repel Mouse From Home/RV, Boat/Car Storage & Machinery, 4 x 1.76oz Pouches + 1 x 8oz Spray",5.0,2020-04-23 15:05:45.281-04
Avon,"Avon SKIN-SO-SOFT Bug Guard PLUS IR3535® Insect Repellent Moisturizing Lotion - SPF 30 Gentle Breeze, 4 oz",5.0,2015-10-22 08:41:03-04
Avon,"Avon SKIN-SO-SOFT Bug Guard PLUS IR3535® Insect Repellent Moisturizing Lotion - SPF 30 Gentle Breeze, 4 oz",3.0,2017-06-14 14:08:15.386-04
Wskvlcg,"Mosquito Repellent Bracelet, Ultrasonic Mosquito Repellent Bracelet Watch USB Rechargeable Anti Mosquito Repeller Wristband, Essential for Outdoor Camping (2 Pack, White)",2.0,2022-07-23 09:20:19.543-04
Foundation Armor,5 GAL Armor SC25 Penetrating Concrete Sealer and Water Repellent Salt Guard,5.0,2016-12-15 13:30:14-05
Avon,"Avon SKIN-SO-SOFT Bug Guard PLUS IR3535® Insect Repellent Moisturizing Lotion - SPF 30 Gentle Breeze, 4 oz",3.0,2019-07-31 01:35:57.404-04
Avon,"Avon SKIN-SO-SOFT Bug Guard PLUS IR3535® Insect Repellent Moisturizing Lotion - SPF 30 Gentle Breeze, 4 oz",5.0,2016-09-08 13:22:28-04
Avon,"Avon SKIN-SO-SOFT Bug Guard PLUS IR3535® Insect Repellent Moisturizing Lotion - SPF 30 Gentle Breeze, 4 oz",5.0,2019-12-29 14:30:13.871-05
Avon,"Avon SKIN-SO-SOFT Bug Guard PLUS IR3535® Insect Repellent Moisturizing Lotion - SPF 30 Gentle Breeze, 4 oz",5.0,2015-10-10 02:04:49-04
Avon,"Avon SKIN-SO-SOFT Bug Guard PLUS IR3535® Insect Repellent Moisturizing Lotion - SPF 30 Gentle Breeze, 4 oz",5.0,2016-12-20 23:12:11-05
Whemoalus,"Whemoalus Squirrel Repellent Outdoor,4-Pack Natural Squirrel Repellent for Attic,Cars,Squirrel Deterrent for Garden,Squirrel Repellent for Plants,Mint Squirrel Repellent Indoor Safe Around Kid & Pets",1.0,2022-10-16 11:42:06.35-04
Natural Armor,Natural Armor Lizard & Gecko Repellent Spray - Powerful Peppermint Formulation Repels All Types of Lizards & Geckos and Works Better Than Ultrasonic Gimmicks – 128 fl oz - Gallon Ready to Use,1.0,2022-10-16 11:28:26.308-04
SEALUXE,"SEALUXE Rodent Repellent Packs,Mouse Repellent,Peppermint Oil to Repel Mice, Mice Repellent Peppermint,Natural Rat Repellent,Insect Repellent with Peppermint Oil 4-Pack",1.0,2021-02-14 12:57:03.103-05
Avon,"Avon SKIN-SO-SOFT Bug Guard PLUS IR3535® Insect Repellent Moisturizing Lotion - SPF 30 Gentle Breeze, 4 oz",5.0,2014-07-11 11:27:46-04
Avon,"Avon SKIN-SO-SOFT Bug Guard PLUS IR3535® Insect Repellent Moisturizing Lotion - SPF 30 Gentle Breeze, 4 oz",4.0,2016-09-12 16:29:01-04
Avon,"Avon SKIN-SO-SOFT Bug Guard PLUS IR3535® Insect Repellent Moisturizing Lotion - SPF 30 Gentle Breeze, 4 oz",5.0,2015-11-28 22:34:48-05
Avon,"Avon SKIN-SO-SOFT Bug Guard PLUS IR3535® Insect Repellent Moisturizing Lotion - SPF 30 Gentle Breeze, 4 oz",5.0,2013-06-26 15:50:30-04
Avon,"Avon SKIN-SO-SOFT Bug Guard PLUS IR3535® Insect Repellent Moisturizing Lotion - SPF 30 Gentle Breeze, 4 oz",5.0,2016-04-07 07:57:16-04
Natural Armor,Natural Armor Lizard & Gecko Repellent Spray - Powerful Peppermint Formulation Repels All Types of Lizards & Geckos and Works Better Than Ultrasonic Gimmicks – 128 fl oz - Gallon Ready to Use,2.0,2022-08-23 10:38:51.941-04
Avon,"Avon SKIN-SO-SOFT Bug Guard PLUS IR3535® Insect Repellent Moisturizing Lotion - SPF 30 Gentle Breeze, 4 oz",5.0,2017-07-15 10:11:36.886-04
Natural Armor,Natural Armor Lizard & Gecko Repellent Spray - Powerful Peppermint Formulation Repels All Types of Lizards & Geckos and Works Better Than Ultrasonic Gimmicks – 128 fl oz - Gallon Ready to Use,5.0,2022-07-16 05:59:41.704-04
Avon,"Avon SKIN-SO-SOFT Bug Guard PLUS IR3535® Insect Repellent Moisturizing Lotion - SPF 30 Gentle Breeze, 4 oz",5.0,2017-06-24 21:35:56.742-04
Avon,"Avon SKIN-SO-SOFT Bug Guard PLUS IR3535® Insect Repellent Moisturizing Lotion - SPF 30 Gentle Breeze, 4 oz",5.0,2019-09-21 21:43:01.878-04
Natural Armor,Natural Armor Lizard & Gecko Repellent Spray - Powerful Peppermint Formulation Repels All Types of Lizards & Geckos and Works Better Than Ultrasonic Gimmicks – 128 fl oz - Gallon Ready to Use,3.0,2022-06-05 21:13:27.274-04
Avon,"Avon SKIN-SO-SOFT Bug Guard PLUS IR3535® Insect Repellent Moisturizing Lotion - SPF 30 Gentle Breeze, 4 oz",5.0,2014-01-28 23:37:56-05
Avon,"Avon SKIN-SO-SOFT Bug Guard PLUS IR3535® Insect Repellent Moisturizing Lotion - SPF 30 Gentle Breeze, 4 oz",1.0,2021-06-06 10:53:46.113-04
Green Goo,"Green Goo Bugs Be Gone, All-Natural Essential Oil Tick, Fly & Insect Repellent, Safe to Spray On Skin, 4.5 Oz",4.0,2018-08-22 13:56:31.428-04
Avon,"Avon SKIN-SO-SOFT Bug Guard PLUS IR3535® Insect Repellent Moisturizing Lotion - SPF 30 Gentle Breeze, 4 oz",2.0,2022-06-30 14:05:28.472-04
Avon,"Avon SKIN-SO-SOFT Bug Guard PLUS IR3535® Insect Repellent Moisturizing Lotion - SPF 30 Gentle Breeze, 4 oz",5.0,2015-08-24 22:11:21-04
Avon,"Avon SKIN-SO-SOFT Bug Guard PLUS IR3535® Insect Repellent Moisturizing Lotion - SPF 30 Gentle Breeze, 4 oz",5.0,2017-05-24 19:19:21-04
Nature's MACE,"Nature's MACE Cat Repellent 1 Gallon Spray/Treats 3,000 Sq. Ft. / Keep Cat Out of Your Lawn and Garden/Train Your Cat to Stay Out of Bushes/Safe to use Around Children & Plants",3.0,2023-03-22 13:48:31.866-04
Avon,"Avon SKIN-SO-SOFT Bug Guard PLUS IR3535® Insect Repellent Moisturizing Lotion - SPF 30 Gentle Breeze, 4 oz",5.0,2021-10-19 16:14:24.026-04
eHouse,AC12 Ultrasonic Pest Repeller - Electronic Plug in Best Repellent - Pest Control - Get Rid of - Rodents Squirrels Mice Rats Insects - Roaches Spiders Fleas Bed Bugs Flies Ants Mosquitos Fruit Fly!,3.0,2020-08-02 18:41:49.223-04
Avon,"Avon SKIN-SO-SOFT Bug Guard PLUS IR3535® Insect Repellent Moisturizing Lotion - SPF 30 Gentle Breeze, 4 oz",3.0,2014-12-23 13:41:51-05
Cutter,"Cutter Natural Fogger Insect Repellent, 3 pk./14 oz.each can",4.0,2017-06-26 08:37:10.482-04
Tender Ben's,Ben's 30% DEET Tick & Insect Repellent Wipes - 2 Pack,5.0,2019-11-14 22:40:33.33-05
Grandpa Gus's,"Grandpa Gus's Extra-Strength Mouse Repellent Pouches + Potent Mouse Repellent Spray, Peppermint/Cinnamon Oils Repel Mouse From Home/RV, Boat/Car Storage & Machinery, 4 x 1.76oz Pouches + 1 x 8oz Spray",1.0,2022-07-18 19:36:33.032-04
,Autan Family Care Repellent Lotion by Autan,5.0,2021-06-23 10:14:23.98-04
Avon,"Avon SKIN-SO-SOFT Bug Guard PLUS IR3535® Insect Repellent Moisturizing Lotion - SPF 30 Gentle Breeze, 4 oz",4.0,2015-06-07 15:00:38-04
Avon,"Avon SKIN-SO-SOFT Bug Guard PLUS IR3535® Insect Repellent Moisturizing Lotion - SPF 30 Gentle Breeze, 4 oz",5.0,2015-07-18 23:43:44-04
Avon,"Avon SKIN-SO-SOFT Bug Guard PLUS IR3535® Insect Repellent Moisturizing Lotion - SPF 30 Gentle Breeze, 4 oz",5.0,2015-07-12 13:17:16-04
Avon,"Avon SKIN-SO-SOFT Bug Guard PLUS IR3535® Insect Repellent Moisturizing Lotion - SPF 30 Gentle Breeze, 4 oz",4.0,2013-12-16 13:51:29-05
Avon,"Avon SKIN-SO-SOFT Bug Guard PLUS IR3535® Insect Repellent Moisturizing Lotion - SPF 30 Gentle Breeze, 4 oz",5.0,2015-05-23 13:02:20-04
Grandpa Gus's,"Grandpa Gus's Extra-Strength Mouse Repellent Pouches + Potent Mouse Repellent Spray, Peppermint/Cinnamon Oils Repel Mouse From Home/RV, Boat/Car Storage & Machinery, 4 x 1.76oz Pouches + 1 x 8oz Spray",5.0,2021-10-05 22:30:31.829-04
Avon,"Avon SKIN-SO-SOFT Bug Guard PLUS IR3535® Insect Repellent Moisturizing Lotion - SPF 30 Gentle Breeze, 4 oz",5.0,2014-03-02 11:40:39-05
Avon,"Avon SKIN-SO-SOFT Bug Guard PLUS IR3535® Insect Repellent Moisturizing Lotion - SPF 30 Gentle Breeze, 4 oz",5.0,2016-11-01 10:56:22-04
Avon,"Avon SKIN-SO-SOFT Bug Guard PLUS IR3535® Insect Repellent Moisturizing Lotion - SPF 30 Gentle Breeze, 4 oz",1.0,2018-07-24 21:56:50.261-04
Avon,"Avon SKIN-SO-SOFT Bug Guard PLUS IR3535® Insect Repellent Moisturizing Lotion - SPF 30 Gentle Breeze, 4 oz",5.0,2019-06-15 18:38:14.543-04
Avon,"Avon SKIN-SO-SOFT Bug Guard PLUS IR3535® Insect Repellent Moisturizing Lotion - SPF 30 Gentle Breeze, 4 oz",5.0,2020-02-14 17:28:25.516-05
Avon,"Avon SKIN-SO-SOFT Bug Guard PLUS IR3535® Insect Repellent Moisturizing Lotion - SPF 30 Gentle Breeze, 4 oz",5.0,2016-08-18 22:18:46-04
Avon,"Avon SKIN-SO-SOFT Bug Guard PLUS IR3535® Insect Repellent Moisturizing Lotion - SPF 30 Gentle Breeze, 4 oz",5.0,2022-10-01 16:59:45.165-04
Avon,"Avon SKIN-SO-SOFT Bug Guard PLUS IR3535® Insect Repellent Moisturizing Lotion - SPF 30 Gentle Breeze, 4 oz",5.0,2016-07-26 11:36:03-04
Avon,"Avon SKIN-SO-SOFT Bug Guard PLUS IR3535® Insect Repellent Moisturizing Lotion - SPF 30 Gentle Breeze, 4 oz",5.0,2016-02-25 21:57:04-05
Avon,"Avon SKIN-SO-SOFT Bug Guard PLUS IR3535® Insect Repellent Moisturizing Lotion - SPF 30 Gentle Breeze, 4 oz",5.0,2016-09-29 19:06:27-04
Avon,"Avon SKIN-SO-SOFT Bug Guard PLUS IR3535® Insect Repellent Moisturizing Lotion - SPF 30 Gentle Breeze, 4 oz",5.0,2014-10-14 10:03:37-04
Avon,"Avon SKIN-SO-SOFT Bug Guard PLUS IR3535® Insect Repellent Moisturizing Lotion - SPF 30 Gentle Breeze, 4 oz",5.0,2015-06-18 09:28:56-04
Avon,"Avon SKIN-SO-SOFT Bug Guard PLUS IR3535® Insect Repellent Moisturizing Lotion - SPF 30 Gentle Breeze, 4 oz",5.0,2021-10-01 14:06:27.092-04
Avon,"Avon SKIN-SO-SOFT Bug Guard PLUS IR3535® Insect Repellent Moisturizing Lotion - SPF 30 Gentle Breeze, 4 oz",5.0,2018-09-21 03:29:52.641-04
Avon,"Avon SKIN-SO-SOFT Bug Guard PLUS IR3535® Insect Repellent Moisturizing Lotion - SPF 30 Gentle Breeze, 4 oz",5.0,2014-07-13 07:58:52-04
Avon,"Avon SKIN-SO-SOFT Bug Guard PLUS IR3535® Insect Repellent Moisturizing Lotion - SPF 30 Gentle Breeze, 4 oz",4.0,2016-09-26 21:01:58-04
Motrapso,"36 Pack Rodent Repellent Peppermint for Car Engines Home Indoor & Outdoor, Mouse Repellent, Rat Repellent, Rodent Deterrent",1.0,2023-01-08 21:29:16.078-05
Avon,"Avon SKIN-SO-SOFT Bug Guard PLUS IR3535® Insect Repellent Moisturizing Lotion - SPF 30 Gentle Breeze, 4 oz",5.0,2018-05-17 06:31:37.467-04
Avon,"Avon SKIN-SO-SOFT Bug Guard PLUS IR3535® Insect Repellent Moisturizing Lotion - SPF 30 Gentle Breeze, 4 oz",5.0,2014-12-29 12:20:05-05
Avon,"Avon SKIN-SO-SOFT Bug Guard PLUS IR3535® Insect Repellent Moisturizing Lotion - SPF 30 Gentle Breeze, 4 oz",5.0,2016-12-02 15:41:03-05
wyewye,"Mole Trap Mole Killer 8 Pack Mole Repellent Solar Powered Snake Repellent Squirrel Gopher Repellent Ultrasonic Rodent Repellent and Deterrent for Chasing Mole,Mouse,Snake,Squirrel",5.0,2022-07-05 09:37:53.581-04
eHouse,AC12 Ultrasonic Pest Repeller - Electronic Plug in Best Repellent - Pest Control - Get Rid of - Rodents Squirrels Mice Rats Insects - Roaches Spiders Fleas Bed Bugs Flies Ants Mosquitos Fruit Fly!,3.0,2020-08-10 14:33:18.539-04
Avon,"Avon SKIN-SO-SOFT Bug Guard PLUS IR3535® Insect Repellent Moisturizing Lotion - SPF 30 Gentle Breeze, 4 oz",5.0,2017-04-05 16:50:32-04
Avon,"Avon SKIN-SO-SOFT Bug Guard PLUS IR3535® Insect Repellent Moisturizing Lotion - SPF 30 Gentle Breeze, 4 oz",3.0,2016-09-01 14:37:09-04
Avon,"Avon SKIN-SO-SOFT Bug Guard PLUS IR3535® Insect Repellent Moisturizing Lotion - SPF 30 Gentle Breeze, 4 oz",5.0,2019-07-13 15:10:28.412-04
Foundation Armor,5 GAL Armor SC25 Penetrating Concrete Sealer and Water Repellent Salt Guard,5.0,2020-06-13 10:25:39.591-04
Avon,"Avon SKIN-SO-SOFT Bug Guard PLUS IR3535® Insect Repellent Moisturizing Lotion - SPF 30 Gentle Breeze, 4 oz",5.0,2020-07-25 15:07:52.863-04
Avon,"Avon SKIN-SO-SOFT Bug Guard PLUS IR3535® Insect Repellent Moisturizing Lotion - SPF 30 Gentle Breeze, 4 oz",4.0,2019-11-02 15:23:13.672-04
Grandpa Gus's,"Grandpa Gus's Extra-Strength Mouse Repellent Pouches + Potent Mouse Repellent Spray, Peppermint/Cinnamon Oils Repel Mouse From Home/RV, Boat/Car Storage & Machinery, 4 x 1.76oz Pouches + 1 x 8oz Spray",5.0,2020-05-19 17:29:52.392-04
Avon,"Avon SKIN-SO-SOFT Bug Guard PLUS IR3535® Insect Repellent Moisturizing Lotion - SPF 30 Gentle Breeze, 4 oz",4.0,2017-09-21 23:56:39.103-04
eHouse,AC12 Ultrasonic Pest Repeller - Electronic Plug in Best Repellent - Pest Control - Get Rid of - Rodents Squirrels Mice Rats Insects - Roaches Spiders Fleas Bed Bugs Flies Ants Mosquitos Fruit Fly!,1.0,2020-08-21 19:21:50.086-04
Green Goo,"Green Goo Bugs Be Gone, All-Natural Essential Oil Tick, Fly & Insect Repellent, Safe to Spray On Skin, 4.5 Oz",5.0,2020-05-28 11:47:31.394-04
Avon,"Avon SKIN-SO-SOFT Bug Guard PLUS IR3535® Insect Repellent Moisturizing Lotion - SPF 30 Gentle Breeze, 4 oz",5.0,2012-01-21 23:25:17-05
Tender Ben's,Ben's 30% DEET Tick & Insect Repellent Wipes - 2 Pack,5.0,2017-11-16 12:53:00.085-05
Avon,"Avon SKIN-SO-SOFT Bug Guard PLUS IR3535® Insect Repellent Moisturizing Lotion - SPF 30 Gentle Breeze, 4 oz",5.0,2015-10-07 14:49:17-04
Avon,"Avon SKIN-SO-SOFT Bug Guard PLUS IR3535® Insect Repellent Moisturizing Lotion - SPF 30 Gentle Breeze, 4 oz",5.0,2013-06-07 12:40:28-04
Avon,"Avon SKIN-SO-SOFT Bug Guard PLUS IR3535® Insect Repellent Moisturizing Lotion - SPF 30 Gentle Breeze, 4 oz",1.0,2022-09-23 23:48:10.917-04
Grandpa Gus's,"Grandpa Gus's Extra-Strength Mouse Repellent Pouches + Potent Mouse Repellent Spray, Peppermint/Cinnamon Oils Repel Mouse From Home/RV, Boat/Car Storage & Machinery, 4 x 1.76oz Pouches + 1 x 8oz Spray",5.0,2021-02-02 21:33:06.303-05
Avon,"Avon SKIN-SO-SOFT Bug Guard PLUS IR3535® Insect Repellent Moisturizing Lotion - SPF 30 Gentle Breeze, 4 oz",5.0,2017-09-11 07:24:04.771-04
Avon,"Avon SKIN-SO-SOFT Bug Guard PLUS IR3535® Insect Repellent Moisturizing Lotion - SPF 30 Gentle Breeze, 4 oz",5.0,2020-01-10 12:56:32.885-05
Avon,"Avon SKIN-SO-SOFT Bug Guard PLUS IR3535® Insect Repellent Moisturizing Lotion - SPF 30 Gentle Breeze, 4 oz",5.0,2016-11-01 15:20:23-04
Avon,"Avon SKIN-SO-SOFT Bug Guard PLUS IR3535® Insect Repellent Moisturizing Lotion - SPF 30 Gentle Breeze, 4 oz",5.0,2015-11-14 07:45:14-05
Grandpa Gus's,"Grandpa Gus's Extra-Strength Mouse Repellent Pouches + Potent Mouse Repellent Spray, Peppermint/Cinnamon Oils Repel Mouse From Home/RV, Boat/Car Storage & Machinery, 4 x 1.76oz Pouches + 1 x 8oz Spray",1.0,2023-01-07 14:35:25.608-05
Avon,"Avon SKIN-SO-SOFT Bug Guard PLUS IR3535® Insect Repellent Moisturizing Lotion - SPF 30 Gentle Breeze, 4 oz",4.0,2016-01-05 20:11:02-05
Avon,"Avon SKIN-SO-SOFT Bug Guard PLUS IR3535® Insect Repellent Moisturizing Lotion - SPF 30 Gentle Breeze, 4 oz",3.0,2019-07-26 10:05:33.631-04
eHouse,AC12g Ultrasonic Pest Repeller - Electronic Plug in Best Repellent - Pest Control - Get Rid of - Rodents Squirrels Rats Mice Insects - Roaches Spiders Mosquitos Fleas Fruit Fly Bed Bugs Flies Ants!,5.0,2020-11-27 18:36:42.789-05
Avon,"Avon SKIN-SO-SOFT Bug Guard PLUS IR3535® Insect Repellent Moisturizing Lotion - SPF 30 Gentle Breeze, 4 oz",5.0,2017-06-27 14:28:50.83-04
eHouse,AC12 Ultrasonic Pest Repeller - Electronic Plug in Best Repellent - Pest Control - Get Rid of - Rodents Squirrels Mice Rats Insects - Roaches Spiders Fleas Bed Bugs Flies Ants Mosquitos Fruit Fly!,5.0,2020-06-16 19:25:43.136-04
Grandpa Gus's,"Grandpa Gus's Extra-Strength Mouse Repellent Pouches + Potent Mouse Repellent Spray, Peppermint/Cinnamon Oils Repel Mouse From Home/RV, Boat/Car Storage & Machinery, 4 x 1.76oz Pouches + 1 x 8oz Spray",1.0,2020-10-24 13:01:34.205-04
Avon,"Avon SKIN-SO-SOFT Bug Guard PLUS IR3535® Insect Repellent Moisturizing Lotion - SPF 30 Gentle Breeze, 4 oz",4.0,2011-07-04 11:29:38-04
Avon,"Avon SKIN-SO-SOFT Bug Guard PLUS IR3535® Insect Repellent Moisturizing Lotion - SPF 30 Gentle Breeze, 4 oz",3.0,2016-04-22 13:05:59-04
Avon,"Avon SKIN-SO-SOFT Bug Guard PLUS IR3535® Insect Repellent Moisturizing Lotion - SPF 30 Gentle Breeze, 4 oz",5.0,2015-10-27 21:08:18-04
Avon,"Avon SKIN-SO-SOFT Bug Guard PLUS IR3535® Insect Repellent Moisturizing Lotion - SPF 30 Gentle Breeze, 4 oz",5.0,2016-09-02 10:23:43-04
Avon,"Avon SKIN-SO-SOFT Bug Guard PLUS IR3535® Insect Repellent Moisturizing Lotion - SPF 30 Gentle Breeze, 4 oz",3.0,2017-07-10 12:51:01.032-04
eHouse,AC12 Ultrasonic Pest Repeller - Electronic Plug in Best Repellent - Pest Control - Get Rid of - Rodents Squirrels Mice Rats Insects - Roaches Spiders Fleas Bed Bugs Flies Ants Mosquitos Fruit Fly!,5.0,2020-07-11 07:51:02.641-04
eHouse,AC12g Ultrasonic Pest Repeller - Electronic Plug in Best Repellent - Pest Control - Get Rid of - Rodents Squirrels Rats Mice Insects - Roaches Spiders Mosquitos Fleas Fruit Fly Bed Bugs Flies Ants!,5.0,2020-07-05 14:12:32.035-04
Avon,"Avon SKIN-SO-SOFT Bug Guard PLUS IR3535® Insect Repellent Moisturizing Lotion - SPF 30 Gentle Breeze, 4 oz",4.0,2020-01-15 18:18:36.686-05
Avon,"Avon SKIN-SO-SOFT Bug Guard PLUS IR3535® Insect Repellent Moisturizing Lotion - SPF 30 Gentle Breeze, 4 oz",4.0,2016-04-29 19:34:54-04
eHouse,AC12g Ultrasonic Pest Repeller - Electronic Plug in Best Repellent - Pest Control - Get Rid of - Rodents Squirrels Rats Mice Insects - Roaches Spiders Mosquitos Fleas Fruit Fly Bed Bugs Flies Ants!,5.0,2020-06-28 16:40:30.522-04
SEALUXE,"SEALUXE Rodent Repellent Packs,Mouse Repellent,Peppermint Oil to Repel Mice, Mice Repellent Peppermint,Natural Rat Repellent,Pest Control,Insect Repellent with Peppermint Oil 8-Pack",4.0,2020-12-29 22:25:40.882-05
Avon,"Avon SKIN-SO-SOFT Bug Guard PLUS IR3535® Insect Repellent Moisturizing Lotion - SPF 30 Gentle Breeze, 4 oz",5.0,2020-11-10 22:51:29.952-05
Avon,"Avon SKIN-SO-SOFT Bug Guard PLUS IR3535® Insect Repellent Moisturizing Lotion - SPF 30 Gentle Breeze, 4 oz",5.0,2014-08-21 14:17:20-04
Avon,"Avon SKIN-SO-SOFT Bug Guard PLUS IR3535® Insect Repellent Moisturizing Lotion - SPF 30 Gentle Breeze, 4 oz",5.0,2013-11-01 20:44:31-04
Avon,"Avon SKIN-SO-SOFT Bug Guard PLUS IR3535® Insect Repellent Moisturizing Lotion - SPF 30 Gentle Breeze, 4 oz",5.0,2016-11-30 06:55:11-05
Avon,"Avon SKIN-SO-SOFT Bug Guard PLUS IR3535® Insect Repellent Moisturizing Lotion - SPF 30 Gentle Breeze, 4 oz",5.0,2016-10-01 19:17:47-04
Avon,"Avon SKIN-SO-SOFT Bug Guard PLUS IR3535® Insect Repellent Moisturizing Lotion - SPF 30 Gentle Breeze, 4 oz",5.0,2014-10-30 21:54:36-04
Avon,"Avon SKIN-SO-SOFT Bug Guard PLUS IR3535® Insect Repellent Moisturizing Lotion - SPF 30 Gentle Breeze, 4 oz",5.0,2019-09-29 15:36:00.496-04
Avon,"Avon SKIN-SO-SOFT Bug Guard PLUS IR3535® Insect Repellent Moisturizing Lotion - SPF 30 Gentle Breeze, 4 oz",4.0,2016-07-31 16:33:48-04
Grandpa Gus's,"Grandpa Gus's Extra-Strength Mouse Repellent Pouches + Potent Mouse Repellent Spray, Peppermint/Cinnamon Oils Repel Mouse From Home/RV, Boat/Car Storage & Machinery, 4 x 1.76oz Pouches + 1 x 8oz Spray",5.0,2020-06-08 18:00:11.028-04
Avon,"Avon SKIN-SO-SOFT Bug Guard PLUS IR3535® Insect Repellent Moisturizing Lotion - SPF 30 Gentle Breeze, 4 oz",5.0,2017-08-27 21:12:29.157-04
Avon,"Avon SKIN-SO-SOFT Bug Guard PLUS IR3535® Insect Repellent Moisturizing Lotion - SPF 30 Gentle Breeze, 4 oz",3.0,2017-08-24 00:18:47.981-04
Avon,"Avon SKIN-SO-SOFT Bug Guard PLUS IR3535® Insect Repellent Moisturizing Lotion - SPF 30 Gentle Breeze, 4 oz",5.0,2019-08-19 14:51:49.847-04
CHOMP!,"CHOMP! Shower Door Water Repellent: Healthier Home ShowerDoorMagic 6 in 1 Hard Water Stain Preventer for Glass, Fiberglass, Tile & More- Spot, Soap Scum, Calcium & Limescale Prevention 32 oz.",5.0,2021-04-12 15:26:43.882-04
Green Goo,"Green Goo Bugs Be Gone, All-Natural Essential Oil Tick, Fly & Insect Repellent, Safe to Spray On Skin, 4.5 Oz",5.0,2017-11-17 00:32:07.057-05
Avon,"Avon SKIN-SO-SOFT Bug Guard PLUS IR3535® Insect Repellent Moisturizing Lotion - SPF 30 Gentle Breeze, 4 oz",5.0,2018-07-06 15:08:51.504-04
Avon,"Avon SKIN-SO-SOFT Bug Guard PLUS IR3535® Insect Repellent Moisturizing Lotion - SPF 30 Gentle Breeze, 4 oz",5.0,2017-01-26 17:33:56-05
Natural Armor,Natural Armor Lizard & Gecko Repellent Spray - Powerful Peppermint Formulation Repels All Types of Lizards & Geckos and Works Better Than Ultrasonic Gimmicks – 128 fl oz - Gallon Ready to Use,1.0,2022-08-13 09:26:05.407-04
Avon,"Avon SKIN-SO-SOFT Bug Guard PLUS IR3535® Insect Repellent Moisturizing Lotion - SPF 30 Gentle Breeze, 4 oz",5.0,2017-08-02 13:37:09.19-04
Avon,"Avon SKIN-SO-SOFT Bug Guard PLUS IR3535® Insect Repellent Moisturizing Lotion - SPF 30 Gentle Breeze, 4 oz",1.0,2017-07-31 17:47:13.317-04
BestNest,Esschert Design Glass Fly Deterrent,5.0,2022-06-21 12:15:04.353-04
Avon,"Avon SKIN-SO-SOFT Bug Guard PLUS IR3535® Insect Repellent Moisturizing Lotion - SPF 30 Gentle Breeze, 4 oz",1.0,2016-08-25 18:46:59-04
Avon,"Avon SKIN-SO-SOFT Bug Guard PLUS IR3535® Insect Repellent Moisturizing Lotion - SPF 30 Gentle Breeze, 4 oz",5.0,2016-07-24 11:05:01-04
Avon,"Avon SKIN-SO-SOFT Bug Guard PLUS IR3535® Insect Repellent Moisturizing Lotion - SPF 30 Gentle Breeze, 4 oz",5.0,2013-01-09 12:55:28-05
Avon,"Avon SKIN-SO-SOFT Bug Guard PLUS IR3535® Insect Repellent Moisturizing Lotion - SPF 30 Gentle Breeze, 4 oz",5.0,2014-10-21 02:34:06-04
Avon,"Avon SKIN-SO-SOFT Bug Guard PLUS IR3535® Insect Repellent Moisturizing Lotion - SPF 30 Gentle Breeze, 4 oz",5.0,2020-08-07 19:34:52.505-04
Avon,"Avon SKIN-SO-SOFT Bug Guard PLUS IR3535® Insect Repellent Moisturizing Lotion - SPF 30 Gentle Breeze, 4 oz",5.0,2016-11-09 10:14:22-05
Avon,"Avon SKIN-SO-SOFT Bug Guard PLUS IR3535® Insect Repellent Moisturizing Lotion - SPF 30 Gentle Breeze, 4 oz",5.0,2022-09-16 14:17:34.989-04
SEALUXE,"SEALUXE Rodent Repellent Packs,Mouse Repellent,Peppermint Oil to Repel Mice, Mice Repellent Peppermint,Natural Rat Repellent,Pest Control,Insect Repellent with Peppermint Oil 8-Pack",1.0,2020-12-23 09:28:52.177-05
Avon,"Avon SKIN-SO-SOFT Bug Guard PLUS IR3535® Insect Repellent Moisturizing Lotion - SPF 30 Gentle Breeze, 4 oz",5.0,2015-06-27 06:10:28-04
SCHOME,"SCHOME Stainless Steel Bird Spikes Kit, 10 Pack (2.4Metre) Perfect Bird Gel Deterrent Easy to Install, Bird Deterrent Fence Spikes, Repels Pigeons, Crows and Seagulls",1.0,2018-06-06 10:16:05.486-04
Avon,"Avon SKIN-SO-SOFT Bug Guard PLUS IR3535® Insect Repellent Moisturizing Lotion - SPF 30 Gentle Breeze, 4 oz",5.0,2019-05-30 07:23:33.272-04
Avon,"Avon SKIN-SO-SOFT Bug Guard PLUS IR3535® Insect Repellent Moisturizing Lotion - SPF 30 Gentle Breeze, 4 oz",5.0,2015-06-25 14:04:19-04
Avon,"Avon SKIN-SO-SOFT Bug Guard PLUS IR3535® Insect Repellent Moisturizing Lotion - SPF 30 Gentle Breeze, 4 oz",4.0,2017-09-27 15:22:03.166-04
Avon,"Avon SKIN-SO-SOFT Bug Guard PLUS IR3535® Insect Repellent Moisturizing Lotion - SPF 30 Gentle Breeze, 4 oz",5.0,2016-08-14 06:33:49-04
Avon,"Avon SKIN-SO-SOFT Bug Guard PLUS IR3535® Insect Repellent Moisturizing Lotion - SPF 30 Gentle Breeze, 4 oz",2.0,2015-08-03 01:23:04-04
Avon,"Avon SKIN-SO-SOFT Bug Guard PLUS IR3535® Insect Repellent Moisturizing Lotion - SPF 30 Gentle Breeze, 4 oz",5.0,2016-10-14 14:45:12-04
HONGXIAN,Gopher Repeller Ultrasonic Solar Mole Repellent 4 Pack Solar Mole Repellent & Gopher Repellent Ultrasonic Solar Powered Waterproof for Yard & Garden,5.0,2022-12-15 12:57:10.904-05
HONGXIAN,Gopher Repeller Ultrasonic Solar Mole Repellent 4 Pack Solar Mole Repellent & Gopher Repellent Ultrasonic Solar Powered Waterproof for Yard & Garden,3.0,2022-12-05 00:02:56.96-05
eHouse,AC12g Ultrasonic Pest Repeller - Electronic Plug in Best Repellent - Pest Control - Get Rid of - Rodents Squirrels Rats Mice Insects - Roaches Spiders Mosquitos Fleas Fruit Fly Bed Bugs Flies Ants!,5.0,2020-07-08 10:09:50.286-04
Avon,"Avon SKIN-SO-SOFT Bug Guard PLUS IR3535® Insect Repellent Moisturizing Lotion - SPF 30 Gentle Breeze, 4 oz",5.0,2021-10-19 12:34:30.618-04
Avon,"Avon SKIN-SO-SOFT Bug Guard PLUS IR3535® Insect Repellent Moisturizing Lotion - SPF 30 Gentle Breeze, 4 oz",2.0,2020-09-01 22:23:58.943-04
Grandpa Gus's,"Grandpa Gus's Extra-Strength Mouse Repellent Pouches + Potent Mouse Repellent Spray, Peppermint/Cinnamon Oils Repel Mouse From Home/RV, Boat/Car Storage & Machinery, 4 x 1.76oz Pouches + 1 x 8oz Spray",4.0,2022-12-29 17:00:43.057-05
Avon,"Avon SKIN-SO-SOFT Bug Guard PLUS IR3535® Insect Repellent Moisturizing Lotion - SPF 30 Gentle Breeze, 4 oz",1.0,2013-06-01 23:54:28-04
Avon,"Avon SKIN-SO-SOFT Bug Guard PLUS IR3535® Insect Repellent Moisturizing Lotion - SPF 30 Gentle Breeze, 4 oz",2.0,2019-03-31 08:54:59.208-04
Avon,"Avon SKIN-SO-SOFT Bug Guard PLUS IR3535® Insect Repellent Moisturizing Lotion - SPF 30 Gentle Breeze, 4 oz",5.0,2018-10-18 10:19:20.161-04
Avon,"Avon SKIN-SO-SOFT Bug Guard PLUS IR3535® Insect Repellent Moisturizing Lotion - SPF 30 Gentle Breeze, 4 oz",5.0,2015-08-03 11:57:22-04
Avon,"Avon SKIN-SO-SOFT Bug Guard PLUS IR3535® Insect Repellent Moisturizing Lotion - SPF 30 Gentle Breeze, 4 oz",3.0,2017-08-30 10:25:20.07-04
Avon,"Avon SKIN-SO-SOFT Bug Guard PLUS IR3535® Insect Repellent Moisturizing Lotion - SPF 30 Gentle Breeze, 4 oz",3.0,2016-08-17 13:40:03-04
Avon,"Avon SKIN-SO-SOFT Bug Guard PLUS IR3535® Insect Repellent Moisturizing Lotion - SPF 30 Gentle Breeze, 4 oz",5.0,2017-08-14 09:56:26.361-04
Avon,"Avon SKIN-SO-SOFT Bug Guard PLUS IR3535® Insect Repellent Moisturizing Lotion - SPF 30 Gentle Breeze, 4 oz",5.0,2016-06-22 16:07:51-04
Avon,"Avon SKIN-SO-SOFT Bug Guard PLUS IR3535® Insect Repellent Moisturizing Lotion - SPF 30 Gentle Breeze, 4 oz",5.0,2017-10-07 08:22:42.801-04
Avon,"Avon SKIN-SO-SOFT Bug Guard PLUS IR3535® Insect Repellent Moisturizing Lotion - SPF 30 Gentle Breeze, 4 oz",5.0,2020-11-11 23:29:19.029-05
Ortho,Ortho Deer And Rabbit Concentrate Repellent 32 Oz,5.0,2018-02-22 16:20:43.003-05
Palmandpond,"Ultrasonic Pest Repeller 4 Packs, Electronic Plug in Sonic Repellent pest Control for Bugs Insects Mice Spiders Mosquitoes",3.0,2021-10-25 06:59:14.569-04
NATURAL OUST,NATURAL OUST Peppermint Oil Spider Repellent Spray - Eco Friendly Indoor Outdoor - Effective Spider Control,5.0,2021-08-24 22:48:05.734-04
Avon,"Avon SKIN-SO-SOFT Bug Guard PLUS IR3535® Insect Repellent Moisturizing Lotion - SPF 30 Gentle Breeze, 4 oz",5.0,2013-08-11 16:33:47-04
Avon,"Avon SKIN-SO-SOFT Bug Guard PLUS IR3535® Insect Repellent Moisturizing Lotion - SPF 30 Gentle Breeze, 4 oz",5.0,2018-07-28 11:05:52.038-04
Avon,"Avon SKIN-SO-SOFT Bug Guard PLUS IR3535® Insect Repellent Moisturizing Lotion - SPF 30 Gentle Breeze, 4 oz",5.0,2016-09-22 14:22:38-04
Avon,"Avon SKIN-SO-SOFT Bug Guard PLUS IR3535® Insect Repellent Moisturizing Lotion - SPF 30 Gentle Breeze, 4 oz",5.0,2018-08-11 00:53:29.237-04
Avon,"Avon SKIN-SO-SOFT Bug Guard PLUS IR3535® Insect Repellent Moisturizing Lotion - SPF 30 Gentle Breeze, 4 oz",5.0,2015-10-02 17:02:33-04
Avon,"Avon SKIN-SO-SOFT Bug Guard PLUS IR3535® Insect Repellent Moisturizing Lotion - SPF 30 Gentle Breeze, 4 oz",4.0,2014-02-18 08:48:13-05
Grandpa Gus's,"Grandpa Gus's Extra-Strength Mouse Repellent Pouches + Potent Mouse Repellent Spray, Peppermint/Cinnamon Oils Repel Mouse From Home/RV, Boat/Car Storage & Machinery, 4 x 1.76oz Pouches + 1 x 8oz Spray",4.0,2021-11-26 12:16:51.551-05
Sally's Organics,"10ml Organic Peppermint Essential Oil - Pure Therapeutic Grade - Works Best for Aromatherapy, Natural Soap, Shampoo, Hair, Lotion, Bath Melts, Body, Mice Repellent, and Air Freshener (Spray)",5.0,2019-11-01 22:33:58.607-04
Nature's MACE,"Nature's MACE Cat Repellent 1 Gallon Spray/Treats 3,000 Sq. Ft. / Keep Cat Out of Your Lawn and Garden/Train Your Cat to Stay Out of Bushes/Safe to use Around Children & Plants",3.0,2023-03-22 23:04:21.878-04
Avon,"Avon SKIN-SO-SOFT Bug Guard PLUS IR3535® Insect Repellent Moisturizing Lotion - SPF 30 Gentle Breeze, 4 oz",3.0,2018-02-12 11:44:14.089-05
Avon,"Avon SKIN-SO-SOFT Bug Guard PLUS IR3535® Insect Repellent Moisturizing Lotion - SPF 30 Gentle Breeze, 4 oz",5.0,2016-09-06 14:24:17-04
Avon,"Avon SKIN-SO-SOFT Bug Guard PLUS IR3535® Insect Repellent Moisturizing Lotion - SPF 30 Gentle Breeze, 4 oz",2.0,2017-08-20 13:34:13.86-04
Avon,"Avon SKIN-SO-SOFT Bug Guard PLUS IR3535® Insect Repellent Moisturizing Lotion - SPF 30 Gentle Breeze, 4 oz",5.0,2017-09-27 00:11:28.437-04
THUMB THUMB NO THUMB! NATURAL & SAFE FOR KIDS,Thumb Thumb NO THUMB natural dentist approved thumb sucking deterrent for kids,1.0,2019-09-16 10:22:03.075-04
Avon,"Avon SKIN-SO-SOFT Bug Guard PLUS IR3535® Insect Repellent Moisturizing Lotion - SPF 30 Gentle Breeze, 4 oz",5.0,2015-02-03 12:55:45-05
Avon,"Avon SKIN-SO-SOFT Bug Guard PLUS IR3535® Insect Repellent Moisturizing Lotion - SPF 30 Gentle Breeze, 4 oz",2.0,2014-11-05 10:37:57-05
Avon,"Avon SKIN-SO-SOFT Bug Guard PLUS IR3535® Insect Repellent Moisturizing Lotion - SPF 30 Gentle Breeze, 4 oz",5.0,2016-07-24 23:55:51-04
Avon,"Avon SKIN-SO-SOFT Bug Guard PLUS IR3535® Insect Repellent Moisturizing Lotion - SPF 30 Gentle Breeze, 4 oz",5.0,2013-09-11 09:29:28-04
Avon,"Avon SKIN-SO-SOFT Bug Guard PLUS IR3535® Insect Repellent Moisturizing Lotion - SPF 30 Gentle Breeze, 4 oz",3.0,2017-01-28 23:55:43-05
Natural Armor,Natural Armor Lizard & Gecko Repellent Spray - Powerful Peppermint Formulation Repels All Types of Lizards & Geckos and Works Better Than Ultrasonic Gimmicks – 128 fl oz - Gallon Ready to Use,1.0,2022-08-24 13:28:41.391-04
Avon,"Avon SKIN-SO-SOFT Bug Guard PLUS IR3535® Insect Repellent Moisturizing Lotion - SPF 30 Gentle Breeze, 4 oz",5.0,2016-07-18 19:12:08-04
Avon,"Avon SKIN-SO-SOFT Bug Guard PLUS IR3535® Insect Repellent Moisturizing Lotion - SPF 30 Gentle Breeze, 4 oz",5.0,2019-12-15 10:11:14.418-05
Avon,"Avon SKIN-SO-SOFT Bug Guard PLUS IR3535® Insect Repellent Moisturizing Lotion - SPF 30 Gentle Breeze, 4 oz",5.0,2017-09-10 20:42:20.469-04
Avon,"Avon SKIN-SO-SOFT Bug Guard PLUS IR3535® Insect Repellent Moisturizing Lotion - SPF 30 Gentle Breeze, 4 oz",5.0,2014-12-05 10:35:25-05
Natural Armor,Natural Armor Lizard & Gecko Repellent Spray - Powerful Peppermint Formulation Repels All Types of Lizards & Geckos and Works Better Than Ultrasonic Gimmicks – 128 fl oz - Gallon Ready to Use,1.0,2021-01-31 20:19:26.787-05
Whemoalus,"Whemoalus Squirrel Repellent Outdoor,4-Pack Natural Squirrel Repellent for Attic,Cars,Squirrel Deterrent for Garden,Squirrel Repellent for Plants,Mint Squirrel Repellent Indoor Safe Around Kid & Pets",1.0,2022-06-16 18:35:53.986-04
Avon,"Avon SKIN-SO-SOFT Bug Guard PLUS IR3535® Insect Repellent Moisturizing Lotion - SPF 30 Gentle Breeze, 4 oz",5.0,2018-09-25 16:54:38.849-04
Avon,"Avon SKIN-SO-SOFT Bug Guard PLUS IR3535® Insect Repellent Moisturizing Lotion - SPF 30 Gentle Breeze, 4 oz",5.0,2017-10-16 18:14:35.898-04
Avon,"Avon SKIN-SO-SOFT Bug Guard PLUS IR3535® Insect Repellent Moisturizing Lotion - SPF 30 Gentle Breeze, 4 oz",5.0,2014-10-05 09:49:15-04
Tender Ben's,Ben's 30% DEET Tick & Insect Repellent Wipes - 2 Pack,5.0,2014-11-10 19:13:16-05
Avon,"Avon SKIN-SO-SOFT Bug Guard PLUS IR3535® Insect Repellent Moisturizing Lotion - SPF 30 Gentle Breeze, 4 oz",3.0,2020-08-12 09:07:04.826-04
Avon,"Avon SKIN-SO-SOFT Bug Guard PLUS IR3535® Insect Repellent Moisturizing Lotion - SPF 30 Gentle Breeze, 4 oz",5.0,2017-11-10 16:29:22.596-05
Avon,"Avon SKIN-SO-SOFT Bug Guard PLUS IR3535® Insect Repellent Moisturizing Lotion - SPF 30 Gentle Breeze, 4 oz",5.0,2019-09-06 21:14:11.74-04
eHouse,AC12 Ultrasonic Pest Repeller - Electronic Plug in Best Repellent - Pest Control - Get Rid of - Rodents Squirrels Mice Rats Insects - Roaches Spiders Fleas Bed Bugs Flies Ants Mosquitos Fruit Fly!,4.0,2020-06-26 13:13:32.771-04
Avon,"Avon SKIN-SO-SOFT Bug Guard PLUS IR3535® Insect Repellent Moisturizing Lotion - SPF 30 Gentle Breeze, 4 oz",5.0,2016-12-07 13:45:44-05
Avon,"Avon SKIN-SO-SOFT Bug Guard PLUS IR3535® Insect Repellent Moisturizing Lotion - SPF 30 Gentle Breeze, 4 oz",5.0,2015-01-01 13:16:03-05
Avon,"Avon SKIN-SO-SOFT Bug Guard PLUS IR3535® Insect Repellent Moisturizing Lotion - SPF 30 Gentle Breeze, 4 oz",4.0,2015-08-25 17:10:08-04
Grandpa Gus's,"Grandpa Gus's Extra-Strength Mouse Repellent Pouches + Potent Mouse Repellent Spray, Peppermint/Cinnamon Oils Repel Mouse From Home/RV, Boat/Car Storage & Machinery, 4 x 1.76oz Pouches + 1 x 8oz Spray",5.0,2022-04-18 09:15:24.259-04
Natural Armor,Natural Armor Lizard & Gecko Repellent Spray - Powerful Peppermint Formulation Repels All Types of Lizards & Geckos and Works Better Than Ultrasonic Gimmicks – 128 fl oz - Gallon Ready to Use,1.0,2022-09-20 13:42:57.632-04
Avon,"Avon SKIN-SO-SOFT Bug Guard PLUS IR3535® Insect Repellent Moisturizing Lotion - SPF 30 Gentle Breeze, 4 oz",5.0,2019-01-08 17:10:08.693-05
Superband,Patriotic SUPERBAND Premiums - All Natural Mosquito Repellent Bracelets - Perfect for 4th of July! - No Messy Lotions or Sprays - Fast & Easy! 30 Day Money Back Guarantee (3),5.0,2016-05-18 20:25:37-04
Avon,"Avon SKIN-SO-SOFT Bug Guard PLUS IR3535® Insect Repellent Moisturizing Lotion - SPF 30 Gentle Breeze, 4 oz",5.0,2022-08-09 00:46:12.042-04
Avon,"Avon SKIN-SO-SOFT Bug Guard PLUS IR3535® Insect Repellent Moisturizing Lotion - SPF 30 Gentle Breeze, 4 oz",5.0,2016-08-24 20:40:00-04
eHouse,AC12g Ultrasonic Pest Repeller - Electronic Plug in Best Repellent - Pest Control - Get Rid of - Rodents Squirrels Rats Mice Insects - Roaches Spiders Mosquitos Fleas Fruit Fly Bed Bugs Flies Ants!,1.0,2020-10-03 18:25:47.773-04
Cutter,"Cutter Natural Fogger Insect Repellent, 3 pk./14 oz.each can",5.0,2017-11-06 06:18:04.061-05
Avon,"Avon SKIN-SO-SOFT Bug Guard PLUS IR3535® Insect Repellent Moisturizing Lotion - SPF 30 Gentle Breeze, 4 oz",5.0,2015-09-29 21:24:41-04
Avon,"Avon SKIN-SO-SOFT Bug Guard PLUS IR3535® Insect Repellent Moisturizing Lotion - SPF 30 Gentle Breeze, 4 oz",1.0,2019-03-28 20:45:34.913-04
Avon,"Avon SKIN-SO-SOFT Bug Guard PLUS IR3535® Insect Repellent Moisturizing Lotion - SPF 30 Gentle Breeze, 4 oz",5.0,2016-08-14 12:29:43-04
CHOMP!,"CHOMP! Shower Door Water Repellent: Healthier Home ShowerDoorMagic 6 in 1 Hard Water Stain Preventer for Glass, Fiberglass, Tile & More- Spot, Soap Scum, Calcium & Limescale Prevention 32 oz.",1.0,2022-04-20 09:48:41.54-04
Avon,"Avon SKIN-SO-SOFT Bug Guard PLUS IR3535® Insect Repellent Moisturizing Lotion - SPF 30 Gentle Breeze, 4 oz",5.0,2014-06-18 09:11:58-04
Grandpa Gus's,"Grandpa Gus's Extra-Strength Mouse Repellent Pouches + Potent Mouse Repellent Spray, Peppermint/Cinnamon Oils Repel Mouse From Home/RV, Boat/Car Storage & Machinery, 4 x 1.76oz Pouches + 1 x 8oz Spray",5.0,2020-10-24 11:21:37.171-04
Avon,"Avon SKIN-SO-SOFT Bug Guard PLUS IR3535® Insect Repellent Moisturizing Lotion - SPF 30 Gentle Breeze, 4 oz",5.0,2022-07-03 21:08:59.327-04
JNxcel Salon Products,"JNxcel Premium Quality Black Water Repellent & Stain Resistant All-Purpose Nylon/Polyester Fabric Hair Salon & Barber Hair Cutting, Shampoo & Chemical Cape with Snap Closure …",5.0,2017-09-27 14:07:02.329-04
Avon,"Avon SKIN-SO-SOFT Bug Guard PLUS IR3535® Insect Repellent Moisturizing Lotion - SPF 30 Gentle Breeze, 4 oz",5.0,2016-02-29 14:25:10-05
Avon,"Avon SKIN-SO-SOFT Bug Guard PLUS IR3535® Insect Repellent Moisturizing Lotion - SPF 30 Gentle Breeze, 4 oz",5.0,2015-02-07 14:27:33-05
Avon,"Avon SKIN-SO-SOFT Bug Guard PLUS IR3535® Insect Repellent Moisturizing Lotion - SPF 30 Gentle Breeze, 4 oz",5.0,2015-06-20 13:35:49-04
Natural Armor,Natural Armor Lizard & Gecko Repellent Spray - Powerful Peppermint Formulation Repels All Types of Lizards & Geckos and Works Better Than Ultrasonic Gimmicks – 128 fl oz - Gallon Ready to Use,2.0,2022-08-14 16:32:46.319-04
Green Goo,"Green Goo Bugs Be Gone, All-Natural Essential Oil Tick, Fly & Insect Repellent, Safe to Spray On Skin, 4.5 Oz",5.0,2017-12-11 09:41:06.353-05
Natural Armor,Natural Armor Lizard & Gecko Repellent Spray - Powerful Peppermint Formulation Repels All Types of Lizards & Geckos and Works Better Than Ultrasonic Gimmicks – 128 fl oz - Gallon Ready to Use,1.0,2021-06-19 14:35:10.965-04
Avon,"Avon SKIN-SO-SOFT Bug Guard PLUS IR3535® Insect Repellent Moisturizing Lotion - SPF 30 Gentle Breeze, 4 oz",5.0,2019-07-19 11:37:39.767-04
Avon,"Avon SKIN-SO-SOFT Bug Guard PLUS IR3535® Insect Repellent Moisturizing Lotion - SPF 30 Gentle Breeze, 4 oz",4.0,2015-05-09 14:27:19-04
ZGWJ,"4 Pack Ultrasonic Solar Mole Repeller, Pest Control Waterproof Solar Mole Deterrent & Repeller, Vole, Gopher, Snake for Outdoor Lawn Garden Yards",1.0,2021-06-06 23:13:38.093-04
Avon,"Avon SKIN-SO-SOFT Bug Guard PLUS IR3535® Insect Repellent Moisturizing Lotion - SPF 30 Gentle Breeze, 4 oz",5.0,2015-02-08 14:35:09-05
Avon,"Avon SKIN-SO-SOFT Bug Guard PLUS IR3535® Insect Repellent Moisturizing Lotion - SPF 30 Gentle Breeze, 4 oz",5.0,2014-11-27 22:37:30-05
Natural Armor,Natural Armor Lizard & Gecko Repellent Spray - Powerful Peppermint Formulation Repels All Types of Lizards & Geckos and Works Better Than Ultrasonic Gimmicks – 128 fl oz - Gallon Ready to Use,1.0,2022-08-02 18:30:05.989-04
Enoz,"Enoz No Zone, Refills for Animal Repellent Stations 16 Refill Bag - Twin - White",4.0,2021-04-01 14:51:05.692-04
Grandpa Gus's,"Grandpa Gus's Extra-Strength Mouse Repellent Pouches + Potent Mouse Repellent Spray, Peppermint/Cinnamon Oils Repel Mouse From Home/RV, Boat/Car Storage & Machinery, 4 x 1.76oz Pouches + 1 x 8oz Spray",1.0,2021-03-17 11:15:08.651-04
SEALUXE,"SEALUXE Rodent Repellent Packs,Mouse Repellent,Peppermint Oil to Repel Mice, Mice Repellent Peppermint,Natural Rat Repellent,Insect Repellent with Peppermint Oil 6-Pack",1.0,2021-01-15 11:15:11.495-05
Avon,"Avon SKIN-SO-SOFT Bug Guard PLUS IR3535® Insect Repellent Moisturizing Lotion - SPF 30 Gentle Breeze, 4 oz",5.0,2017-04-03 01:34:31-04
Avon,"Avon SKIN-SO-SOFT Bug Guard PLUS IR3535® Insect Repellent Moisturizing Lotion - SPF 30 Gentle Breeze, 4 oz",5.0,2017-01-16 10:43:41-05
Avon,"Avon SKIN-SO-SOFT Bug Guard PLUS IR3535® Insect Repellent Moisturizing Lotion - SPF 30 Gentle Breeze, 4 oz",5.0,2016-08-30 11:52:21-04
Avon,"Avon SKIN-SO-SOFT Bug Guard PLUS IR3535® Insect Repellent Moisturizing Lotion - SPF 30 Gentle Breeze, 4 oz",5.0,2016-07-28 12:42:15-04
Avon,"Avon SKIN-SO-SOFT Bug Guard PLUS IR3535® Insect Repellent Moisturizing Lotion - SPF 30 Gentle Breeze, 4 oz",5.0,2019-05-01 10:12:52.258-04
Avon,"Avon SKIN-SO-SOFT Bug Guard PLUS IR3535® Insect Repellent Moisturizing Lotion - SPF 30 Gentle Breeze, 4 oz",5.0,2016-09-26 14:13:36-04
CHOMP!,"CHOMP! Shower Door Water Repellent: Healthier Home ShowerDoorMagic 6 in 1 Hard Water Stain Preventer for Glass, Fiberglass, Tile & More- Spot, Soap Scum, Calcium & Limescale Prevention 32 oz.",2.0,2022-07-21 22:58:45.293-04
Avon,"Avon SKIN-SO-SOFT Bug Guard PLUS IR3535® Insect Repellent Moisturizing Lotion - SPF 30 Gentle Breeze, 4 oz",1.0,2019-01-03 23:47:32.308-05
Avon,"Avon SKIN-SO-SOFT Bug Guard PLUS IR3535® Insect Repellent Moisturizing Lotion - SPF 30 Gentle Breeze, 4 oz",3.0,2016-09-07 11:29:16-04
Avon,"Avon SKIN-SO-SOFT Bug Guard PLUS IR3535® Insect Repellent Moisturizing Lotion - SPF 30 Gentle Breeze, 4 oz",2.0,2016-01-28 16:08:37-05
Avon,"Avon SKIN-SO-SOFT Bug Guard PLUS IR3535® Insect Repellent Moisturizing Lotion - SPF 30 Gentle Breeze, 4 oz",5.0,2018-04-27 15:21:24.567-04
Avon,"Avon SKIN-SO-SOFT Bug Guard PLUS IR3535® Insect Repellent Moisturizing Lotion - SPF 30 Gentle Breeze, 4 oz",5.0,2015-02-25 19:32:30-05
Avon,"Avon SKIN-SO-SOFT Bug Guard PLUS IR3535® Insect Repellent Moisturizing Lotion - SPF 30 Gentle Breeze, 4 oz",5.0,2016-07-22 21:26:56-04
Natural Armor,Natural Armor Lizard & Gecko Repellent Spray - Powerful Peppermint Formulation Repels All Types of Lizards & Geckos and Works Better Than Ultrasonic Gimmicks – 128 fl oz - Gallon Ready to Use,2.0,2022-11-30 10:53:11.905-05
Natural Armor,Natural Armor Lizard & Gecko Repellent Spray - Powerful Peppermint Formulation Repels All Types of Lizards & Geckos and Works Better Than Ultrasonic Gimmicks – 128 fl oz - Gallon Ready to Use,2.0,2022-09-21 23:02:36.297-04
Avon,"Avon SKIN-SO-SOFT Bug Guard PLUS IR3535® Insect Repellent Moisturizing Lotion - SPF 30 Gentle Breeze, 4 oz",5.0,2016-06-21 11:04:28-04
wyewye,Mole Repellent Squirrel Repellent,1.0,2023-02-28 19:32:52.875-05
Avon,"Avon SKIN-SO-SOFT Bug Guard PLUS IR3535® Insect Repellent Moisturizing Lotion - SPF 30 Gentle Breeze, 4 oz",2.0,2017-07-10 18:44:31.283-04
Grandpa Gus's,"Grandpa Gus's Extra-Strength Mouse Repellent Pouches + Potent Mouse Repellent Spray, Peppermint/Cinnamon Oils Repel Mouse From Home/RV, Boat/Car Storage & Machinery, 4 x 1.76oz Pouches + 1 x 8oz Spray",3.0,2020-12-04 12:38:29.867-05
Natural Armor,Natural Armor Lizard & Gecko Repellent Spray - Powerful Peppermint Formulation Repels All Types of Lizards & Geckos and Works Better Than Ultrasonic Gimmicks – 128 fl oz - Gallon Ready to Use,1.0,2022-04-05 09:57:16.087-04
Avon,"Avon SKIN-SO-SOFT Bug Guard PLUS IR3535® Insect Repellent Moisturizing Lotion - SPF 30 Gentle Breeze, 4 oz",5.0,2017-01-03 17:23:29-05
Avon,"Avon SKIN-SO-SOFT Bug Guard PLUS IR3535® Insect Repellent Moisturizing Lotion - SPF 30 Gentle Breeze, 4 oz",5.0,2022-11-25 15:04:24.333-05
Avon,"Avon SKIN-SO-SOFT Bug Guard PLUS IR3535® Insect Repellent Moisturizing Lotion - SPF 30 Gentle Breeze, 4 oz",1.0,2022-05-06 22:33:03.35-04
Green Goo,"Green Goo Bugs Be Gone, All-Natural Essential Oil Tick, Fly & Insect Repellent, Safe to Spray On Skin, 4.5 Oz",4.0,2022-07-21 20:06:37.411-04
Avon,"Avon SKIN-SO-SOFT Bug Guard PLUS IR3535® Insect Repellent Moisturizing Lotion - SPF 30 Gentle Breeze, 4 oz",5.0,2016-03-24 11:47:38-04
Natural Armor,Natural Armor Lizard & Gecko Repellent Spray - Powerful Peppermint Formulation Repels All Types of Lizards & Geckos and Works Better Than Ultrasonic Gimmicks – 128 fl oz - Gallon Ready to Use,5.0,2022-07-23 17:46:54.308-04
Avon,"Avon SKIN-SO-SOFT Bug Guard PLUS IR3535® Insect Repellent Moisturizing Lotion - SPF 30 Gentle Breeze, 4 oz",5.0,2016-07-05 07:22:44-04
Avon,"Avon SKIN-SO-SOFT Bug Guard PLUS IR3535® Insect Repellent Moisturizing Lotion - SPF 30 Gentle Breeze, 4 oz",5.0,2020-01-26 21:11:41.793-05
Avon,"Avon SKIN-SO-SOFT Bug Guard PLUS IR3535® Insect Repellent Moisturizing Lotion - SPF 30 Gentle Breeze, 4 oz",1.0,2022-11-27 13:35:47.22-05
Avon,"Avon SKIN-SO-SOFT Bug Guard PLUS IR3535® Insect Repellent Moisturizing Lotion - SPF 30 Gentle Breeze, 4 oz",3.0,2017-09-26 23:28:27.346-04
Avon,"Avon SKIN-SO-SOFT Bug Guard PLUS IR3535® Insect Repellent Moisturizing Lotion - SPF 30 Gentle Breeze, 4 oz",5.0,2018-01-31 19:44:12.542-05
Avon,"Avon SKIN-SO-SOFT Bug Guard PLUS IR3535® Insect Repellent Moisturizing Lotion - SPF 30 Gentle Breeze, 4 oz",4.0,2017-09-14 18:29:25.02-04
Avon,"Avon SKIN-SO-SOFT Bug Guard PLUS IR3535® Insect Repellent Moisturizing Lotion - SPF 30 Gentle Breeze, 4 oz",4.0,2016-10-05 14:36:14-04
Avon,"Avon SKIN-SO-SOFT Bug Guard PLUS IR3535® Insect Repellent Moisturizing Lotion - SPF 30 Gentle Breeze, 4 oz",5.0,2016-09-05 20:38:44-04
Avon,"Avon SKIN-SO-SOFT Bug Guard PLUS IR3535® Insect Repellent Moisturizing Lotion - SPF 30 Gentle Breeze, 4 oz",2.0,2016-10-13 22:37:23-04
Avon,"Avon SKIN-SO-SOFT Bug Guard PLUS IR3535® Insect Repellent Moisturizing Lotion - SPF 30 Gentle Breeze, 4 oz",1.0,2017-09-07 12:01:40.765-04
Avon,"Avon SKIN-SO-SOFT Bug Guard PLUS IR3535® Insect Repellent Moisturizing Lotion - SPF 30 Gentle Breeze, 4 oz",4.0,2015-05-08 16:21:03-04
Nature's MACE,"Nature's MACE Cat Repellent 1 Gallon Spray/Treats 3,000 Sq. Ft. / Keep Cat Out of Your Lawn and Garden/Train Your Cat to Stay Out of Bushes/Safe to use Around Children & Plants",5.0,2023-04-08 13:24:47.981-04
Avon,"Avon SKIN-SO-SOFT Bug Guard PLUS IR3535® Insect Repellent Moisturizing Lotion - SPF 30 Gentle Breeze, 4 oz",4.0,2015-03-07 16:51:32-05
Cutter,"Cutter Natural Fogger Insect Repellent, 3 pk./14 oz.each can",5.0,2019-12-25 13:31:45.134-05
Avon,"Avon SKIN-SO-SOFT Bug Guard PLUS IR3535® Insect Repellent Moisturizing Lotion - SPF 30 Gentle Breeze, 4 oz",5.0,2015-01-18 17:29:50-05
Avon,"Avon SKIN-SO-SOFT Bug Guard PLUS IR3535® Insect Repellent Moisturizing Lotion - SPF 30 Gentle Breeze, 4 oz",5.0,2021-11-12 20:21:34.787-05
eHouse,AC12g Ultrasonic Pest Repeller - Electronic Plug in Best Repellent - Pest Control - Get Rid of - Rodents Squirrels Rats Mice Insects - Roaches Spiders Mosquitos Fleas Fruit Fly Bed Bugs Flies Ants!,5.0,2020-07-12 19:56:00.408-04
Avon,"Avon SKIN-SO-SOFT Bug Guard PLUS IR3535® Insect Repellent Moisturizing Lotion - SPF 30 Gentle Breeze, 4 oz",5.0,2014-09-15 08:25:35-04
Avon,"Avon SKIN-SO-SOFT Bug Guard PLUS IR3535® Insect Repellent Moisturizing Lotion - SPF 30 Gentle Breeze, 4 oz",5.0,2017-10-25 14:03:08.164-04
Avon,"Avon SKIN-SO-SOFT Bug Guard PLUS IR3535® Insect Repellent Moisturizing Lotion - SPF 30 Gentle Breeze, 4 oz",5.0,2016-06-19 08:28:58-04
Avon,"Avon SKIN-SO-SOFT Bug Guard PLUS IR3535® Insect Repellent Moisturizing Lotion - SPF 30 Gentle Breeze, 4 oz",5.0,2015-08-20 21:22:01-04
Avon,"Avon SKIN-SO-SOFT Bug Guard PLUS IR3535® Insect Repellent Moisturizing Lotion - SPF 30 Gentle Breeze, 4 oz",5.0,2019-06-27 15:53:39.34-04
Avon,"Avon SKIN-SO-SOFT Bug Guard PLUS IR3535® Insect Repellent Moisturizing Lotion - SPF 30 Gentle Breeze, 4 oz",5.0,2020-02-11 16:07:04.093-05
Grandpa Gus's,"Grandpa Gus's Extra-Strength Mouse Repellent Pouches + Potent Mouse Repellent Spray, Peppermint/Cinnamon Oils Repel Mouse From Home/RV, Boat/Car Storage & Machinery, 4 x 1.76oz Pouches + 1 x 8oz Spray",1.0,2020-12-30 11:53:17.828-05
Avon,"Avon SKIN-SO-SOFT Bug Guard PLUS IR3535® Insect Repellent Moisturizing Lotion - SPF 30 Gentle Breeze, 4 oz",3.0,2016-09-13 17:27:49-04
Avon,"Avon SKIN-SO-SOFT Bug Guard PLUS IR3535® Insect Repellent Moisturizing Lotion - SPF 30 Gentle Breeze, 4 oz",5.0,2017-08-13 11:59:36.308-04
Avon,"Avon SKIN-SO-SOFT Bug Guard PLUS IR3535® Insect Repellent Moisturizing Lotion - SPF 30 Gentle Breeze, 4 oz",5.0,2014-12-20 11:20:03-05
Avon,"Avon SKIN-SO-SOFT Bug Guard PLUS IR3535® Insect Repellent Moisturizing Lotion - SPF 30 Gentle Breeze, 4 oz",5.0,2014-12-04 15:49:55-05
Grandpa Gus's,"Grandpa Gus's Extra-Strength Mouse Repellent Pouches + Potent Mouse Repellent Spray, Peppermint/Cinnamon Oils Repel Mouse From Home/RV, Boat/Car Storage & Machinery, 4 x 1.76oz Pouches + 1 x 8oz Spray",5.0,2022-05-30 15:55:35.919-04
SUAVEC,"SUAVEC Deer Repellent for Plant, Deer and Rabbit Repellent, Deer Deterrent for Garden and Lawn, Outdoor Deer Repellant Yard, Deer Repellant, Repel Deer Away",5.0,2021-11-02 22:32:59.118-04
Avon,"Avon SKIN-SO-SOFT Bug Guard PLUS IR3535® Insect Repellent Moisturizing Lotion - SPF 30 Gentle Breeze, 4 oz",5.0,2016-08-29 11:43:43-04
Avon,"Avon SKIN-SO-SOFT Bug Guard PLUS IR3535® Insect Repellent Moisturizing Lotion - SPF 30 Gentle Breeze, 4 oz",5.0,2017-07-27 10:07:13.475-04
Grandpa Gus's,"Grandpa Gus's Extra-Strength Mouse Repellent Pouches + Potent Mouse Repellent Spray, Peppermint/Cinnamon Oils Repel Mouse From Home/RV, Boat/Car Storage & Machinery, 4 x 1.76oz Pouches + 1 x 8oz Spray",5.0,2022-08-23 10:12:07.976-04
Avon,"Avon SKIN-SO-SOFT Bug Guard PLUS IR3535® Insect Repellent Moisturizing Lotion - SPF 30 Gentle Breeze, 4 oz",5.0,2019-10-12 07:30:46.198-04
Avon,"Avon SKIN-SO-SOFT Bug Guard PLUS IR3535® Insect Repellent Moisturizing Lotion - SPF 30 Gentle Breeze, 4 oz",5.0,2015-08-09 16:36:53-04
Avon,"Avon SKIN-SO-SOFT Bug Guard PLUS IR3535® Insect Repellent Moisturizing Lotion - SPF 30 Gentle Breeze, 4 oz",5.0,2021-12-24 19:25:42.946-05
NATURAL OUST,NATURAL OUST Peppermint Oil Spider Repellent Spray - Eco Friendly Indoor Outdoor - Effective Spider Control,1.0,2021-05-26 18:41:30.858-04
Grandpa Gus's,"Grandpa Gus's Extra-Strength Mouse Repellent Pouches + Potent Mouse Repellent Spray, Peppermint/Cinnamon Oils Repel Mouse From Home/RV, Boat/Car Storage & Machinery, 4 x 1.76oz Pouches + 1 x 8oz Spray",5.0,2021-02-02 09:01:08.338-05
Natural Armor,Natural Armor Lizard & Gecko Repellent Spray - Powerful Peppermint Formulation Repels All Types of Lizards & Geckos and Works Better Than Ultrasonic Gimmicks – 128 fl oz - Gallon Ready to Use,5.0,2021-08-18 07:21:14.287-04
Avon,"Avon SKIN-SO-SOFT Bug Guard PLUS IR3535® Insect Repellent Moisturizing Lotion - SPF 30 Gentle Breeze, 4 oz",4.0,2013-06-23 15:52:41-04
Avon,"Avon SKIN-SO-SOFT Bug Guard PLUS IR3535® Insect Repellent Moisturizing Lotion - SPF 30 Gentle Breeze, 4 oz",5.0,2015-04-23 13:24:58-04
Grandpa Gus's,"Grandpa Gus's Extra-Strength Mouse Repellent Pouches + Potent Mouse Repellent Spray, Peppermint/Cinnamon Oils Repel Mouse From Home/RV, Boat/Car Storage & Machinery, 4 x 1.76oz Pouches + 1 x 8oz Spray",1.0,2022-12-30 16:01:34.709-05
Avon,"Avon SKIN-SO-SOFT Bug Guard PLUS IR3535® Insect Repellent Moisturizing Lotion - SPF 30 Gentle Breeze, 4 oz",4.0,2016-06-16 15:40:43-04
Grandpa Gus's,"Grandpa Gus's Extra-Strength Mouse Repellent Pouches + Potent Mouse Repellent Spray, Peppermint/Cinnamon Oils Repel Mouse From Home/RV, Boat/Car Storage & Machinery, 4 x 1.76oz Pouches + 1 x 8oz Spray",4.0,2022-03-13 21:33:58.307-04
Avon,"Avon SKIN-SO-SOFT Bug Guard PLUS IR3535® Insect Repellent Moisturizing Lotion - SPF 30 Gentle Breeze, 4 oz",5.0,2020-07-05 14:30:43.635-04
Avon,"Avon SKIN-SO-SOFT Bug Guard PLUS IR3535® Insect Repellent Moisturizing Lotion - SPF 30 Gentle Breeze, 4 oz",5.0,2013-09-17 11:37:32-04
Avon,"Avon SKIN-SO-SOFT Bug Guard PLUS IR3535® Insect Repellent Moisturizing Lotion - SPF 30 Gentle Breeze, 4 oz",2.0,2016-05-25 07:51:10-04
CHOMP!,"CHOMP! Shower Door Water Repellent: Healthier Home ShowerDoorMagic 6 in 1 Hard Water Stain Preventer for Glass, Fiberglass, Tile & More- Spot, Soap Scum, Calcium & Limescale Prevention 32 oz.",2.0,2021-10-07 11:06:39.749-04
Barber Strong,"Barber Strong The Barber Apron, Black, Hair Repellent, Ultra Lightweight",5.0,2020-03-10 20:52:07.636-04
eHouse,AC12g Ultrasonic Pest Repeller - Electronic Plug in Best Repellent - Pest Control - Get Rid of - Rodents Squirrels Rats Mice Insects - Roaches Spiders Mosquitos Fleas Fruit Fly Bed Bugs Flies Ants!,1.0,2020-07-16 02:26:02.762-04
Avon,"Avon SKIN-SO-SOFT Bug Guard PLUS IR3535® Insect Repellent Moisturizing Lotion - SPF 30 Gentle Breeze, 4 oz",5.0,2016-08-16 02:25:43-04
Avon,"Avon SKIN-SO-SOFT Bug Guard PLUS IR3535® Insect Repellent Moisturizing Lotion - SPF 30 Gentle Breeze, 4 oz",5.0,2018-05-24 05:08:05.323-04
Tender Ben's,Ben's 30% DEET Tick & Insect Repellent Wipes - 2 Pack,5.0,2014-07-02 10:19:07-04
Avon,"Avon SKIN-SO-SOFT Bug Guard PLUS IR3535® Insect Repellent Moisturizing Lotion - SPF 30 Gentle Breeze, 4 oz",5.0,2017-09-11 16:32:15.057-04
Natural Armor,Natural Armor Lizard & Gecko Repellent Spray - Powerful Peppermint Formulation Repels All Types of Lizards & Geckos and Works Better Than Ultrasonic Gimmicks – 128 fl oz - Gallon Ready to Use,5.0,2021-02-08 16:16:32.915-05
Natural Armor,Natural Armor Lizard & Gecko Repellent Spray - Powerful Peppermint Formulation Repels All Types of Lizards & Geckos and Works Better Than Ultrasonic Gimmicks – 128 fl oz - Gallon Ready to Use,1.0,2022-09-19 06:02:34.319-04
Avon,"Avon SKIN-SO-SOFT Bug Guard PLUS IR3535® Insect Repellent Moisturizing Lotion - SPF 30 Gentle Breeze, 4 oz",4.0,2017-08-07 06:14:17.779-04
Grandpa Gus's,"Grandpa Gus's Extra-Strength Mouse Repellent Pouches + Potent Mouse Repellent Spray, Peppermint/Cinnamon Oils Repel Mouse From Home/RV, Boat/Car Storage & Machinery, 4 x 1.76oz Pouches + 1 x 8oz Spray",3.0,2020-07-21 16:08:34.34-04
Avon,"Avon SKIN-SO-SOFT Bug Guard PLUS IR3535® Insect Repellent Moisturizing Lotion - SPF 30 Gentle Breeze, 4 oz",5.0,2014-10-15 08:39:27-04
Avon,"Avon SKIN-SO-SOFT Bug Guard PLUS IR3535® Insect Repellent Moisturizing Lotion - SPF 30 Gentle Breeze, 4 oz",3.0,2014-08-14 08:19:41-04
Wilkins,"Wilkins 5 Pieces Reusable, Washable and Liquid Repellent Unisex Black Cotton Face Masks for Adult.",1.0,2020-10-20 08:31:59.23-04
NATURAL OUST,NATURAL OUST Peppermint Oil Spider Repellent Spray - Eco Friendly Indoor Outdoor - Effective Spider Control,5.0,2021-10-12 10:01:00.157-04
Avon,"Avon SKIN-SO-SOFT Bug Guard PLUS IR3535® Insect Repellent Moisturizing Lotion - SPF 30 Gentle Breeze, 4 oz",5.0,2022-11-02 19:18:23.358-04
Avon,"Avon SKIN-SO-SOFT Bug Guard PLUS IR3535® Insect Repellent Moisturizing Lotion - SPF 30 Gentle Breeze, 4 oz",5.0,2016-09-17 07:40:35-04
Grandpa Gus's,"Grandpa Gus's Extra-Strength Mouse Repellent Pouches + Potent Mouse Repellent Spray, Peppermint/Cinnamon Oils Repel Mouse From Home/RV, Boat/Car Storage & Machinery, 4 x 1.76oz Pouches + 1 x 8oz Spray",4.0,2021-12-30 05:21:38.515-05
Avon,"Avon SKIN-SO-SOFT Bug Guard PLUS IR3535® Insect Repellent Moisturizing Lotion - SPF 30 Gentle Breeze, 4 oz",2.0,2021-12-06 17:44:51.928-05
Avon,"Avon SKIN-SO-SOFT Bug Guard PLUS IR3535® Insect Repellent Moisturizing Lotion - SPF 30 Gentle Breeze, 4 oz",5.0,2019-05-28 14:42:00-04
Whemoalus,"Whemoalus Squirrel Repellent Outdoor,4-Pack Natural Squirrel Repellent for Attic,Cars,Squirrel Deterrent for Garden,Squirrel Repellent for Plants,Mint Squirrel Repellent Indoor Safe Around Kid & Pets",1.0,2022-05-29 10:06:52.06-04
Natural Armor,Natural Armor Lizard & Gecko Repellent Spray - Powerful Peppermint Formulation Repels All Types of Lizards & Geckos and Works Better Than Ultrasonic Gimmicks – 128 fl oz - Gallon Ready to Use,5.0,2022-08-31 08:40:29.501-04
Tender Ben's,Ben's 30% DEET Tick & Insect Repellent Wipes - 2 Pack,5.0,2019-10-21 09:49:36.925-04
Avon,"Avon SKIN-SO-SOFT Bug Guard PLUS IR3535® Insect Repellent Moisturizing Lotion - SPF 30 Gentle Breeze, 4 oz",5.0,2015-07-22 16:03:00-04
Green Goo,"Green Goo Bugs Be Gone, All-Natural Essential Oil Tick, Fly & Insect Repellent, Safe to Spray On Skin, 4.5 Oz",3.0,2021-08-04 22:17:05.71-04
NATURAL OUST,NATURAL OUST Peppermint Oil Spider Repellent Spray - Eco Friendly Indoor Outdoor - Effective Spider Control,5.0,2021-03-12 18:21:07.895-05
Avon,"Avon SKIN-SO-SOFT Bug Guard PLUS IR3535® Insect Repellent Moisturizing Lotion - SPF 30 Gentle Breeze, 4 oz",1.0,2018-07-06 20:47:12.254-04
Avon,"Avon SKIN-SO-SOFT Bug Guard PLUS IR3535® Insect Repellent Moisturizing Lotion - SPF 30 Gentle Breeze, 4 oz",1.0,2014-10-17 08:46:35-04
Avon,"Avon SKIN-SO-SOFT Bug Guard PLUS IR3535® Insect Repellent Moisturizing Lotion - SPF 30 Gentle Breeze, 4 oz",4.0,2015-02-06 18:15:07-05
Cutter,"Cutter Natural Fogger Insect Repellent, 3 pk./14 oz.each can",5.0,2017-07-16 16:26:05.226-04
Avon,"Avon SKIN-SO-SOFT Bug Guard PLUS IR3535® Insect Repellent Moisturizing Lotion - SPF 30 Gentle Breeze, 4 oz",5.0,2018-04-18 07:56:48.7-04
Whemoalus,"Whemoalus Squirrel Repellent Outdoor,4-Pack Natural Squirrel Repellent for Attic,Cars,Squirrel Deterrent for Garden,Squirrel Repellent for Plants,Mint Squirrel Repellent Indoor Safe Around Kid & Pets",4.0,2022-07-21 19:01:13.506-04
Avon,"Avon SKIN-SO-SOFT Bug Guard PLUS IR3535® Insect Repellent Moisturizing Lotion - SPF 30 Gentle Breeze, 4 oz",5.0,2016-08-15 01:12:03-04
Avon,"Avon SKIN-SO-SOFT Bug Guard PLUS IR3535® Insect Repellent Moisturizing Lotion - SPF 30 Gentle Breeze, 4 oz",3.0,2017-07-15 21:18:40.227-04
Avon,"Avon SKIN-SO-SOFT Bug Guard PLUS IR3535® Insect Repellent Moisturizing Lotion - SPF 30 Gentle Breeze, 4 oz",1.0,2016-02-21 15:08:45-05
wyewye,"Mole Trap Mole Killer 8 Pack Mole Repellent Solar Powered Snake Repellent Squirrel Gopher Repellent Ultrasonic Rodent Repellent and Deterrent for Chasing Mole,Mouse,Snake,Squirrel",5.0,2022-06-27 17:00:09.291-04
NATURAL OUST,NATURAL OUST Peppermint Oil Spider Repellent Spray - Eco Friendly Indoor Outdoor - Effective Spider Control,5.0,2021-08-09 15:59:38.447-04
Avon,"Avon SKIN-SO-SOFT Bug Guard PLUS IR3535® Insect Repellent Moisturizing Lotion - SPF 30 Gentle Breeze, 4 oz",2.0,2021-12-03 22:25:29.93-05
Avon,"Avon SKIN-SO-SOFT Bug Guard PLUS IR3535® Insect Repellent Moisturizing Lotion - SPF 30 Gentle Breeze, 4 oz",5.0,2020-08-20 12:56:11.861-04
Avon,"Avon SKIN-SO-SOFT Bug Guard PLUS IR3535® Insect Repellent Moisturizing Lotion - SPF 30 Gentle Breeze, 4 oz",1.0,2016-07-21 07:47:34-04
Avon,"Avon SKIN-SO-SOFT Bug Guard PLUS IR3535® Insect Repellent Moisturizing Lotion - SPF 30 Gentle Breeze, 4 oz",1.0,2020-05-17 15:39:02.097-04
Avon,"Avon SKIN-SO-SOFT Bug Guard PLUS IR3535® Insect Repellent Moisturizing Lotion - SPF 30 Gentle Breeze, 4 oz",2.0,2017-06-30 12:35:45.408-04
Avon,"Avon SKIN-SO-SOFT Bug Guard PLUS IR3535® Insect Repellent Moisturizing Lotion - SPF 30 Gentle Breeze, 4 oz",1.0,2014-06-24 12:34:05-04
Avon,"Avon SKIN-SO-SOFT Bug Guard PLUS IR3535® Insect Repellent Moisturizing Lotion - SPF 30 Gentle Breeze, 4 oz",5.0,2015-02-19 12:40:27-05
Avon,"Avon SKIN-SO-SOFT Bug Guard PLUS IR3535® Insect Repellent Moisturizing Lotion - SPF 30 Gentle Breeze, 4 oz",5.0,2016-12-05 19:32:58-05
Avon,"Avon SKIN-SO-SOFT Bug Guard PLUS IR3535® Insect Repellent Moisturizing Lotion - SPF 30 Gentle Breeze, 4 oz",1.0,2021-04-23 13:57:55.899-04
Avon,"Avon SKIN-SO-SOFT Bug Guard PLUS IR3535® Insect Repellent Moisturizing Lotion - SPF 30 Gentle Breeze, 4 oz",5.0,2016-12-09 18:31:07-05
Avon,"Avon SKIN-SO-SOFT Bug Guard PLUS IR3535® Insect Repellent Moisturizing Lotion - SPF 30 Gentle Breeze, 4 oz",5.0,2020-07-04 00:44:06.852-04
Solere,"Solar powered Mole repellent, ultrasonic Pest repellers. Sonic Gopher repeller outdoor Vole, Chipmunk, Snake repeller, Garden repeller, Pet safe. 4pcs",5.0,2021-06-10 16:01:13.082-04
Avon,"Avon SKIN-SO-SOFT Bug Guard PLUS IR3535® Insect Repellent Moisturizing Lotion - SPF 30 Gentle Breeze, 4 oz",5.0,2022-03-20 17:26:17.584-04
Avon,"Avon SKIN-SO-SOFT Bug Guard PLUS IR3535® Insect Repellent Moisturizing Lotion - SPF 30 Gentle Breeze, 4 oz",5.0,2019-06-05 07:32:05.161-04
Grandpa Gus's,"Grandpa Gus's Extra-Strength Mouse Repellent Pouches + Potent Mouse Repellent Spray, Peppermint/Cinnamon Oils Repel Mouse From Home/RV, Boat/Car Storage & Machinery, 4 x 1.76oz Pouches + 1 x 8oz Spray",1.0,2023-03-09 13:43:54.363-05
Avon,"Avon SKIN-SO-SOFT Bug Guard PLUS IR3535® Insect Repellent Moisturizing Lotion - SPF 30 Gentle Breeze, 4 oz",1.0,2015-07-11 13:25:25-04
Avon,"Avon SKIN-SO-SOFT Bug Guard PLUS IR3535® Insect Repellent Moisturizing Lotion - SPF 30 Gentle Breeze, 4 oz",3.0,2017-03-10 09:44:06-05
Avon,"Avon SKIN-SO-SOFT Bug Guard PLUS IR3535® Insect Repellent Moisturizing Lotion - SPF 30 Gentle Breeze, 4 oz",5.0,2015-08-04 13:37:35-04
eHouse,AC12g Ultrasonic Pest Repeller - Electronic Plug in Best Repellent - Pest Control - Get Rid of - Rodents Squirrels Rats Mice Insects - Roaches Spiders Mosquitos Fleas Fruit Fly Bed Bugs Flies Ants!,2.0,2020-09-15 10:12:47.4-04
Cutter,"Cutter Natural Fogger Insect Repellent, 3 pk./14 oz.each can",1.0,2018-09-03 22:45:08.174-04
MouseBlocker,"MouseBlocker 1000x Powerful Plug-in Ultrasonic Mouse and Rodent Deterrent for Buildings, Garages, Attics and More. Works with All Rodents. Ultrasonic Rodent Repeller",2.0,2022-07-28 13:43:34.014-04
Avon,"Avon SKIN-SO-SOFT Bug Guard PLUS IR3535® Insect Repellent Moisturizing Lotion - SPF 30 Gentle Breeze, 4 oz",5.0,2017-09-15 02:10:26.593-04
Avon,"Avon SKIN-SO-SOFT Bug Guard PLUS IR3535® Insect Repellent Moisturizing Lotion - SPF 30 Gentle Breeze, 4 oz",5.0,2016-06-27 07:57:29-04
Avon,"Avon SKIN-SO-SOFT Bug Guard PLUS IR3535® Insect Repellent Moisturizing Lotion - SPF 30 Gentle Breeze, 4 oz",5.0,2014-06-17 13:30:46-04
Avon,"Avon SKIN-SO-SOFT Bug Guard PLUS IR3535® Insect Repellent Moisturizing Lotion - SPF 30 Gentle Breeze, 4 oz",5.0,2019-10-17 16:22:07.817-04
Avon,"Avon SKIN-SO-SOFT Bug Guard PLUS IR3535® Insect Repellent Moisturizing Lotion - SPF 30 Gentle Breeze, 4 oz",5.0,2018-05-20 12:02:40.481-04
BuggyBands,"6 Pack Mosquito Repellent Bracelets, Natural and Waterproof Wrist Bands for Adults, Kids, Pets - [Individually Wrapped], Travel Protection Outdoor – Indoor",2.0,2020-07-06 21:02:02.801-04
Avon,"Avon SKIN-SO-SOFT Bug Guard PLUS IR3535® Insect Repellent Moisturizing Lotion - SPF 30 Gentle Breeze, 4 oz",2.0,2020-07-18 18:00:46.22-04
Avon,"Avon SKIN-SO-SOFT Bug Guard PLUS IR3535® Insect Repellent Moisturizing Lotion - SPF 30 Gentle Breeze, 4 oz",5.0,2015-10-26 18:37:32-04
Avon,"Avon SKIN-SO-SOFT Bug Guard PLUS IR3535® Insect Repellent Moisturizing Lotion - SPF 30 Gentle Breeze, 4 oz",5.0,2022-11-08 14:19:51.51-05
Avon,"Avon SKIN-SO-SOFT Bug Guard PLUS IR3535® Insect Repellent Moisturizing Lotion - SPF 30 Gentle Breeze, 4 oz",5.0,2016-08-04 21:13:14-04
Avon,"Avon SKIN-SO-SOFT Bug Guard PLUS IR3535® Insect Repellent Moisturizing Lotion - SPF 30 Gentle Breeze, 4 oz",4.0,2015-07-27 19:12:05-04
JNxcel Salon Products,JNxcel Premium Quality Water Repellent Nylon/Polyester Fabric Hair Salon & Barber Hair Cutting & Shampoo Cape with Snap Closure (Silver Slate) …,5.0,2020-07-24 19:53:28.944-04
Avon,"Avon SKIN-SO-SOFT Bug Guard PLUS IR3535® Insect Repellent Moisturizing Lotion - SPF 30 Gentle Breeze, 4 oz",4.0,2016-10-11 17:06:46-04
Green Goo,"Green Goo Bugs Be Gone, All-Natural Essential Oil Tick, Fly & Insect Repellent, Safe to Spray On Skin, 4.5 Oz",5.0,2017-05-18 21:13:18-04
Avon,"Avon SKIN-SO-SOFT Bug Guard PLUS IR3535® Insect Repellent Moisturizing Lotion - SPF 30 Gentle Breeze, 4 oz",5.0,2017-06-17 11:40:23.29-04
Dwcom,"4 Pack Snake Repellent for Yard Powerful, Snake Away Repellent for Outdoor Indoor, Natural Plant Formula Pest Insect Control",2.0,2021-07-01 08:18:17.296-04
Dwcom,"4 Pack Snake Repellent for Yard Powerful, Snake Away Repellent for Outdoor Indoor, Natural Plant Formula Pest Insect Control",5.0,2021-09-05 16:52:50.061-04
Sally's Organics,"10ml Organic Peppermint Essential Oil - Pure Therapeutic Grade - Works Best for Aromatherapy, Natural Soap, Shampoo, Hair, Lotion, Bath Melts, Body, Mice Repellent, and Air Freshener (Spray)",3.0,2020-07-23 17:18:18.059-04
Avon,"Avon SKIN-SO-SOFT Bug Guard PLUS IR3535® Insect Repellent Moisturizing Lotion - SPF 30 Gentle Breeze, 4 oz",5.0,2017-09-29 12:39:50.43-04
Avon,"Avon SKIN-SO-SOFT Bug Guard PLUS IR3535® Insect Repellent Moisturizing Lotion - SPF 30 Gentle Breeze, 4 oz",4.0,2016-07-02 19:37:48-04
Enoz,"Enoz No Zone, Refills for Animal Repellent Stations 16 Refill Bag - Twin - White",3.0,2020-07-15 17:56:01.236-04
Avon,"Avon SKIN-SO-SOFT Bug Guard PLUS IR3535® Insect Repellent Moisturizing Lotion - SPF 30 Gentle Breeze, 4 oz",5.0,2014-06-18 22:10:47-04
Grandpa Gus's,"Grandpa Gus's Extra-Strength Mouse Repellent Pouches + Potent Mouse Repellent Spray, Peppermint/Cinnamon Oils Repel Mouse From Home/RV, Boat/Car Storage & Machinery, 4 x 1.76oz Pouches + 1 x 8oz Spray",5.0,2022-03-01 10:45:33.681-05
Avon,"Avon SKIN-SO-SOFT Bug Guard PLUS IR3535® Insect Repellent Moisturizing Lotion - SPF 30 Gentle Breeze, 4 oz",5.0,2013-09-08 17:11:46-04
Grandpa Gus's,"Grandpa Gus's Extra-Strength Mouse Repellent Pouches + Potent Mouse Repellent Spray, Peppermint/Cinnamon Oils Repel Mouse From Home/RV, Boat/Car Storage & Machinery, 4 x 1.76oz Pouches + 1 x 8oz Spray",5.0,2021-12-03 11:10:47.249-05
Avon,"Avon SKIN-SO-SOFT Bug Guard PLUS IR3535® Insect Repellent Moisturizing Lotion - SPF 30 Gentle Breeze, 4 oz",4.0,2017-01-16 20:03:24-05
Avon,"Avon SKIN-SO-SOFT Bug Guard PLUS IR3535® Insect Repellent Moisturizing Lotion - SPF 30 Gentle Breeze, 4 oz",5.0,2014-12-01 10:57:58-05
Avon,"Avon SKIN-SO-SOFT Bug Guard PLUS IR3535® Insect Repellent Moisturizing Lotion - SPF 30 Gentle Breeze, 4 oz",5.0,2019-07-17 18:06:23.907-04
Avon,"Avon SKIN-SO-SOFT Bug Guard PLUS IR3535® Insect Repellent Moisturizing Lotion - SPF 30 Gentle Breeze, 4 oz",5.0,2014-06-22 16:18:13-04
Avon,"Avon SKIN-SO-SOFT Bug Guard PLUS IR3535® Insect Repellent Moisturizing Lotion - SPF 30 Gentle Breeze, 4 oz",4.0,2018-08-23 12:02:52.416-04
Tysonir,"Tysonir Mole Repellent,Mole Repellent Solar Powered Groundhog Repeller ,Gopher Repellent Ultrasonic,Get Rid of Mole Gophers Voles for Outdoor Garden Yard 2Pack",5.0,2022-03-21 12:08:18.256-04
Avon,"Avon SKIN-SO-SOFT Bug Guard PLUS IR3535® Insect Repellent Moisturizing Lotion - SPF 30 Gentle Breeze, 4 oz",5.0,2014-08-21 05:14:44-04
Sally's Organics,"10ml Organic Peppermint Essential Oil - Pure Therapeutic Grade - Works Best for Aromatherapy, Natural Soap, Shampoo, Hair, Lotion, Bath Melts, Body, Mice Repellent, and Air Freshener (Spray)",5.0,2019-10-24 12:39:34.982-04
Avon,"Avon SKIN-SO-SOFT Bug Guard PLUS IR3535® Insect Repellent Moisturizing Lotion - SPF 30 Gentle Breeze, 4 oz",5.0,2015-05-13 19:40:27-04
Tender Ben's,Ben's 30% DEET Tick & Insect Repellent Wipes - 2 Pack,5.0,2017-11-30 06:35:01.023-05
Avon,"Avon SKIN-SO-SOFT Bug Guard PLUS IR3535® Insect Repellent Moisturizing Lotion - SPF 30 Gentle Breeze, 4 oz",5.0,2013-08-26 16:03:20-04
Avon,"Avon SKIN-SO-SOFT Bug Guard PLUS IR3535® Insect Repellent Moisturizing Lotion - SPF 30 Gentle Breeze, 4 oz",5.0,2017-08-30 09:11:57.592-04
Grangers,"Grangers Footwear Repel Water Repellent Treatment, 275ml",5.0,2021-11-08 11:49:11.286-05
Avon,"Avon SKIN-SO-SOFT Bug Guard PLUS IR3535® Insect Repellent Moisturizing Lotion - SPF 30 Gentle Breeze, 4 oz",5.0,2015-01-14 17:19:38-05
Avon,"Avon SKIN-SO-SOFT Bug Guard PLUS IR3535® Insect Repellent Moisturizing Lotion - SPF 30 Gentle Breeze, 4 oz",1.0,2019-07-26 11:23:46.584-04
Ortho,Ortho Deer And Rabbit Concentrate Repellent 32 Oz,5.0,2017-08-05 13:42:31.979-04
Avon,"Avon SKIN-SO-SOFT Bug Guard PLUS IR3535® Insect Repellent Moisturizing Lotion - SPF 30 Gentle Breeze, 4 oz",2.0,2019-07-10 20:08:32.224-04
Palmandpond,"Ultrasonic Pest Repeller 4 Packs, Electronic Plug in Sonic Repellent pest Control for Bugs Insects Mice Spiders Mosquitoes",2.0,2021-08-04 10:50:53.488-04
Avon,"Avon SKIN-SO-SOFT Bug Guard PLUS IR3535® Insect Repellent Moisturizing Lotion - SPF 30 Gentle Breeze, 4 oz",4.0,2018-09-06 08:36:22.088-04
Avon,"Avon SKIN-SO-SOFT Bug Guard PLUS IR3535® Insect Repellent Moisturizing Lotion - SPF 30 Gentle Breeze, 4 oz",5.0,2019-09-22 14:49:50.323-04
Avon,"Avon SKIN-SO-SOFT Bug Guard PLUS IR3535® Insect Repellent Moisturizing Lotion - SPF 30 Gentle Breeze, 4 oz",5.0,2013-07-19 07:24:42-04
Avon,"Avon SKIN-SO-SOFT Bug Guard PLUS IR3535® Insect Repellent Moisturizing Lotion - SPF 30 Gentle Breeze, 4 oz",4.0,2016-09-07 22:35:42-04
Avon,"Avon SKIN-SO-SOFT Bug Guard PLUS IR3535® Insect Repellent Moisturizing Lotion - SPF 30 Gentle Breeze, 4 oz",1.0,2014-11-25 18:27:40-05
Avon,"Avon SKIN-SO-SOFT Bug Guard PLUS IR3535® Insect Repellent Moisturizing Lotion - SPF 30 Gentle Breeze, 4 oz",5.0,2017-06-03 22:16:15-04
Natural Armor,Natural Armor Lizard & Gecko Repellent Spray - Powerful Peppermint Formulation Repels All Types of Lizards & Geckos and Works Better Than Ultrasonic Gimmicks – 128 fl oz - Gallon Ready to Use,2.0,2022-11-06 20:54:38.848-05
Avon,"Avon SKIN-SO-SOFT Bug Guard PLUS IR3535® Insect Repellent Moisturizing Lotion - SPF 30 Gentle Breeze, 4 oz",5.0,2017-03-10 20:27:06-05
,Apello Pack of 6 Mole Repellent,1.0,2019-04-26 13:10:03.404-04
eHouse,AC12g Ultrasonic Pest Repeller - Electronic Plug in Best Repellent - Pest Control - Get Rid of - Rodents Squirrels Rats Mice Insects - Roaches Spiders Mosquitos Fleas Fruit Fly Bed Bugs Flies Ants!,1.0,2020-08-30 12:05:10.291-04
Avon,"Avon SKIN-SO-SOFT Bug Guard PLUS IR3535® Insect Repellent Moisturizing Lotion - SPF 30 Gentle Breeze, 4 oz",2.0,2014-07-16 20:11:06-04
Nature's MACE,"Nature's MACE Cat Repellent 1 Gallon Spray/Treats 3,000 Sq. Ft. / Keep Cat Out of Your Lawn and Garden/Train Your Cat to Stay Out of Bushes/Safe to use Around Children & Plants",1.0,2023-03-27 11:44:27.76-04
Avon,"Avon SKIN-SO-SOFT Bug Guard PLUS IR3535® Insect Repellent Moisturizing Lotion - SPF 30 Gentle Breeze, 4 oz",5.0,2016-06-14 05:53:35-04
Avon,"Avon SKIN-SO-SOFT Bug Guard PLUS IR3535® Insect Repellent Moisturizing Lotion - SPF 30 Gentle Breeze, 4 oz",5.0,2017-04-17 22:42:13-04
NATURAL OUST,NATURAL OUST Peppermint Oil Spider Repellent Spray - Eco Friendly Indoor Outdoor - Effective Spider Control,2.0,2022-07-03 13:36:59.421-04
Avon,"Avon SKIN-SO-SOFT Bug Guard PLUS IR3535® Insect Repellent Moisturizing Lotion - SPF 30 Gentle Breeze, 4 oz",5.0,2022-02-04 03:45:19.983-05
Whemoalus,"Whemoalus Squirrel Repellent Outdoor,4-Pack Natural Squirrel Repellent for Attic,Cars,Squirrel Deterrent for Garden,Squirrel Repellent for Plants,Mint Squirrel Repellent Indoor Safe Around Kid & Pets",1.0,2022-06-22 22:18:30.413-04
Avon,"Avon SKIN-SO-SOFT Bug Guard PLUS IR3535® Insect Repellent Moisturizing Lotion - SPF 30 Gentle Breeze, 4 oz",1.0,2013-07-16 10:58:43-04
Grandpa Gus's,"Grandpa Gus's Extra-Strength Mouse Repellent Pouches + Potent Mouse Repellent Spray, Peppermint/Cinnamon Oils Repel Mouse From Home/RV, Boat/Car Storage & Machinery, 4 x 1.76oz Pouches + 1 x 8oz Spray",2.0,2021-07-22 00:16:55.685-04
Avon,"Avon SKIN-SO-SOFT Bug Guard PLUS IR3535® Insect Repellent Moisturizing Lotion - SPF 30 Gentle Breeze, 4 oz",5.0,2019-07-08 18:19:34.244-04
Avon,"Avon SKIN-SO-SOFT Bug Guard PLUS IR3535® Insect Repellent Moisturizing Lotion - SPF 30 Gentle Breeze, 4 oz",5.0,2015-11-18 05:08:14-05
Avon,"Avon SKIN-SO-SOFT Bug Guard PLUS IR3535® Insect Repellent Moisturizing Lotion - SPF 30 Gentle Breeze, 4 oz",4.0,2016-01-12 09:13:24-05
Avon,"Avon SKIN-SO-SOFT Bug Guard PLUS IR3535® Insect Repellent Moisturizing Lotion - SPF 30 Gentle Breeze, 4 oz",5.0,2019-02-16 09:18:37.9-05
Avon,"Avon SKIN-SO-SOFT Bug Guard PLUS IR3535® Insect Repellent Moisturizing Lotion - SPF 30 Gentle Breeze, 4 oz",5.0,2018-12-07 22:55:15.931-05
Barber Strong,"Barber Strong The Barber Apron, Black, Hair Repellent, Ultra Lightweight",5.0,2021-08-13 12:04:17.12-04
Avon,"Avon SKIN-SO-SOFT Bug Guard PLUS IR3535® Insect Repellent Moisturizing Lotion - SPF 30 Gentle Breeze, 4 oz",2.0,2016-06-12 16:10:16-04
Avon,"Avon SKIN-SO-SOFT Bug Guard PLUS IR3535® Insect Repellent Moisturizing Lotion - SPF 30 Gentle Breeze, 4 oz",4.0,2014-09-15 00:02:29-04
Avon,"Avon SKIN-SO-SOFT Bug Guard PLUS IR3535® Insect Repellent Moisturizing Lotion - SPF 30 Gentle Breeze, 4 oz",5.0,2020-08-11 00:07:27.936-04
Avon,"Avon SKIN-SO-SOFT Bug Guard PLUS IR3535® Insect Repellent Moisturizing Lotion - SPF 30 Gentle Breeze, 4 oz",2.0,2017-10-09 23:16:08.476-04
Avon,"Avon SKIN-SO-SOFT Bug Guard PLUS IR3535® Insect Repellent Moisturizing Lotion - SPF 30 Gentle Breeze, 4 oz",5.0,2017-07-15 14:22:21.333-04
Natural Armor,Natural Armor Lizard & Gecko Repellent Spray - Powerful Peppermint Formulation Repels All Types of Lizards & Geckos and Works Better Than Ultrasonic Gimmicks – 128 fl oz - Gallon Ready to Use,2.0,2023-03-12 05:55:42.319-04
Avon,"Avon SKIN-SO-SOFT Bug Guard PLUS IR3535® Insect Repellent Moisturizing Lotion - SPF 30 Gentle Breeze, 4 oz",5.0,2014-05-06 16:22:33-04
Avon,"Avon SKIN-SO-SOFT Bug Guard PLUS IR3535® Insect Repellent Moisturizing Lotion - SPF 30 Gentle Breeze, 4 oz",3.0,2016-06-15 18:45:20-04
Avon,"Avon SKIN-SO-SOFT Bug Guard PLUS IR3535® Insect Repellent Moisturizing Lotion - SPF 30 Gentle Breeze, 4 oz",5.0,2011-10-03 12:05:16-04
Avon,"Avon SKIN-SO-SOFT Bug Guard PLUS IR3535® Insect Repellent Moisturizing Lotion - SPF 30 Gentle Breeze, 4 oz",5.0,2013-12-06 22:31:23-05
MouseBlocker,"MouseBlocker 1000x Powerful Plug-in Ultrasonic Mouse and Rodent Deterrent for Buildings, Garages, Attics and More. Works with All Rodents. Ultrasonic Rodent Repeller",5.0,2022-06-09 14:09:23.026-04
Grandpa Gus's,"Grandpa Gus's Extra-Strength Mouse Repellent Pouches + Potent Mouse Repellent Spray, Peppermint/Cinnamon Oils Repel Mouse From Home/RV, Boat/Car Storage & Machinery, 4 x 1.76oz Pouches + 1 x 8oz Spray",5.0,2021-11-26 22:57:52.421-05
Avon,"Avon SKIN-SO-SOFT Bug Guard PLUS IR3535® Insect Repellent Moisturizing Lotion - SPF 30 Gentle Breeze, 4 oz",5.0,2016-05-19 15:29:43-04
Avon,"Avon SKIN-SO-SOFT Bug Guard PLUS IR3535® Insect Repellent Moisturizing Lotion - SPF 30 Gentle Breeze, 4 oz",5.0,2016-06-24 12:43:02-04
Avon,"Avon SKIN-SO-SOFT Bug Guard PLUS IR3535® Insect Repellent Moisturizing Lotion - SPF 30 Gentle Breeze, 4 oz",3.0,2017-12-21 08:23:26.433-05
Avon,"Avon SKIN-SO-SOFT Bug Guard PLUS IR3535® Insect Repellent Moisturizing Lotion - SPF 30 Gentle Breeze, 4 oz",5.0,2017-09-05 14:46:47.497-04
BuggyBands,"6 Pack Mosquito Repellent Bracelets, Natural and Waterproof Wrist Bands for Adults, Kids, Pets - [Individually Wrapped], Travel Protection Outdoor – Indoor",5.0,2020-06-28 17:46:20.597-04
Avon,"Avon SKIN-SO-SOFT Bug Guard PLUS IR3535® Insect Repellent Moisturizing Lotion - SPF 30 Gentle Breeze, 4 oz",5.0,2014-08-25 10:16:37-04
Avon,"Avon SKIN-SO-SOFT Bug Guard PLUS IR3535® Insect Repellent Moisturizing Lotion - SPF 30 Gentle Breeze, 4 oz",3.0,2018-12-27 12:33:42.104-05
Avon,"Avon SKIN-SO-SOFT Bug Guard PLUS IR3535® Insect Repellent Moisturizing Lotion - SPF 30 Gentle Breeze, 4 oz",5.0,2015-09-25 02:45:28-04
Avon,"Avon SKIN-SO-SOFT Bug Guard PLUS IR3535® Insect Repellent Moisturizing Lotion - SPF 30 Gentle Breeze, 4 oz",5.0,2019-07-28 15:08:15.244-04
Grandpa Gus's,"Grandpa Gus's Extra-Strength Mouse Repellent Pouches + Potent Mouse Repellent Spray, Peppermint/Cinnamon Oils Repel Mouse From Home/RV, Boat/Car Storage & Machinery, 4 x 1.76oz Pouches + 1 x 8oz Spray",5.0,2021-09-16 19:41:16.815-04
Avon,"Avon SKIN-SO-SOFT Bug Guard PLUS IR3535® Insect Repellent Moisturizing Lotion - SPF 30 Gentle Breeze, 4 oz",5.0,2019-08-25 07:12:45.1-04
Avon,"Avon SKIN-SO-SOFT Bug Guard PLUS IR3535® Insect Repellent Moisturizing Lotion - SPF 30 Gentle Breeze, 4 oz",5.0,2016-07-28 04:28:16-04
Avon,"Avon SKIN-SO-SOFT Bug Guard PLUS IR3535® Insect Repellent Moisturizing Lotion - SPF 30 Gentle Breeze, 4 oz",5.0,2017-04-04 10:28:15-04
Cutter,"Cutter Natural Fogger Insect Repellent, 3 pk./14 oz.each can",5.0,2019-07-20 14:27:08.473-04
Avon,"Avon SKIN-SO-SOFT Bug Guard PLUS IR3535® Insect Repellent Moisturizing Lotion - SPF 30 Gentle Breeze, 4 oz",5.0,2020-10-01 09:20:46.689-04
Avon,"Avon SKIN-SO-SOFT Bug Guard PLUS IR3535® Insect Repellent Moisturizing Lotion - SPF 30 Gentle Breeze, 4 oz",5.0,2016-06-27 09:19:54-04
Avon,"Avon SKIN-SO-SOFT Bug Guard PLUS IR3535® Insect Repellent Moisturizing Lotion - SPF 30 Gentle Breeze, 4 oz",4.0,2013-08-06 16:55:35-04
Avon,"Avon SKIN-SO-SOFT Bug Guard PLUS IR3535® Insect Repellent Moisturizing Lotion - SPF 30 Gentle Breeze, 4 oz",5.0,2019-05-28 07:39:28.06-04
Avon,"Avon SKIN-SO-SOFT Bug Guard PLUS IR3535® Insect Repellent Moisturizing Lotion - SPF 30 Gentle Breeze, 4 oz",5.0,2019-11-11 21:41:19.779-05
Avon,"Avon SKIN-SO-SOFT Bug Guard PLUS IR3535® Insect Repellent Moisturizing Lotion - SPF 30 Gentle Breeze, 4 oz",3.0,2017-01-10 16:05:13-05
Avon,"Avon SKIN-SO-SOFT Bug Guard PLUS IR3535® Insect Repellent Moisturizing Lotion - SPF 30 Gentle Breeze, 4 oz",5.0,2015-04-02 18:06:12-04
HONGXIAN,Gopher Repeller Ultrasonic Solar Mole Repellent 4 Pack Solar Mole Repellent & Gopher Repellent Ultrasonic Solar Powered Waterproof for Yard & Garden,5.0,2023-02-02 19:54:13.494-05
Grandpa Gus's,"Grandpa Gus's Extra-Strength Mouse Repellent Pouches + Potent Mouse Repellent Spray, Peppermint/Cinnamon Oils Repel Mouse From Home/RV, Boat/Car Storage & Machinery, 4 x 1.76oz Pouches + 1 x 8oz Spray",4.0,2023-02-01 15:25:33.656-05
Avon,"Avon SKIN-SO-SOFT Bug Guard PLUS IR3535® Insect Repellent Moisturizing Lotion - SPF 30 Gentle Breeze, 4 oz",5.0,2017-08-26 20:07:36.236-04
Avon,"Avon SKIN-SO-SOFT Bug Guard PLUS IR3535® Insect Repellent Moisturizing Lotion - SPF 30 Gentle Breeze, 4 oz",5.0,2022-08-11 11:06:41.412-04
Avon,"Avon SKIN-SO-SOFT Bug Guard PLUS IR3535® Insect Repellent Moisturizing Lotion - SPF 30 Gentle Breeze, 4 oz",5.0,2017-04-16 23:30:25-04
Avon,"Avon SKIN-SO-SOFT Bug Guard PLUS IR3535® Insect Repellent Moisturizing Lotion - SPF 30 Gentle Breeze, 4 oz",5.0,2017-02-12 12:51:41-05
Avon,"Avon SKIN-SO-SOFT Bug Guard PLUS IR3535® Insect Repellent Moisturizing Lotion - SPF 30 Gentle Breeze, 4 oz",5.0,2017-11-08 22:02:31.046-05
Avon,"Avon SKIN-SO-SOFT Bug Guard PLUS IR3535® Insect Repellent Moisturizing Lotion - SPF 30 Gentle Breeze, 4 oz",5.0,2014-09-02 06:27:59-04
SUAVEC,"SUAVEC Deer Repellent for Plant, Deer and Rabbit Repellent, Deer Deterrent for Garden and Lawn, Outdoor Deer Repellant Yard, Deer Repellant, Repel Deer Away",5.0,2021-12-28 22:23:00.021-05
Grandpa Gus's,"Grandpa Gus's Extra-Strength Mouse Repellent Pouches + Potent Mouse Repellent Spray, Peppermint/Cinnamon Oils Repel Mouse From Home/RV, Boat/Car Storage & Machinery, 4 x 1.76oz Pouches + 1 x 8oz Spray",1.0,2021-04-01 08:45:34.219-04
Avon,"Avon SKIN-SO-SOFT Bug Guard PLUS IR3535® Insect Repellent Moisturizing Lotion - SPF 30 Gentle Breeze, 4 oz",4.0,2014-07-28 10:57:31-04
SEALUXE,"SEALUXE Rodent Repellent Packs,Mouse Repellent,Peppermint Oil to Repel Mice, Mice Repellent Peppermint,Natural Rat Repellent,Pest Control,Insect Repellent with Peppermint Oil 8-Pack",3.0,2021-01-04 14:10:13.446-05
Avon,"Avon SKIN-SO-SOFT Bug Guard PLUS IR3535® Insect Repellent Moisturizing Lotion - SPF 30 Gentle Breeze, 4 oz",4.0,2012-08-23 15:24:12-04
eHouse,AC12g Ultrasonic Pest Repeller - Electronic Plug in Best Repellent - Pest Control - Get Rid of - Rodents Squirrels Rats Mice Insects - Roaches Spiders Mosquitos Fleas Fruit Fly Bed Bugs Flies Ants!,1.0,2020-09-06 22:36:01.344-04
Grandpa Gus's,"Grandpa Gus's Extra-Strength Mouse Repellent Pouches + Potent Mouse Repellent Spray, Peppermint/Cinnamon Oils Repel Mouse From Home/RV, Boat/Car Storage & Machinery, 4 x 1.76oz Pouches + 1 x 8oz Spray",5.0,2023-02-28 04:40:41.211-05
Avon,"Avon SKIN-SO-SOFT Bug Guard PLUS IR3535® Insect Repellent Moisturizing Lotion - SPF 30 Gentle Breeze, 4 oz",2.0,2019-04-08 16:11:01.935-04
Avon,"Avon SKIN-SO-SOFT Bug Guard PLUS IR3535® Insect Repellent Moisturizing Lotion - SPF 30 Gentle Breeze, 4 oz",5.0,2014-11-14 21:15:00-05
Avon,"Avon SKIN-SO-SOFT Bug Guard PLUS IR3535® Insect Repellent Moisturizing Lotion - SPF 30 Gentle Breeze, 4 oz",5.0,2014-03-17 09:28:56-04
eHouse,AC12g Ultrasonic Pest Repeller - Electronic Plug in Best Repellent - Pest Control - Get Rid of - Rodents Squirrels Rats Mice Insects - Roaches Spiders Mosquitos Fleas Fruit Fly Bed Bugs Flies Ants!,3.0,2020-12-28 15:22:48.206-05
Avon,"Avon SKIN-SO-SOFT Bug Guard PLUS IR3535® Insect Repellent Moisturizing Lotion - SPF 30 Gentle Breeze, 4 oz",5.0,2015-10-19 15:35:07-04
Avon,"Avon SKIN-SO-SOFT Bug Guard PLUS IR3535® Insect Repellent Moisturizing Lotion - SPF 30 Gentle Breeze, 4 oz",2.0,2011-05-13 15:48:27-04
NATURAL OUST,NATURAL OUST Peppermint Oil Spider Repellent Spray - Eco Friendly Indoor Outdoor - Effective Spider Control,5.0,2021-10-06 16:32:30.305-04
Avon,"Avon SKIN-SO-SOFT Bug Guard PLUS IR3535® Insect Repellent Moisturizing Lotion - SPF 30 Gentle Breeze, 4 oz",5.0,2019-08-13 11:07:49.242-04
Avon,"Avon SKIN-SO-SOFT Bug Guard PLUS IR3535® Insect Repellent Moisturizing Lotion - SPF 30 Gentle Breeze, 4 oz",5.0,2019-07-22 18:33:42.158-04
Avon,"Avon SKIN-SO-SOFT Bug Guard PLUS IR3535® Insect Repellent Moisturizing Lotion - SPF 30 Gentle Breeze, 4 oz",5.0,2019-08-04 21:43:29.358-04
Avon,"Avon SKIN-SO-SOFT Bug Guard PLUS IR3535® Insect Repellent Moisturizing Lotion - SPF 30 Gentle Breeze, 4 oz",5.0,2022-08-06 12:37:46.054-04
THUMB THUMB NO THUMB! NATURAL & SAFE FOR KIDS,Thumb Thumb NO THUMB natural dentist approved thumb sucking deterrent for kids,4.0,2020-03-10 10:36:36.732-04
Avon,"Avon SKIN-SO-SOFT Bug Guard PLUS IR3535® Insect Repellent Moisturizing Lotion - SPF 30 Gentle Breeze, 4 oz",4.0,2016-09-26 18:26:16-04
Avon,"Avon SKIN-SO-SOFT Bug Guard PLUS IR3535® Insect Repellent Moisturizing Lotion - SPF 30 Gentle Breeze, 4 oz",4.0,2014-08-23 09:25:06-04
Avon,"Avon SKIN-SO-SOFT Bug Guard PLUS IR3535® Insect Repellent Moisturizing Lotion - SPF 30 Gentle Breeze, 4 oz",5.0,2018-11-25 02:02:19.965-05
Sally's Organics,"10ml Organic Peppermint Essential Oil - Pure Therapeutic Grade - Works Best for Aromatherapy, Natural Soap, Shampoo, Hair, Lotion, Bath Melts, Body, Mice Repellent, and Air Freshener (Spray)",5.0,2021-03-15 12:02:46.957-04
Tender Ben's,Ben's 30% DEET Tick & Insect Repellent Wipes - 2 Pack,5.0,2021-08-04 16:23:46.524-04
Avon,"Avon SKIN-SO-SOFT Bug Guard PLUS IR3535® Insect Repellent Moisturizing Lotion - SPF 30 Gentle Breeze, 4 oz",5.0,2017-02-27 18:47:46-05
Avon,"Avon SKIN-SO-SOFT Bug Guard PLUS IR3535® Insect Repellent Moisturizing Lotion - SPF 30 Gentle Breeze, 4 oz",5.0,2022-06-28 17:26:22.051-04
Cutter,"Cutter Natural Fogger Insect Repellent, 3 pk./14 oz.each can",4.0,2017-11-09 11:32:56.072-05
Avon,"Avon SKIN-SO-SOFT Bug Guard PLUS IR3535® Insect Repellent Moisturizing Lotion - SPF 30 Gentle Breeze, 4 oz",2.0,2016-06-01 14:34:01-04
Avon,"Avon SKIN-SO-SOFT Bug Guard PLUS IR3535® Insect Repellent Moisturizing Lotion - SPF 30 Gentle Breeze, 4 oz",5.0,2016-03-20 11:55:23-04
eHouse,AC12g Ultrasonic Pest Repeller - Electronic Plug in Best Repellent - Pest Control - Get Rid of - Rodents Squirrels Rats Mice Insects - Roaches Spiders Mosquitos Fleas Fruit Fly Bed Bugs Flies Ants!,5.0,2020-08-30 16:07:53.651-04
Avon,"Avon SKIN-SO-SOFT Bug Guard PLUS IR3535® Insect Repellent Moisturizing Lotion - SPF 30 Gentle Breeze, 4 oz",5.0,2021-07-16 11:33:51.769-04
Avon,"Avon SKIN-SO-SOFT Bug Guard PLUS IR3535® Insect Repellent Moisturizing Lotion - SPF 30 Gentle Breeze, 4 oz",5.0,2016-01-21 20:41:33-05
Avon,"Avon SKIN-SO-SOFT Bug Guard PLUS IR3535® Insect Repellent Moisturizing Lotion - SPF 30 Gentle Breeze, 4 oz",5.0,2016-06-27 01:53:20-04
Avon,"Avon SKIN-SO-SOFT Bug Guard PLUS IR3535® Insect Repellent Moisturizing Lotion - SPF 30 Gentle Breeze, 4 oz",5.0,2015-11-13 15:09:53-05
Natural Armor,Natural Armor Lizard & Gecko Repellent Spray - Powerful Peppermint Formulation Repels All Types of Lizards & Geckos and Works Better Than Ultrasonic Gimmicks – 128 fl oz - Gallon Ready to Use,2.0,2022-08-23 13:44:03.449-04
Avon,"Avon SKIN-SO-SOFT Bug Guard PLUS IR3535® Insect Repellent Moisturizing Lotion - SPF 30 Gentle Breeze, 4 oz",4.0,2019-07-10 12:13:19.438-04
Avon,"Avon SKIN-SO-SOFT Bug Guard PLUS IR3535® Insect Repellent Moisturizing Lotion - SPF 30 Gentle Breeze, 4 oz",4.0,2016-09-06 21:18:09-04
Avon,"Avon SKIN-SO-SOFT Bug Guard PLUS IR3535® Insect Repellent Moisturizing Lotion - SPF 30 Gentle Breeze, 4 oz",5.0,2015-10-23 16:33:48-04
Nature's MACE,"Nature's MACE Cat Repellent 1 Gallon Spray/Treats 3,000 Sq. Ft. / Keep Cat Out of Your Lawn and Garden/Train Your Cat to Stay Out of Bushes/Safe to use Around Children & Plants",1.0,2023-04-07 12:41:34.836-04
SCHOME,"SCHOME Stainless Steel Bird Spikes Kit, 10 Pack (2.4Metre) Perfect Bird Gel Deterrent Easy to Install, Bird Deterrent Fence Spikes, Repels Pigeons, Crows and Seagulls",2.0,2019-03-18 09:58:19.52-04
Avon,"Avon SKIN-SO-SOFT Bug Guard PLUS IR3535® Insect Repellent Moisturizing Lotion - SPF 30 Gentle Breeze, 4 oz",4.0,2015-10-13 21:42:17-04
Whemoalus,"Whemoalus Squirrel Repellent Outdoor,4-Pack Natural Squirrel Repellent for Attic,Cars,Squirrel Deterrent for Garden,Squirrel Repellent for Plants,Mint Squirrel Repellent Indoor Safe Around Kid & Pets",5.0,2022-06-15 10:53:21.141-04
THUMB THUMB NO THUMB! NATURAL & SAFE FOR KIDS,Thumb Thumb NO THUMB natural dentist approved thumb sucking deterrent for kids,1.0,2021-03-31 10:20:27.335-04
Avon,"Avon SKIN-SO-SOFT Bug Guard PLUS IR3535® Insect Repellent Moisturizing Lotion - SPF 30 Gentle Breeze, 4 oz",3.0,2016-12-17 14:14:10-05
Avon,"Avon SKIN-SO-SOFT Bug Guard PLUS IR3535® Insect Repellent Moisturizing Lotion - SPF 30 Gentle Breeze, 4 oz",5.0,2018-03-16 12:41:48.639-04
Avon,"Avon SKIN-SO-SOFT Bug Guard PLUS IR3535® Insect Repellent Moisturizing Lotion - SPF 30 Gentle Breeze, 4 oz",5.0,2013-08-11 18:34:23-04
ANYTIME,Bradshaw's ANYTIME no-bite/No scent spray - Does not smell like essential oils. Bold smell going on like soap. mosquito repellent lotion spray,3.0,2022-10-25 10:21:31.803-04
NATURAL OUST,NATURAL OUST Peppermint Oil Spider Repellent Spray - Eco Friendly Indoor Outdoor - Effective Spider Control,2.0,2021-11-27 14:27:08.918-05
JNxcel Salon Products,JNxcel Premium Quality Water Repellent Nylon/Polyester Fabric Hair Salon & Barber Hair Cutting & Shampoo Cape with Snap Closure (Purple Plum) …,5.0,2019-01-15 14:46:57.889-05
Wskvlcg,"Mosquito Repellent Bracelet, Ultrasonic Mosquito Repellent Bracelet Watch USB Rechargeable Anti Mosquito Repeller Wristband, Essential for Outdoor Camping (2 Pack, Black)",1.0,2022-08-04 06:55:23.817-04
Avon,"Avon SKIN-SO-SOFT Bug Guard PLUS IR3535® Insect Repellent Moisturizing Lotion - SPF 30 Gentle Breeze, 4 oz",5.0,2016-07-22 09:36:46-04
Dwcom,"4 Pack Snake Repellent for Yard Powerful, Snake Away Repellent for Outdoor Indoor, Natural Plant Formula Pest Insect Control",1.0,2021-10-27 10:10:07.057-04
Whemoalus,"Whemoalus Squirrel Repellent Outdoor,4-Pack Natural Squirrel Repellent for Attic,Cars,Squirrel Deterrent for Garden,Squirrel Repellent for Plants,Mint Squirrel Repellent Indoor Safe Around Kid & Pets",1.0,2022-06-15 12:22:34.679-04
Avon,"Avon SKIN-SO-SOFT Bug Guard PLUS IR3535® Insect Repellent Moisturizing Lotion - SPF 30 Gentle Breeze, 4 oz",5.0,2021-07-25 18:05:00.227-04
Avon,"Avon SKIN-SO-SOFT Bug Guard PLUS IR3535® Insect Repellent Moisturizing Lotion - SPF 30 Gentle Breeze, 4 oz",2.0,2018-07-04 07:25:45.832-04
eHouse,AC12g Ultrasonic Pest Repeller - Electronic Plug in Best Repellent - Pest Control - Get Rid of - Rodents Squirrels Rats Mice Insects - Roaches Spiders Mosquitos Fleas Fruit Fly Bed Bugs Flies Ants!,1.0,2020-09-30 11:05:07.234-04
eHouse,AC12 Ultrasonic Pest Repeller - Electronic Plug in Best Repellent - Pest Control - Get Rid of - Rodents Squirrels Mice Rats Insects - Roaches Spiders Fleas Bed Bugs Flies Ants Mosquitos Fruit Fly!,5.0,2020-06-19 15:33:13.943-04
Avon,"Avon SKIN-SO-SOFT Bug Guard PLUS IR3535® Insect Repellent Moisturizing Lotion - SPF 30 Gentle Breeze, 4 oz",5.0,2016-09-16 19:26:35-04
Avon,"Avon SKIN-SO-SOFT Bug Guard PLUS IR3535® Insect Repellent Moisturizing Lotion - SPF 30 Gentle Breeze, 4 oz",5.0,2015-10-27 08:09:25-04
Avon,"Avon SKIN-SO-SOFT Bug Guard PLUS IR3535® Insect Repellent Moisturizing Lotion - SPF 30 Gentle Breeze, 4 oz",5.0,2017-09-05 14:19:39.081-04
JNxcel Salon Products,JNxcel Premium Quality Water Repellent Nylon/Polyester Fabric Hair Salon & Barber Hair Cutting & Shampoo Cape with Snap Closure (Silver Slate) …,5.0,2020-05-31 17:09:49.709-04
Avon,"Avon SKIN-SO-SOFT Bug Guard PLUS IR3535® Insect Repellent Moisturizing Lotion - SPF 30 Gentle Breeze, 4 oz",5.0,2015-01-11 19:39:56-05
Avon,"Avon SKIN-SO-SOFT Bug Guard PLUS IR3535® Insect Repellent Moisturizing Lotion - SPF 30 Gentle Breeze, 4 oz",5.0,2018-07-23 11:09:50.218-04
Avon,"Avon SKIN-SO-SOFT Bug Guard PLUS IR3535® Insect Repellent Moisturizing Lotion - SPF 30 Gentle Breeze, 4 oz",5.0,2013-02-19 14:30:40-05
eHouse,AC12g Ultrasonic Pest Repeller - Electronic Plug in Best Repellent - Pest Control - Get Rid of - Rodents Squirrels Rats Mice Insects - Roaches Spiders Mosquitos Fleas Fruit Fly Bed Bugs Flies Ants!,1.0,2021-01-04 19:43:40.548-05
Avon,"Avon SKIN-SO-SOFT Bug Guard PLUS IR3535® Insect Repellent Moisturizing Lotion - SPF 30 Gentle Breeze, 4 oz",5.0,2015-07-17 16:23:37-04
SEALUXE,"SEALUXE Rodent Repellent Packs,Mouse Repellent,Peppermint Oil to Repel Mice, Mice Repellent Peppermint,Natural Rat Repellent,Insect Repellent with Peppermint Oil 6-Pack",5.0,2021-01-20 22:11:21.107-05
Avon,"Avon SKIN-SO-SOFT Bug Guard PLUS IR3535® Insect Repellent Moisturizing Lotion - SPF 30 Gentle Breeze, 4 oz",5.0,2011-06-06 14:26:09-04
Avon,"Avon SKIN-SO-SOFT Bug Guard PLUS IR3535® Insect Repellent Moisturizing Lotion - SPF 30 Gentle Breeze, 4 oz",5.0,2019-09-01 10:39:56.671-04
eHouse,AC12g Ultrasonic Pest Repeller - Electronic Plug in Best Repellent - Pest Control - Get Rid of - Rodents Squirrels Rats Mice Insects - Roaches Spiders Mosquitos Fleas Fruit Fly Bed Bugs Flies Ants!,5.0,2020-07-28 02:07:55.311-04
Avon,"Avon SKIN-SO-SOFT Bug Guard PLUS IR3535® Insect Repellent Moisturizing Lotion - SPF 30 Gentle Breeze, 4 oz",1.0,2016-11-11 17:33:26-05
Avon,"Avon SKIN-SO-SOFT Bug Guard PLUS IR3535® Insect Repellent Moisturizing Lotion - SPF 30 Gentle Breeze, 4 oz",5.0,2021-04-18 07:23:10.694-04
eHouse,AC12g Ultrasonic Pest Repeller - Electronic Plug in Best Repellent - Pest Control - Get Rid of - Rodents Squirrels Rats Mice Insects - Roaches Spiders Mosquitos Fleas Fruit Fly Bed Bugs Flies Ants!,5.0,2020-09-02 16:57:24.787-04
Sally's Organics,"10ml Organic Peppermint Essential Oil - Pure Therapeutic Grade - Works Best for Aromatherapy, Natural Soap, Shampoo, Hair, Lotion, Bath Melts, Body, Mice Repellent, and Air Freshener (Spray)",5.0,2019-06-15 21:14:19.483-04
Tender Ben's,Ben's 30% DEET Tick & Insect Repellent Wipes - 2 Pack,4.0,2014-08-06 19:15:28-04
Avon,"Avon SKIN-SO-SOFT Bug Guard PLUS IR3535® Insect Repellent Moisturizing Lotion - SPF 30 Gentle Breeze, 4 oz",5.0,2017-09-24 13:42:42.878-04
Natural Armor,Natural Armor Lizard & Gecko Repellent Spray - Powerful Peppermint Formulation Repels All Types of Lizards & Geckos and Works Better Than Ultrasonic Gimmicks – 128 fl oz - Gallon Ready to Use,5.0,2021-12-06 11:12:50.047-05
Avon,"Avon SKIN-SO-SOFT Bug Guard PLUS IR3535® Insect Repellent Moisturizing Lotion - SPF 30 Gentle Breeze, 4 oz",1.0,2022-10-01 16:23:37.641-04
Avon,"Avon SKIN-SO-SOFT Bug Guard PLUS IR3535® Insect Repellent Moisturizing Lotion - SPF 30 Gentle Breeze, 4 oz",5.0,2017-01-22 21:18:40-05
Avon,"Avon SKIN-SO-SOFT Bug Guard PLUS IR3535® Insect Repellent Moisturizing Lotion - SPF 30 Gentle Breeze, 4 oz",5.0,2017-08-01 09:08:19.818-04
Grandpa Gus's,"Grandpa Gus's Extra-Strength Mouse Repellent Pouches + Potent Mouse Repellent Spray, Peppermint/Cinnamon Oils Repel Mouse From Home/RV, Boat/Car Storage & Machinery, 4 x 1.76oz Pouches + 1 x 8oz Spray",2.0,2021-06-15 17:56:18.118-04
Natural Armor,Natural Armor Lizard & Gecko Repellent Spray - Powerful Peppermint Formulation Repels All Types of Lizards & Geckos and Works Better Than Ultrasonic Gimmicks – 128 fl oz - Gallon Ready to Use,5.0,2022-10-29 23:07:47.133-04
Avon,"Avon SKIN-SO-SOFT Bug Guard PLUS IR3535® Insect Repellent Moisturizing Lotion - SPF 30 Gentle Breeze, 4 oz",5.0,2016-06-26 22:06:19-04
Avon,"Avon SKIN-SO-SOFT Bug Guard PLUS IR3535® Insect Repellent Moisturizing Lotion - SPF 30 Gentle Breeze, 4 oz",5.0,2016-06-26 18:30:36-04
Nature's MACE,"Nature's MACE Cat Repellent 1 Gallon Spray/Treats 3,000 Sq. Ft. / Keep Cat Out of Your Lawn and Garden/Train Your Cat to Stay Out of Bushes/Safe to use Around Children & Plants",3.0,2023-03-20 16:26:13.83-04
Avon,"Avon SKIN-SO-SOFT Bug Guard PLUS IR3535® Insect Repellent Moisturizing Lotion - SPF 30 Gentle Breeze, 4 oz",5.0,2017-08-10 18:17:27.659-04
Natural Armor,Natural Armor Lizard & Gecko Repellent Spray - Powerful Peppermint Formulation Repels All Types of Lizards & Geckos and Works Better Than Ultrasonic Gimmicks – 128 fl oz - Gallon Ready to Use,5.0,2021-06-14 03:13:24.635-04
Avon,"Avon SKIN-SO-SOFT Bug Guard PLUS IR3535® Insect Repellent Moisturizing Lotion - SPF 30 Gentle Breeze, 4 oz",5.0,2016-10-11 18:10:21-04
Avon,"Avon SKIN-SO-SOFT Bug Guard PLUS IR3535® Insect Repellent Moisturizing Lotion - SPF 30 Gentle Breeze, 4 oz",5.0,2019-07-09 22:20:18.235-04
Avon,"Avon SKIN-SO-SOFT Bug Guard PLUS IR3535® Insect Repellent Moisturizing Lotion - SPF 30 Gentle Breeze, 4 oz",5.0,2020-06-03 16:50:59.627-04
MouseBlocker,"MouseBlocker 1000x Powerful Plug-in Ultrasonic Mouse and Rodent Deterrent for Buildings, Garages, Attics and More. Works with All Rodents. Ultrasonic Rodent Repeller",5.0,2022-04-15 15:02:23.861-04
Natural Armor,Natural Armor Lizard & Gecko Repellent Spray - Powerful Peppermint Formulation Repels All Types of Lizards & Geckos and Works Better Than Ultrasonic Gimmicks – 128 fl oz - Gallon Ready to Use,5.0,2022-10-01 20:58:01.896-04
Avon,"Avon SKIN-SO-SOFT Bug Guard PLUS IR3535® Insect Repellent Moisturizing Lotion - SPF 30 Gentle Breeze, 4 oz",5.0,2021-01-14 16:19:30.308-05
Avon,"Avon SKIN-SO-SOFT Bug Guard PLUS IR3535® Insect Repellent Moisturizing Lotion - SPF 30 Gentle Breeze, 4 oz",5.0,2016-09-25 21:10:40-04
Avon,"Avon SKIN-SO-SOFT Bug Guard PLUS IR3535® Insect Repellent Moisturizing Lotion - SPF 30 Gentle Breeze, 4 oz",5.0,2016-10-14 10:22:16-04
Grandpa Gus's,"Grandpa Gus's Extra-Strength Mouse Repellent Pouches + Potent Mouse Repellent Spray, Peppermint/Cinnamon Oils Repel Mouse From Home/RV, Boat/Car Storage & Machinery, 4 x 1.76oz Pouches + 1 x 8oz Spray",3.0,2022-08-20 17:39:46.794-04
Natural Armor,Natural Armor Lizard & Gecko Repellent Spray - Powerful Peppermint Formulation Repels All Types of Lizards & Geckos and Works Better Than Ultrasonic Gimmicks – 128 fl oz - Gallon Ready to Use,1.0,2021-07-26 15:57:37.209-04
Avon,"Avon SKIN-SO-SOFT Bug Guard PLUS IR3535® Insect Repellent Moisturizing Lotion - SPF 30 Gentle Breeze, 4 oz",3.0,2020-08-24 22:28:55.514-04
Avon,"Avon SKIN-SO-SOFT Bug Guard PLUS IR3535® Insect Repellent Moisturizing Lotion - SPF 30 Gentle Breeze, 4 oz",4.0,2014-07-22 08:34:05-04
Avon,"Avon SKIN-SO-SOFT Bug Guard PLUS IR3535® Insect Repellent Moisturizing Lotion - SPF 30 Gentle Breeze, 4 oz",5.0,2016-03-14 17:23:08-04
NATURAL OUST,NATURAL OUST Peppermint Oil Spider Repellent Spray - Eco Friendly Indoor Outdoor - Effective Spider Control,5.0,2022-09-07 12:48:23.078-04
Green Goo,"Green Goo Bugs Be Gone, All-Natural Essential Oil Tick, Fly & Insect Repellent, Safe to Spray On Skin, 4.5 Oz",5.0,2018-03-16 12:16:35.265-04
Avon,"Avon SKIN-SO-SOFT Bug Guard PLUS IR3535® Insect Repellent Moisturizing Lotion - SPF 30 Gentle Breeze, 4 oz",2.0,2015-06-25 15:30:46-04
BuggyBands,"6 Pack Mosquito Repellent Bracelets, Natural and Waterproof Wrist Bands for Adults, Kids, Pets - [Individually Wrapped], Travel Protection Outdoor – Indoor",1.0,2020-08-11 15:11:13.828-04
Avon,"Avon SKIN-SO-SOFT Bug Guard PLUS IR3535® Insect Repellent Moisturizing Lotion - SPF 30 Gentle Breeze, 4 oz",4.0,2013-08-13 09:33:40-04
Avon,"Avon SKIN-SO-SOFT Bug Guard PLUS IR3535® Insect Repellent Moisturizing Lotion - SPF 30 Gentle Breeze, 4 oz",5.0,2014-10-01 14:51:48-04
Avon,"Avon SKIN-SO-SOFT Bug Guard PLUS IR3535® Insect Repellent Moisturizing Lotion - SPF 30 Gentle Breeze, 4 oz",5.0,2017-08-07 14:39:19.707-04
Avon,"Avon SKIN-SO-SOFT Bug Guard PLUS IR3535® Insect Repellent Moisturizing Lotion - SPF 30 Gentle Breeze, 4 oz",5.0,2017-09-01 16:42:03.31-04
Avon,"Avon SKIN-SO-SOFT Bug Guard PLUS IR3535® Insect Repellent Moisturizing Lotion - SPF 30 Gentle Breeze, 4 oz",5.0,2017-01-04 13:53:37-05
Palmandpond,"Ultrasonic Pest Repeller 4 Packs, Electronic Plug in Sonic Repellent pest Control for Bugs Insects Mice Spiders Mosquitoes",1.0,2021-09-06 10:28:25.877-04
Tender Ben's,Ben's 30% DEET Tick & Insect Repellent Wipes - 2 Pack,4.0,2019-06-12 04:48:35.925-04
Avon,"Avon SKIN-SO-SOFT Bug Guard PLUS IR3535® Insect Repellent Moisturizing Lotion - SPF 30 Gentle Breeze, 4 oz",5.0,2015-01-03 16:58:56-05
Avon,"Avon SKIN-SO-SOFT Bug Guard PLUS IR3535® Insect Repellent Moisturizing Lotion - SPF 30 Gentle Breeze, 4 oz",4.0,2021-05-26 14:50:52.697-04
Grandpa Gus's,"Grandpa Gus's Extra-Strength Mouse Repellent Pouches + Potent Mouse Repellent Spray, Peppermint/Cinnamon Oils Repel Mouse From Home/RV, Boat/Car Storage & Machinery, 4 x 1.76oz Pouches + 1 x 8oz Spray",5.0,2022-07-26 16:52:08.375-04
Nature's MACE,"Nature's MACE Cat Repellent 1 Gallon Spray/Treats 3,000 Sq. Ft. / Keep Cat Out of Your Lawn and Garden/Train Your Cat to Stay Out of Bushes/Safe to use Around Children & Plants",4.0,2023-03-24 09:40:10.541-04
Avon,"Avon SKIN-SO-SOFT Bug Guard PLUS IR3535® Insect Repellent Moisturizing Lotion - SPF 30 Gentle Breeze, 4 oz",5.0,2019-08-16 17:07:31.193-04
Avon,"Avon SKIN-SO-SOFT Bug Guard PLUS IR3535® Insect Repellent Moisturizing Lotion - SPF 30 Gentle Breeze, 4 oz",3.0,2021-07-09 07:24:47.592-04
Avon,"Avon SKIN-SO-SOFT Bug Guard PLUS IR3535® Insect Repellent Moisturizing Lotion - SPF 30 Gentle Breeze, 4 oz",5.0,2019-08-08 07:18:24.66-04
Avon,"Avon SKIN-SO-SOFT Bug Guard PLUS IR3535® Insect Repellent Moisturizing Lotion - SPF 30 Gentle Breeze, 4 oz",5.0,2020-12-08 13:39:42.145-05
Avon,"Avon SKIN-SO-SOFT Bug Guard PLUS IR3535® Insect Repellent Moisturizing Lotion - SPF 30 Gentle Breeze, 4 oz",3.0,2021-09-11 14:34:51.082-04
eHouse,AC12 Ultrasonic Pest Repeller - Electronic Plug in Best Repellent - Pest Control - Get Rid of - Rodents Squirrels Mice Rats Insects - Roaches Spiders Fleas Bed Bugs Flies Ants Mosquitos Fruit Fly!,2.0,2020-08-21 01:29:11.585-04
Avon,"Avon SKIN-SO-SOFT Bug Guard PLUS IR3535® Insect Repellent Moisturizing Lotion - SPF 30 Gentle Breeze, 4 oz",5.0,2015-07-25 13:27:49-04
Grandpa Gus's,"Grandpa Gus's Extra-Strength Mouse Repellent Pouches + Potent Mouse Repellent Spray, Peppermint/Cinnamon Oils Repel Mouse From Home/RV, Boat/Car Storage & Machinery, 4 x 1.76oz Pouches + 1 x 8oz Spray",5.0,2022-03-19 15:54:18.661-04
Avon,"Avon SKIN-SO-SOFT Bug Guard PLUS IR3535® Insect Repellent Moisturizing Lotion - SPF 30 Gentle Breeze, 4 oz",3.0,2018-10-10 17:47:19.2-04
Grandpa Gus's,"Grandpa Gus's Extra-Strength Mouse Repellent Pouches + Potent Mouse Repellent Spray, Peppermint/Cinnamon Oils Repel Mouse From Home/RV, Boat/Car Storage & Machinery, 4 x 1.76oz Pouches + 1 x 8oz Spray",3.0,2020-10-20 07:48:46.98-04
Avon,"Avon SKIN-SO-SOFT Bug Guard PLUS IR3535® Insect Repellent Moisturizing Lotion - SPF 30 Gentle Breeze, 4 oz",2.0,2020-08-15 11:01:43.234-04
Avon,"Avon SKIN-SO-SOFT Bug Guard PLUS IR3535® Insect Repellent Moisturizing Lotion - SPF 30 Gentle Breeze, 4 oz",4.0,2013-08-24 22:35:38-04
Avon,"Avon SKIN-SO-SOFT Bug Guard PLUS IR3535® Insect Repellent Moisturizing Lotion - SPF 30 Gentle Breeze, 4 oz",4.0,2018-07-15 22:57:13.795-04
Avon,"Avon SKIN-SO-SOFT Bug Guard PLUS IR3535® Insect Repellent Moisturizing Lotion - SPF 30 Gentle Breeze, 4 oz",2.0,2014-05-20 22:24:02-04
Whemoalus,"Whemoalus Squirrel Repellent Outdoor,4-Pack Natural Squirrel Repellent for Attic,Cars,Squirrel Deterrent for Garden,Squirrel Repellent for Plants,Mint Squirrel Repellent Indoor Safe Around Kid & Pets",1.0,2022-06-08 17:52:23.247-04
Avon,"Avon SKIN-SO-SOFT Bug Guard PLUS IR3535® Insect Repellent Moisturizing Lotion - SPF 30 Gentle Breeze, 4 oz",5.0,2017-04-09 06:30:30-04
Avon,"Avon SKIN-SO-SOFT Bug Guard PLUS IR3535® Insect Repellent Moisturizing Lotion - SPF 30 Gentle Breeze, 4 oz",5.0,2017-01-10 20:25:13-05
Whemoalus,"Whemoalus Squirrel Repellent Outdoor,4-Pack Natural Squirrel Repellent for Attic,Cars,Squirrel Deterrent for Garden,Squirrel Repellent for Plants,Mint Squirrel Repellent Indoor Safe Around Kid & Pets",5.0,2022-06-22 11:02:18.944-04
Nature's MACE,"Nature's MACE Cat Repellent 1 Gallon Spray/Treats 3,000 Sq. Ft. / Keep Cat Out of Your Lawn and Garden/Train Your Cat to Stay Out of Bushes/Safe to use Around Children & Plants",3.0,2021-12-24 12:17:09.267-05
Avon,"Avon SKIN-SO-SOFT Bug Guard PLUS IR3535® Insect Repellent Moisturizing Lotion - SPF 30 Gentle Breeze, 4 oz",5.0,2022-09-09 14:50:27.714-04
Sally's Organics,"10ml Organic Peppermint Essential Oil - Pure Therapeutic Grade - Works Best for Aromatherapy, Natural Soap, Shampoo, Hair, Lotion, Bath Melts, Body, Mice Repellent, and Air Freshener (Spray)",5.0,2018-01-04 20:27:58.154-05
Nature's MACE,"Nature's MACE Cat Repellent 1 Gallon Spray/Treats 3,000 Sq. Ft. / Keep Cat Out of Your Lawn and Garden/Train Your Cat to Stay Out of Bushes/Safe to use Around Children & Plants",5.0,2019-10-24 15:54:41.988-04
Nature's MACE,"Nature's MACE Cat Repellent 1 Gallon Spray/Treats 3,000 Sq. Ft. / Keep Cat Out of Your Lawn and Garden/Train Your Cat to Stay Out of Bushes/Safe to use Around Children & Plants",2.0,2022-07-31 13:06:12.266-04
Nature's MACE,"Nature's MACE Cat Repellent 1 Gallon Spray/Treats 3,000 Sq. Ft. / Keep Cat Out of Your Lawn and Garden/Train Your Cat to Stay Out of Bushes/Safe to use Around Children & Plants",1.0,2022-06-13 13:52:47.884-04
Natural Armor,Natural Armor Lizard & Gecko Repellent Spray - Powerful Peppermint Formulation Repels All Types of Lizards & Geckos and Works Better Than Ultrasonic Gimmicks – 128 fl oz - Gallon Ready to Use,5.0,2022-08-23 13:34:36.185-04
HomeSweety,"HomeSweety Portable Electronic Mosquito Repellent Bracelet, Mosquito Wristband Watch USB Charging, Suitable for Adults Children Indoors and Outdoors 2022 Model",3.0,2022-08-13 14:06:00.276-04
Nature's MACE,"Nature's MACE Cat Repellent 1 Gallon Spray/Treats 3,000 Sq. Ft. / Keep Cat Out of Your Lawn and Garden/Train Your Cat to Stay Out of Bushes/Safe to use Around Children & Plants",1.0,2019-03-28 05:43:53.419-04
Cutter,"Cutter Natural Fogger Insect Repellent, 3 pk./14 oz.each can",2.0,2017-08-19 23:10:10.115-04
Avon,"Avon SKIN-SO-SOFT Bug Guard PLUS IR3535® Insect Repellent Moisturizing Lotion - SPF 30 Gentle Breeze, 4 oz",5.0,2019-06-20 14:50:04.437-04
Avon,"Avon SKIN-SO-SOFT Bug Guard PLUS IR3535® Insect Repellent Moisturizing Lotion - SPF 30 Gentle Breeze, 4 oz",3.0,2018-05-22 21:11:44.519-04
Avon,"Avon SKIN-SO-SOFT Bug Guard PLUS IR3535® Insect Repellent Moisturizing Lotion - SPF 30 Gentle Breeze, 4 oz",3.0,2015-09-24 12:31:38-04
Nature's MACE,"Nature's MACE Cat Repellent 1 Gallon Spray/Treats 3,000 Sq. Ft. / Keep Cat Out of Your Lawn and Garden/Train Your Cat to Stay Out of Bushes/Safe to use Around Children & Plants",4.0,2018-05-04 14:44:35.89-04
Nature's MACE,"Nature's MACE Cat Repellent 1 Gallon Spray/Treats 3,000 Sq. Ft. / Keep Cat Out of Your Lawn and Garden/Train Your Cat to Stay Out of Bushes/Safe to use Around Children & Plants",1.0,2022-04-03 13:53:04.88-04
Avon,"Avon SKIN-SO-SOFT Bug Guard PLUS IR3535® Insect Repellent Moisturizing Lotion - SPF 30 Gentle Breeze, 4 oz",5.0,2015-08-12 22:25:04-04
Whemoalus,"Whemoalus Squirrel Repellent Outdoor,4-Pack Natural Squirrel Repellent for Attic,Cars,Squirrel Deterrent for Garden,Squirrel Repellent for Plants,Mint Squirrel Repellent Indoor Safe Around Kid & Pets",1.0,2022-10-11 18:03:14.08-04
Nature's MACE,"Nature's MACE Cat Repellent 1 Gallon Spray/Treats 3,000 Sq. Ft. / Keep Cat Out of Your Lawn and Garden/Train Your Cat to Stay Out of Bushes/Safe to use Around Children & Plants",1.0,2018-03-05 18:28:48.244-05
Tender Ben's,Ben's 30% DEET Tick & Insect Repellent Wipes - 2 Pack,5.0,2019-07-18 09:29:36.844-04
Nature's MACE,"Nature's MACE Cat Repellent 1 Gallon Spray/Treats 3,000 Sq. Ft. / Keep Cat Out of Your Lawn and Garden/Train Your Cat to Stay Out of Bushes/Safe to use Around Children & Plants",5.0,2021-02-26 13:08:23.235-05
Avon,"Avon SKIN-SO-SOFT Bug Guard PLUS IR3535® Insect Repellent Moisturizing Lotion - SPF 30 Gentle Breeze, 4 oz",5.0,2015-09-02 13:30:34-04
Avon,"Avon SKIN-SO-SOFT Bug Guard PLUS IR3535® Insect Repellent Moisturizing Lotion - SPF 30 Gentle Breeze, 4 oz",4.0,2016-07-14 22:31:43-04
NATURAL OUST,NATURAL OUST Peppermint Oil Spider Repellent Spray - Eco Friendly Indoor Outdoor - Effective Spider Control,5.0,2021-09-13 10:18:52.945-04
Avon,"Avon SKIN-SO-SOFT Bug Guard PLUS IR3535® Insect Repellent Moisturizing Lotion - SPF 30 Gentle Breeze, 4 oz",5.0,2016-09-20 11:57:21-04
Avon,"Avon SKIN-SO-SOFT Bug Guard PLUS IR3535® Insect Repellent Moisturizing Lotion - SPF 30 Gentle Breeze, 4 oz",5.0,2017-09-01 15:15:18.981-04
Avon,"Avon SKIN-SO-SOFT Bug Guard PLUS IR3535® Insect Repellent Moisturizing Lotion - SPF 30 Gentle Breeze, 4 oz",5.0,2021-07-31 15:55:30.502-04
Avon,"Avon SKIN-SO-SOFT Bug Guard PLUS IR3535® Insect Repellent Moisturizing Lotion - SPF 30 Gentle Breeze, 4 oz",5.0,2017-06-05 21:13:40-04
Avon,"Avon SKIN-SO-SOFT Bug Guard PLUS IR3535® Insect Repellent Moisturizing Lotion - SPF 30 Gentle Breeze, 4 oz",5.0,2014-08-16 11:07:35-04
Nature's MACE,"Nature's MACE Cat Repellent 1 Gallon Spray/Treats 3,000 Sq. Ft. / Keep Cat Out of Your Lawn and Garden/Train Your Cat to Stay Out of Bushes/Safe to use Around Children & Plants",1.0,2020-02-16 14:29:54.353-05
Avon,"Avon SKIN-SO-SOFT Bug Guard PLUS IR3535® Insect Repellent Moisturizing Lotion - SPF 30 Gentle Breeze, 4 oz",5.0,2015-09-09 16:56:53-04
Avon,"Avon SKIN-SO-SOFT Bug Guard PLUS IR3535® Insect Repellent Moisturizing Lotion - SPF 30 Gentle Breeze, 4 oz",3.0,2017-10-05 11:10:48.121-04
Avon,"Avon SKIN-SO-SOFT Bug Guard PLUS IR3535® Insect Repellent Moisturizing Lotion - SPF 30 Gentle Breeze, 4 oz",4.0,2020-01-18 09:05:03.18-05
Tender Ben's,Ben's 30% DEET Tick & Insect Repellent Wipes - 2 Pack,5.0,2019-07-31 00:39:07.958-04
Avon,"Avon SKIN-SO-SOFT Bug Guard PLUS IR3535® Insect Repellent Moisturizing Lotion - SPF 30 Gentle Breeze, 4 oz",1.0,2022-02-16 01:12:53.614-05
Avon,"Avon SKIN-SO-SOFT Bug Guard PLUS IR3535® Insect Repellent Moisturizing Lotion - SPF 30 Gentle Breeze, 4 oz",5.0,2015-07-12 20:06:06-04
Nature's MACE,"Nature's MACE Cat Repellent 1 Gallon Spray/Treats 3,000 Sq. Ft. / Keep Cat Out of Your Lawn and Garden/Train Your Cat to Stay Out of Bushes/Safe to use Around Children & Plants",4.0,2018-06-10 16:16:04.523-04
Avon,"Avon SKIN-SO-SOFT Bug Guard PLUS IR3535® Insect Repellent Moisturizing Lotion - SPF 30 Gentle Breeze, 4 oz",1.0,2020-02-05 20:11:19.509-05
Avon,"Avon SKIN-SO-SOFT Bug Guard PLUS IR3535® Insect Repellent Moisturizing Lotion - SPF 30 Gentle Breeze, 4 oz",5.0,2016-08-23 09:57:40-04
Avon,"Avon SKIN-SO-SOFT Bug Guard PLUS IR3535® Insect Repellent Moisturizing Lotion - SPF 30 Gentle Breeze, 4 oz",5.0,2014-07-15 03:30:37-04
Avon,"Avon SKIN-SO-SOFT Bug Guard PLUS IR3535® Insect Repellent Moisturizing Lotion - SPF 30 Gentle Breeze, 4 oz",3.0,2014-10-14 16:39:09-04
Avon,"Avon SKIN-SO-SOFT Bug Guard PLUS IR3535® Insect Repellent Moisturizing Lotion - SPF 30 Gentle Breeze, 4 oz",3.0,2017-04-24 13:41:04-04
Avon,"Avon SKIN-SO-SOFT Bug Guard PLUS IR3535® Insect Repellent Moisturizing Lotion - SPF 30 Gentle Breeze, 4 oz",4.0,2016-09-22 05:50:34-04
Avon,"Avon SKIN-SO-SOFT Bug Guard PLUS IR3535® Insect Repellent Moisturizing Lotion - SPF 30 Gentle Breeze, 4 oz",4.0,2013-08-23 23:06:22-04
Avon,"Avon SKIN-SO-SOFT Bug Guard PLUS IR3535® Insect Repellent Moisturizing Lotion - SPF 30 Gentle Breeze, 4 oz",5.0,2018-05-30 16:17:51.545-04
Grandpa Gus's,"Grandpa Gus's Extra-Strength Mouse Repellent Pouches + Potent Mouse Repellent Spray, Peppermint/Cinnamon Oils Repel Mouse From Home/RV, Boat/Car Storage & Machinery, 4 x 1.76oz Pouches + 1 x 8oz Spray",1.0,2020-12-26 14:54:56.087-05
Avon,"Avon SKIN-SO-SOFT Bug Guard PLUS IR3535® Insect Repellent Moisturizing Lotion - SPF 30 Gentle Breeze, 4 oz",4.0,2018-07-24 10:36:38.896-04
Avon,"Avon SKIN-SO-SOFT Bug Guard PLUS IR3535® Insect Repellent Moisturizing Lotion - SPF 30 Gentle Breeze, 4 oz",5.0,2016-07-17 22:41:57-04
Avon,"Avon SKIN-SO-SOFT Bug Guard PLUS IR3535® Insect Repellent Moisturizing Lotion - SPF 30 Gentle Breeze, 4 oz",5.0,2017-08-06 00:37:24.565-04
Avon,"Avon SKIN-SO-SOFT Bug Guard PLUS IR3535® Insect Repellent Moisturizing Lotion - SPF 30 Gentle Breeze, 4 oz",5.0,2018-08-21 07:14:03.666-04
Avon,"Avon SKIN-SO-SOFT Bug Guard PLUS IR3535® Insect Repellent Moisturizing Lotion - SPF 30 Gentle Breeze, 4 oz",3.0,2016-11-02 10:49:34-04
Avon,"Avon SKIN-SO-SOFT Bug Guard PLUS IR3535® Insect Repellent Moisturizing Lotion - SPF 30 Gentle Breeze, 4 oz",4.0,2016-09-22 09:30:19-04
Avon,"Avon SKIN-SO-SOFT Bug Guard PLUS IR3535® Insect Repellent Moisturizing Lotion - SPF 30 Gentle Breeze, 4 oz",4.0,2016-09-06 14:12:39-04
Avon,"Avon SKIN-SO-SOFT Bug Guard PLUS IR3535® Insect Repellent Moisturizing Lotion - SPF 30 Gentle Breeze, 4 oz",5.0,2014-05-20 10:48:44-04
Avon,"Avon SKIN-SO-SOFT Bug Guard PLUS IR3535® Insect Repellent Moisturizing Lotion - SPF 30 Gentle Breeze, 4 oz",5.0,2016-11-28 06:01:45-05
Avon,"Avon SKIN-SO-SOFT Bug Guard PLUS IR3535® Insect Repellent Moisturizing Lotion - SPF 30 Gentle Breeze, 4 oz",3.0,2017-05-12 23:15:03-04
Avon,"Avon SKIN-SO-SOFT Bug Guard PLUS IR3535® Insect Repellent Moisturizing Lotion - SPF 30 Gentle Breeze, 4 oz",4.0,2016-07-14 21:37:25-04
Avon,"Avon SKIN-SO-SOFT Bug Guard PLUS IR3535® Insect Repellent Moisturizing Lotion - SPF 30 Gentle Breeze, 4 oz",4.0,2013-02-01 10:03:36-05
Avon,"Avon SKIN-SO-SOFT Bug Guard PLUS IR3535® Insect Repellent Moisturizing Lotion - SPF 30 Gentle Breeze, 4 oz",5.0,2011-09-11 22:07:33-04
Avon,"Avon SKIN-SO-SOFT Bug Guard PLUS IR3535® Insect Repellent Moisturizing Lotion - SPF 30 Gentle Breeze, 4 oz",5.0,2016-10-05 01:27:07-04
Avon,"Avon SKIN-SO-SOFT Bug Guard PLUS IR3535® Insect Repellent Moisturizing Lotion - SPF 30 Gentle Breeze, 4 oz",5.0,2015-07-06 18:34:06-04
Avon,"Avon SKIN-SO-SOFT Bug Guard PLUS IR3535® Insect Repellent Moisturizing Lotion - SPF 30 Gentle Breeze, 4 oz",5.0,2017-08-20 14:53:21.679-04
Kaps,"Kaps Protector - Impregnating Shoe Boot Spray Water Repellent For Leather and Fabric - Fluor Free No PFC, Transparent / Neutral, 200 ml - 6.76 Fl Oz",5.0,2019-12-06 13:54:07.045-05
Solere,"Solar powered Mole repellent, ultrasonic Pest repellers. Sonic Gopher repeller outdoor Vole, Chipmunk, Snake repeller, Garden repeller, Pet safe. 4pcs",5.0,2021-02-09 13:19:27.81-05
Avon,"Avon SKIN-SO-SOFT Bug Guard PLUS IR3535® Insect Repellent Moisturizing Lotion - SPF 30 Gentle Breeze, 4 oz",5.0,2014-10-23 08:02:10-04
Avon,"Avon SKIN-SO-SOFT Bug Guard PLUS IR3535® Insect Repellent Moisturizing Lotion - SPF 30 Gentle Breeze, 4 oz",5.0,2017-08-15 09:23:43.8-04
Avon,"Avon SKIN-SO-SOFT Bug Guard PLUS IR3535® Insect Repellent Moisturizing Lotion - SPF 30 Gentle Breeze, 4 oz",5.0,2012-09-08 14:47:24-04
Avon,"Avon SKIN-SO-SOFT Bug Guard PLUS IR3535® Insect Repellent Moisturizing Lotion - SPF 30 Gentle Breeze, 4 oz",4.0,2014-07-13 14:11:37-04
Avon,"Avon SKIN-SO-SOFT Bug Guard PLUS IR3535® Insect Repellent Moisturizing Lotion - SPF 30 Gentle Breeze, 4 oz",5.0,2016-06-10 22:53:28-04
Avon,"Avon SKIN-SO-SOFT Bug Guard PLUS IR3535® Insect Repellent Moisturizing Lotion - SPF 30 Gentle Breeze, 4 oz",5.0,2016-09-12 21:03:54-04
Avon,"Avon SKIN-SO-SOFT Bug Guard PLUS IR3535® Insect Repellent Moisturizing Lotion - SPF 30 Gentle Breeze, 4 oz",4.0,2014-11-03 13:07:27-05
HONGXIAN,Gopher Repeller Ultrasonic Solar Mole Repellent 4 Pack Solar Mole Repellent & Gopher Repellent Ultrasonic Solar Powered Waterproof for Yard & Garden,5.0,2023-01-05 13:53:22.004-05
Avon,"Avon SKIN-SO-SOFT Bug Guard PLUS IR3535® Insect Repellent Moisturizing Lotion - SPF 30 Gentle Breeze, 4 oz",4.0,2018-06-16 18:33:04.539-04
Repellex,"Repellex Systemic Deer and Other Animal Repellent, 150 Tablets",5.0,2020-11-13 18:01:53.459-05
Avon,"Avon SKIN-SO-SOFT Bug Guard PLUS IR3535® Insect Repellent Moisturizing Lotion - SPF 30 Gentle Breeze, 4 oz",1.0,2017-12-27 10:56:27.204-05
Avon,"Avon SKIN-SO-SOFT Bug Guard PLUS IR3535® Insect Repellent Moisturizing Lotion - SPF 30 Gentle Breeze, 4 oz",5.0,2014-07-14 18:32:37-04
Nature's MACE,"Nature's MACE Cat Repellent 1 Gallon Spray/Treats 3,000 Sq. Ft. / Keep Cat Out of Your Lawn and Garden/Train Your Cat to Stay Out of Bushes/Safe to use Around Children & Plants",4.0,2021-10-13 20:31:04.585-04
Natural Armor,Natural Armor Lizard & Gecko Repellent Spray - Powerful Peppermint Formulation Repels All Types of Lizards & Geckos and Works Better Than Ultrasonic Gimmicks – 128 fl oz - Gallon Ready to Use,1.0,2023-03-17 11:56:00.727-04
Cutter,"Cutter Natural Fogger Insect Repellent, 3 pk./14 oz.each can",4.0,2018-08-09 18:02:38.657-04
Grandpa Gus's,"Grandpa Gus's Extra-Strength Mouse Repellent Pouches + Potent Mouse Repellent Spray, Peppermint/Cinnamon Oils Repel Mouse From Home/RV, Boat/Car Storage & Machinery, 4 x 1.76oz Pouches + 1 x 8oz Spray",4.0,2022-12-19 07:28:53.234-05
Whemoalus,"Whemoalus Squirrel Repellent Outdoor,4-Pack Natural Squirrel Repellent for Attic,Cars,Squirrel Deterrent for Garden,Squirrel Repellent for Plants,Mint Squirrel Repellent Indoor Safe Around Kid & Pets",1.0,2022-07-02 21:06:00.653-04
Avon,"Avon SKIN-SO-SOFT Bug Guard PLUS IR3535® Insect Repellent Moisturizing Lotion - SPF 30 Gentle Breeze, 4 oz",5.0,2018-03-17 16:03:00.935-04
Green Goo,"Green Goo Bugs Be Gone, All-Natural Essential Oil Tick, Fly & Insect Repellent, Safe to Spray On Skin, 4.5 Oz",5.0,2016-06-15 13:16:27-04
Avon,"Avon SKIN-SO-SOFT Bug Guard PLUS IR3535® Insect Repellent Moisturizing Lotion - SPF 30 Gentle Breeze, 4 oz",4.0,2016-05-12 07:39:23-04
Avon,"Avon SKIN-SO-SOFT Bug Guard PLUS IR3535® Insect Repellent Moisturizing Lotion - SPF 30 Gentle Breeze, 4 oz",5.0,2015-06-05 00:38:59-04
Avon,"Avon SKIN-SO-SOFT Bug Guard PLUS IR3535® Insect Repellent Moisturizing Lotion - SPF 30 Gentle Breeze, 4 oz",5.0,2017-04-25 18:33:35-04
Avon,"Avon SKIN-SO-SOFT Bug Guard PLUS IR3535® Insect Repellent Moisturizing Lotion - SPF 30 Gentle Breeze, 4 oz",5.0,2017-09-20 21:42:41.85-04
Avon,"Avon SKIN-SO-SOFT Bug Guard PLUS IR3535® Insect Repellent Moisturizing Lotion - SPF 30 Gentle Breeze, 4 oz",5.0,2015-06-28 18:46:18-04
Avon,"Avon SKIN-SO-SOFT Bug Guard PLUS IR3535® Insect Repellent Moisturizing Lotion - SPF 30 Gentle Breeze, 4 oz",3.0,2018-11-07 23:23:17.015-05
Avon,"Avon SKIN-SO-SOFT Bug Guard PLUS IR3535® Insect Repellent Moisturizing Lotion - SPF 30 Gentle Breeze, 4 oz",1.0,2014-12-28 22:47:18-05
Nature's MACE,"Nature's MACE Cat Repellent 1 Gallon Spray/Treats 3,000 Sq. Ft. / Keep Cat Out of Your Lawn and Garden/Train Your Cat to Stay Out of Bushes/Safe to use Around Children & Plants",3.0,2019-09-18 17:48:31.12-04
Nature's MACE,"Nature's MACE Cat Repellent 1 Gallon Spray/Treats 3,000 Sq. Ft. / Keep Cat Out of Your Lawn and Garden/Train Your Cat to Stay Out of Bushes/Safe to use Around Children & Plants",1.0,2017-09-24 15:22:22.162-04
Nature's MACE,"Nature's MACE Cat Repellent 1 Gallon Spray/Treats 3,000 Sq. Ft. / Keep Cat Out of Your Lawn and Garden/Train Your Cat to Stay Out of Bushes/Safe to use Around Children & Plants",1.0,2019-05-08 16:49:56.063-04
Avon,"Avon SKIN-SO-SOFT Bug Guard PLUS IR3535® Insect Repellent Moisturizing Lotion - SPF 30 Gentle Breeze, 4 oz",5.0,2015-09-08 16:25:42-04
Avon,"Avon SKIN-SO-SOFT Bug Guard PLUS IR3535® Insect Repellent Moisturizing Lotion - SPF 30 Gentle Breeze, 4 oz",5.0,2016-06-08 11:25:20-04
Natural Armor,Natural Armor Lizard & Gecko Repellent Spray - Powerful Peppermint Formulation Repels All Types of Lizards & Geckos and Works Better Than Ultrasonic Gimmicks – 128 fl oz - Gallon Ready to Use,4.0,2022-06-12 20:23:37.566-04
Nature's MACE,"Nature's MACE Cat Repellent 1 Gallon Spray/Treats 3,000 Sq. Ft. / Keep Cat Out of Your Lawn and Garden/Train Your Cat to Stay Out of Bushes/Safe to use Around Children & Plants",4.0,2019-06-29 17:17:57.551-04
eHouse,AC12 Ultrasonic Pest Repeller - Electronic Plug in Best Repellent - Pest Control - Get Rid of - Rodents Squirrels Mice Rats Insects - Roaches Spiders Fleas Bed Bugs Flies Ants Mosquitos Fruit Fly!,5.0,2020-11-04 15:53:19.54-05
Avon,"Avon SKIN-SO-SOFT Bug Guard PLUS IR3535® Insect Repellent Moisturizing Lotion - SPF 30 Gentle Breeze, 4 oz",5.0,2015-12-06 14:47:38-05
Avon,"Avon SKIN-SO-SOFT Bug Guard PLUS IR3535® Insect Repellent Moisturizing Lotion - SPF 30 Gentle Breeze, 4 oz",3.0,2015-11-27 06:32:45-05
Tender Ben's,Ben's 30% DEET Tick & Insect Repellent Wipes - 2 Pack,5.0,2021-08-01 08:15:50.489-04
Avon,"Avon SKIN-SO-SOFT Bug Guard PLUS IR3535® Insect Repellent Moisturizing Lotion - SPF 30 Gentle Breeze, 4 oz",5.0,2016-06-24 20:47:13-04
Avon,"Avon SKIN-SO-SOFT Bug Guard PLUS IR3535® Insect Repellent Moisturizing Lotion - SPF 30 Gentle Breeze, 4 oz",5.0,2021-06-06 22:33:32.111-04
Avon,"Avon SKIN-SO-SOFT Bug Guard PLUS IR3535® Insect Repellent Moisturizing Lotion - SPF 30 Gentle Breeze, 4 oz",5.0,2016-11-28 13:17:28-05
Avon,"Avon SKIN-SO-SOFT Bug Guard PLUS IR3535® Insect Repellent Moisturizing Lotion - SPF 30 Gentle Breeze, 4 oz",3.0,2016-09-08 23:18:16-04
Avon,"Avon SKIN-SO-SOFT Bug Guard PLUS IR3535® Insect Repellent Moisturizing Lotion - SPF 30 Gentle Breeze, 4 oz",5.0,2016-11-04 06:22:19-04
Avon,"Avon SKIN-SO-SOFT Bug Guard PLUS IR3535® Insect Repellent Moisturizing Lotion - SPF 30 Gentle Breeze, 4 oz",2.0,2020-08-10 12:56:50.089-04
Grandpa Gus's,"Grandpa Gus's Extra-Strength Mouse Repellent Pouches + Potent Mouse Repellent Spray, Peppermint/Cinnamon Oils Repel Mouse From Home/RV, Boat/Car Storage & Machinery, 4 x 1.76oz Pouches + 1 x 8oz Spray",5.0,2021-03-19 01:41:47.621-04
Avon,"Avon SKIN-SO-SOFT Bug Guard PLUS IR3535® Insect Repellent Moisturizing Lotion - SPF 30 Gentle Breeze, 4 oz",5.0,2016-07-09 20:07:26-04
Avon,"Avon SKIN-SO-SOFT Bug Guard PLUS IR3535® Insect Repellent Moisturizing Lotion - SPF 30 Gentle Breeze, 4 oz",1.0,2016-10-16 12:15:59-04
Avon,"Avon SKIN-SO-SOFT Bug Guard PLUS IR3535® Insect Repellent Moisturizing Lotion - SPF 30 Gentle Breeze, 4 oz",5.0,2014-08-02 17:48:50-04
Avon,"Avon SKIN-SO-SOFT Bug Guard PLUS IR3535® Insect Repellent Moisturizing Lotion - SPF 30 Gentle Breeze, 4 oz",5.0,2016-02-25 07:52:00-05
Avon,"Avon SKIN-SO-SOFT Bug Guard PLUS IR3535® Insect Repellent Moisturizing Lotion - SPF 30 Gentle Breeze, 4 oz",5.0,2020-09-27 08:28:56.912-04
Avon,"Avon SKIN-SO-SOFT Bug Guard PLUS IR3535® Insect Repellent Moisturizing Lotion - SPF 30 Gentle Breeze, 4 oz",1.0,2019-07-13 08:48:05.308-04
Avon,"Avon SKIN-SO-SOFT Bug Guard PLUS IR3535® Insect Repellent Moisturizing Lotion - SPF 30 Gentle Breeze, 4 oz",5.0,2019-04-20 00:21:39.764-04
Avon,"Avon SKIN-SO-SOFT Bug Guard PLUS IR3535® Insect Repellent Moisturizing Lotion - SPF 30 Gentle Breeze, 4 oz",5.0,2018-06-07 09:57:38.64-04
Avon,"Avon SKIN-SO-SOFT Bug Guard PLUS IR3535® Insect Repellent Moisturizing Lotion - SPF 30 Gentle Breeze, 4 oz",5.0,2018-01-28 19:25:06.506-05
Avon,"Avon SKIN-SO-SOFT Bug Guard PLUS IR3535® Insect Repellent Moisturizing Lotion - SPF 30 Gentle Breeze, 4 oz",5.0,2014-07-25 09:05:09-04
ZELKON,"2-Pack Solar Animal Repeller, Ultrasonic Animal Repellent, Outdoor Cat Repellent,Motion Detection, LED Flashing Light,Alarm Sound Scare Away Dog,Rodent,Fox,Deer,Squirrel,Raccoon,Skunk,Rabbit,etc.",3.0,2023-03-13 10:03:57.073-04
Grandpa Gus's,"Grandpa Gus's Extra-Strength Mouse Repellent Pouches + Potent Mouse Repellent Spray, Peppermint/Cinnamon Oils Repel Mouse From Home/RV, Boat/Car Storage & Machinery, 4 x 1.76oz Pouches + 1 x 8oz Spray",5.0,2023-01-18 16:35:12.013-05
Avon,"Avon SKIN-SO-SOFT Bug Guard PLUS IR3535® Insect Repellent Moisturizing Lotion - SPF 30 Gentle Breeze, 4 oz",5.0,2018-08-11 10:15:05.873-04
Avon,"Avon SKIN-SO-SOFT Bug Guard PLUS IR3535® Insect Repellent Moisturizing Lotion - SPF 30 Gentle Breeze, 4 oz",4.0,2014-07-25 09:06:55-04
Avon,"Avon SKIN-SO-SOFT Bug Guard PLUS IR3535® Insect Repellent Moisturizing Lotion - SPF 30 Gentle Breeze, 4 oz",3.0,2016-04-20 17:14:27-04
Green Goo,"Green Goo Bugs Be Gone, All-Natural Essential Oil Tick, Fly & Insect Repellent, Safe to Spray On Skin, 4.5 Oz",4.0,2022-09-01 02:48:46.853-04
Avon,"Avon SKIN-SO-SOFT Bug Guard PLUS IR3535® Insect Repellent Moisturizing Lotion - SPF 30 Gentle Breeze, 4 oz",5.0,2017-04-04 11:54:07-04
Nature's MACE,"Nature's MACE Cat Repellent 1 Gallon Spray/Treats 3,000 Sq. Ft. / Keep Cat Out of Your Lawn and Garden/Train Your Cat to Stay Out of Bushes/Safe to use Around Children & Plants",5.0,2021-12-02 14:52:38.531-05
Nature's MACE,"Nature's MACE Cat Repellent 1 Gallon Spray/Treats 3,000 Sq. Ft. / Keep Cat Out of Your Lawn and Garden/Train Your Cat to Stay Out of Bushes/Safe to use Around Children & Plants",4.0,2018-04-21 15:04:34.096-04
Avon,"Avon SKIN-SO-SOFT Bug Guard PLUS IR3535® Insect Repellent Moisturizing Lotion - SPF 30 Gentle Breeze, 4 oz",5.0,2019-04-27 16:20:09.328-04
Avon,"Avon SKIN-SO-SOFT Bug Guard PLUS IR3535® Insect Repellent Moisturizing Lotion - SPF 30 Gentle Breeze, 4 oz",5.0,2014-07-14 21:25:57-04
Avon,"Avon SKIN-SO-SOFT Bug Guard PLUS IR3535® Insect Repellent Moisturizing Lotion - SPF 30 Gentle Breeze, 4 oz",5.0,2019-07-11 23:57:18.611-04
Avon,"Avon SKIN-SO-SOFT Bug Guard PLUS IR3535® Insect Repellent Moisturizing Lotion - SPF 30 Gentle Breeze, 4 oz",4.0,2021-10-02 18:45:24.517-04
Avon,"Avon SKIN-SO-SOFT Bug Guard PLUS IR3535® Insect Repellent Moisturizing Lotion - SPF 30 Gentle Breeze, 4 oz",5.0,2014-06-15 09:52:19-04
Grandpa Gus's,"Grandpa Gus's Extra-Strength Mouse Repellent Pouches + Potent Mouse Repellent Spray, Peppermint/Cinnamon Oils Repel Mouse From Home/RV, Boat/Car Storage & Machinery, 4 x 1.76oz Pouches + 1 x 8oz Spray",5.0,2021-07-31 13:13:40.019-04
eHouse,AC12g Ultrasonic Pest Repeller - Electronic Plug in Best Repellent - Pest Control - Get Rid of - Rodents Squirrels Rats Mice Insects - Roaches Spiders Mosquitos Fleas Fruit Fly Bed Bugs Flies Ants!,1.0,2021-05-04 14:27:35.777-04
Avon,"Avon SKIN-SO-SOFT Bug Guard PLUS IR3535® Insect Repellent Moisturizing Lotion - SPF 30 Gentle Breeze, 4 oz",5.0,2013-06-29 00:14:32-04
Avon,"Avon SKIN-SO-SOFT Bug Guard PLUS IR3535® Insect Repellent Moisturizing Lotion - SPF 30 Gentle Breeze, 4 oz",5.0,2015-06-18 14:31:26-04
eHouse,AC12g Ultrasonic Pest Repeller - Electronic Plug in Best Repellent - Pest Control - Get Rid of - Rodents Squirrels Rats Mice Insects - Roaches Spiders Mosquitos Fleas Fruit Fly Bed Bugs Flies Ants!,5.0,2020-10-17 23:35:45.751-04
Avon,"Avon SKIN-SO-SOFT Bug Guard PLUS IR3535® Insect Repellent Moisturizing Lotion - SPF 30 Gentle Breeze, 4 oz",2.0,2017-01-05 14:18:45-05
BuggyBands,"6 Pack Mosquito Repellent Bracelets, Natural and Waterproof Wrist Bands for Adults, Kids, Pets - [Individually Wrapped], Travel Protection Outdoor – Indoor",1.0,2020-06-30 08:26:38.783-04
Avon,"Avon SKIN-SO-SOFT Bug Guard PLUS IR3535® Insect Repellent Moisturizing Lotion - SPF 30 Gentle Breeze, 4 oz",5.0,2017-07-03 10:27:19.368-04
Avon,"Avon SKIN-SO-SOFT Bug Guard PLUS IR3535® Insect Repellent Moisturizing Lotion - SPF 30 Gentle Breeze, 4 oz",1.0,2021-10-31 17:05:19.786-04
Avon,"Avon SKIN-SO-SOFT Bug Guard PLUS IR3535® Insect Repellent Moisturizing Lotion - SPF 30 Gentle Breeze, 4 oz",4.0,2016-05-26 13:20:57-04
Nature's MACE,"Nature's MACE Cat Repellent 1 Gallon Spray/Treats 3,000 Sq. Ft. / Keep Cat Out of Your Lawn and Garden/Train Your Cat to Stay Out of Bushes/Safe to use Around Children & Plants",5.0,2023-02-09 19:51:25.153-05
Avon,"Avon SKIN-SO-SOFT Bug Guard PLUS IR3535® Insect Repellent Moisturizing Lotion - SPF 30 Gentle Breeze, 4 oz",5.0,2016-09-21 22:32:54-04
Avon,"Avon SKIN-SO-SOFT Bug Guard PLUS IR3535® Insect Repellent Moisturizing Lotion - SPF 30 Gentle Breeze, 4 oz",3.0,2019-08-20 18:46:18.266-04
Nature's MACE,"Nature's MACE Cat Repellent 1 Gallon Spray/Treats 3,000 Sq. Ft. / Keep Cat Out of Your Lawn and Garden/Train Your Cat to Stay Out of Bushes/Safe to use Around Children & Plants",1.0,2019-06-10 16:51:20.715-04
Nature's MACE,"Nature's MACE Cat Repellent 1 Gallon Spray/Treats 3,000 Sq. Ft. / Keep Cat Out of Your Lawn and Garden/Train Your Cat to Stay Out of Bushes/Safe to use Around Children & Plants",1.0,2021-03-20 08:46:45.119-04
eHouse,AC12 Ultrasonic Pest Repeller - Electronic Plug in Best Repellent - Pest Control - Get Rid of - Rodents Squirrels Mice Rats Insects - Roaches Spiders Fleas Bed Bugs Flies Ants Mosquitos Fruit Fly!,1.0,2020-08-22 08:47:43.522-04
Avon,"Avon SKIN-SO-SOFT Bug Guard PLUS IR3535® Insect Repellent Moisturizing Lotion - SPF 30 Gentle Breeze, 4 oz",3.0,2014-08-11 13:16:43-04
Nature's MACE,"Nature's MACE Cat Repellent 1 Gallon Spray/Treats 3,000 Sq. Ft. / Keep Cat Out of Your Lawn and Garden/Train Your Cat to Stay Out of Bushes/Safe to use Around Children & Plants",5.0,2018-09-23 08:31:48.265-04
eHouse,AC12 Ultrasonic Pest Repeller - Electronic Plug in Best Repellent - Pest Control - Get Rid of - Rodents Squirrels Mice Rats Insects - Roaches Spiders Fleas Bed Bugs Flies Ants Mosquitos Fruit Fly!,5.0,2020-07-17 08:29:14.444-04
Nature's MACE,"Nature's MACE Cat Repellent 1 Gallon Spray/Treats 3,000 Sq. Ft. / Keep Cat Out of Your Lawn and Garden/Train Your Cat to Stay Out of Bushes/Safe to use Around Children & Plants",4.0,2021-11-04 13:36:49.113-04
Nature's MACE,"Nature's MACE Cat Repellent 1 Gallon Spray/Treats 3,000 Sq. Ft. / Keep Cat Out of Your Lawn and Garden/Train Your Cat to Stay Out of Bushes/Safe to use Around Children & Plants",5.0,2021-07-22 18:49:10.616-04
Avon,"Avon SKIN-SO-SOFT Bug Guard PLUS IR3535® Insect Repellent Moisturizing Lotion - SPF 30 Gentle Breeze, 4 oz",4.0,2018-10-05 14:54:00.158-04
Avon,"Avon SKIN-SO-SOFT Bug Guard PLUS IR3535® Insect Repellent Moisturizing Lotion - SPF 30 Gentle Breeze, 4 oz",2.0,2020-09-01 18:48:57.912-04
SEALUXE,"SEALUXE Rodent Repellent Packs,Mouse Repellent,Peppermint Oil to Repel Mice, Mice Repellent Peppermint,Natural Rat Repellent,Insect Repellent with Peppermint Oil 4-Pack",2.0,2021-03-06 14:52:42.81-05
Nature's MACE,"Nature's MACE Cat Repellent 1 Gallon Spray/Treats 3,000 Sq. Ft. / Keep Cat Out of Your Lawn and Garden/Train Your Cat to Stay Out of Bushes/Safe to use Around Children & Plants",4.0,2020-09-28 19:52:59.568-04
Avon,"Avon SKIN-SO-SOFT Bug Guard PLUS IR3535® Insect Repellent Moisturizing Lotion - SPF 30 Gentle Breeze, 4 oz",3.0,2020-01-11 13:59:12.606-05
Avon,"Avon SKIN-SO-SOFT Bug Guard PLUS IR3535® Insect Repellent Moisturizing Lotion - SPF 30 Gentle Breeze, 4 oz",5.0,2015-06-21 17:05:15-04
Nature's MACE,"Nature's MACE Cat Repellent 1 Gallon Spray/Treats 3,000 Sq. Ft. / Keep Cat Out of Your Lawn and Garden/Train Your Cat to Stay Out of Bushes/Safe to use Around Children & Plants",3.0,2019-09-09 23:17:09.605-04
Avon,"Avon SKIN-SO-SOFT Bug Guard PLUS IR3535® Insect Repellent Moisturizing Lotion - SPF 30 Gentle Breeze, 4 oz",5.0,2015-09-05 18:27:40-04
Avon,"Avon SKIN-SO-SOFT Bug Guard PLUS IR3535® Insect Repellent Moisturizing Lotion - SPF 30 Gentle Breeze, 4 oz",5.0,2017-12-27 10:39:26.887-05
Green Goo,"Green Goo Bugs Be Gone, All-Natural Essential Oil Tick, Fly & Insect Repellent, Safe to Spray On Skin, 4.5 Oz",5.0,2018-08-30 11:05:30.892-04
Nature's MACE,"Nature's MACE Cat Repellent 1 Gallon Spray/Treats 3,000 Sq. Ft. / Keep Cat Out of Your Lawn and Garden/Train Your Cat to Stay Out of Bushes/Safe to use Around Children & Plants",4.0,2021-05-17 11:37:23.588-04
Avon,"Avon SKIN-SO-SOFT Bug Guard PLUS IR3535® Insect Repellent Moisturizing Lotion - SPF 30 Gentle Breeze, 4 oz",5.0,2016-03-06 18:17:22-05
Avon,"Avon SKIN-SO-SOFT Bug Guard PLUS IR3535® Insect Repellent Moisturizing Lotion - SPF 30 Gentle Breeze, 4 oz",5.0,2017-03-23 10:03:19-04
Nature's MACE,"Nature's MACE Cat Repellent 1 Gallon Spray/Treats 3,000 Sq. Ft. / Keep Cat Out of Your Lawn and Garden/Train Your Cat to Stay Out of Bushes/Safe to use Around Children & Plants",5.0,2018-10-28 13:13:23.111-04
Avon,"Avon SKIN-SO-SOFT Bug Guard PLUS IR3535® Insect Repellent Moisturizing Lotion - SPF 30 Gentle Breeze, 4 oz",5.0,2015-10-24 14:38:22-04
Avon,"Avon SKIN-SO-SOFT Bug Guard PLUS IR3535® Insect Repellent Moisturizing Lotion - SPF 30 Gentle Breeze, 4 oz",1.0,2016-04-06 22:05:02-04
Avon,"Avon SKIN-SO-SOFT Bug Guard PLUS IR3535® Insect Repellent Moisturizing Lotion - SPF 30 Gentle Breeze, 4 oz",5.0,2016-08-12 03:54:41-04
Avon,"Avon SKIN-SO-SOFT Bug Guard PLUS IR3535® Insect Repellent Moisturizing Lotion - SPF 30 Gentle Breeze, 4 oz",5.0,2016-09-11 14:35:02-04
Avon,"Avon SKIN-SO-SOFT Bug Guard PLUS IR3535® Insect Repellent Moisturizing Lotion - SPF 30 Gentle Breeze, 4 oz",5.0,2013-11-06 16:53:48-05
Avon,"Avon SKIN-SO-SOFT Bug Guard PLUS IR3535® Insect Repellent Moisturizing Lotion - SPF 30 Gentle Breeze, 4 oz",5.0,2016-04-05 21:32:39-04
Nature's MACE,"Nature's MACE Cat Repellent 1 Gallon Spray/Treats 3,000 Sq. Ft. / Keep Cat Out of Your Lawn and Garden/Train Your Cat to Stay Out of Bushes/Safe to use Around Children & Plants",1.0,2020-04-01 17:35:33.423-04
Avon,"Avon SKIN-SO-SOFT Bug Guard PLUS IR3535® Insect Repellent Moisturizing Lotion - SPF 30 Gentle Breeze, 4 oz",2.0,2019-06-25 23:37:35.083-04
Avon,"Avon SKIN-SO-SOFT Bug Guard PLUS IR3535® Insect Repellent Moisturizing Lotion - SPF 30 Gentle Breeze, 4 oz",1.0,2018-10-19 18:19:25.007-04
NATURAL OUST,NATURAL OUST Peppermint Oil Spider Repellent Spray - Eco Friendly Indoor Outdoor - Effective Spider Control,3.0,2021-08-10 20:54:32.017-04
Avon,"Avon SKIN-SO-SOFT Bug Guard PLUS IR3535® Insect Repellent Moisturizing Lotion - SPF 30 Gentle Breeze, 4 oz",4.0,2022-08-25 17:02:32.46-04
Avon,"Avon SKIN-SO-SOFT Bug Guard PLUS IR3535® Insect Repellent Moisturizing Lotion - SPF 30 Gentle Breeze, 4 oz",3.0,2018-05-09 00:13:30.718-04
Tender Ben's,Ben's 30% DEET Tick & Insect Repellent Wipes - 2 Pack,5.0,2017-03-05 15:31:07-05
Nature's MACE,"Nature's MACE Cat Repellent 1 Gallon Spray/Treats 3,000 Sq. Ft. / Keep Cat Out of Your Lawn and Garden/Train Your Cat to Stay Out of Bushes/Safe to use Around Children & Plants",4.0,2021-06-19 10:17:30.085-04
Nature's MACE,"Nature's MACE Cat Repellent 1 Gallon Spray/Treats 3,000 Sq. Ft. / Keep Cat Out of Your Lawn and Garden/Train Your Cat to Stay Out of Bushes/Safe to use Around Children & Plants",5.0,2021-02-05 13:48:47.823-05
SEALUXE,"SEALUXE Rodent Repellent Packs,Mouse Repellent,Peppermint Oil to Repel Mice, Mice Repellent Peppermint,Natural Rat Repellent,Pest Control,Insect Repellent with Peppermint Oil 8-Pack",1.0,2021-01-12 11:59:28.18-05
Avon,"Avon SKIN-SO-SOFT Bug Guard PLUS IR3535® Insect Repellent Moisturizing Lotion - SPF 30 Gentle Breeze, 4 oz",5.0,2017-08-17 11:27:48.416-04
Avon,"Avon SKIN-SO-SOFT Bug Guard PLUS IR3535® Insect Repellent Moisturizing Lotion - SPF 30 Gentle Breeze, 4 oz",5.0,2019-03-07 07:57:37.816-05
Avon,"Avon SKIN-SO-SOFT Bug Guard PLUS IR3535® Insect Repellent Moisturizing Lotion - SPF 30 Gentle Breeze, 4 oz",3.0,2017-01-25 15:14:40-05
Avon,"Avon SKIN-SO-SOFT Bug Guard PLUS IR3535® Insect Repellent Moisturizing Lotion - SPF 30 Gentle Breeze, 4 oz",5.0,2016-08-02 22:09:20-04
THUMB THUMB NO THUMB! NATURAL & SAFE FOR KIDS,Thumb Thumb NO THUMB natural dentist approved thumb sucking deterrent for kids,2.0,2020-06-07 21:05:05.976-04
Avon,"Avon SKIN-SO-SOFT Bug Guard PLUS IR3535® Insect Repellent Moisturizing Lotion - SPF 30 Gentle Breeze, 4 oz",5.0,2016-11-26 21:16:55-05
Avon,"Avon SKIN-SO-SOFT Bug Guard PLUS IR3535® Insect Repellent Moisturizing Lotion - SPF 30 Gentle Breeze, 4 oz",5.0,2016-07-30 23:23:54-04
Nature's MACE,"Nature's MACE Cat Repellent 1 Gallon Spray/Treats 3,000 Sq. Ft. / Keep Cat Out of Your Lawn and Garden/Train Your Cat to Stay Out of Bushes/Safe to use Around Children & Plants",4.0,2021-06-03 10:06:47.553-04
Avon,"Avon SKIN-SO-SOFT Bug Guard PLUS IR3535® Insect Repellent Moisturizing Lotion - SPF 30 Gentle Breeze, 4 oz",4.0,2017-07-27 12:00:59.407-04
Spectrum,"Cutter Dry Insect Repellent, 4-Ounce ( Pack of 3 )",5.0,2018-07-19 12:49:30.22-04
Nature's MACE,"Nature's MACE Cat Repellent 1 Gallon Spray/Treats 3,000 Sq. Ft. / Keep Cat Out of Your Lawn and Garden/Train Your Cat to Stay Out of Bushes/Safe to use Around Children & Plants",3.0,2020-08-12 00:05:56.832-04
Nature's MACE,"Nature's MACE Cat Repellent 1 Gallon Spray/Treats 3,000 Sq. Ft. / Keep Cat Out of Your Lawn and Garden/Train Your Cat to Stay Out of Bushes/Safe to use Around Children & Plants",2.0,2023-02-14 11:57:09.89-05
Avon,"Avon SKIN-SO-SOFT Bug Guard PLUS IR3535® Insect Repellent Moisturizing Lotion - SPF 30 Gentle Breeze, 4 oz",5.0,2014-12-16 13:10:21-05
Avon,"Avon SKIN-SO-SOFT Bug Guard PLUS IR3535® Insect Repellent Moisturizing Lotion - SPF 30 Gentle Breeze, 4 oz",4.0,2014-08-21 14:45:29-04
Nature's MACE,"Nature's MACE Cat Repellent 1 Gallon Spray/Treats 3,000 Sq. Ft. / Keep Cat Out of Your Lawn and Garden/Train Your Cat to Stay Out of Bushes/Safe to use Around Children & Plants",5.0,2021-11-05 17:50:36.113-04
Avon,"Avon SKIN-SO-SOFT Bug Guard PLUS IR3535® Insect Repellent Moisturizing Lotion - SPF 30 Gentle Breeze, 4 oz",5.0,2019-10-21 06:11:28.86-04
Avon,"Avon SKIN-SO-SOFT Bug Guard PLUS IR3535® Insect Repellent Moisturizing Lotion - SPF 30 Gentle Breeze, 4 oz",5.0,2020-02-18 20:11:26.645-05
Avon,"Avon SKIN-SO-SOFT Bug Guard PLUS IR3535® Insect Repellent Moisturizing Lotion - SPF 30 Gentle Breeze, 4 oz",5.0,2014-12-31 10:29:38-05
Avon,"Avon SKIN-SO-SOFT Bug Guard PLUS IR3535® Insect Repellent Moisturizing Lotion - SPF 30 Gentle Breeze, 4 oz",5.0,2019-07-30 11:34:45.265-04
Nature's MACE,"Nature's MACE Cat Repellent 1 Gallon Spray/Treats 3,000 Sq. Ft. / Keep Cat Out of Your Lawn and Garden/Train Your Cat to Stay Out of Bushes/Safe to use Around Children & Plants",5.0,2021-03-09 12:02:31.853-05
Nature's MACE,"Nature's MACE Cat Repellent 1 Gallon Spray/Treats 3,000 Sq. Ft. / Keep Cat Out of Your Lawn and Garden/Train Your Cat to Stay Out of Bushes/Safe to use Around Children & Plants",3.0,2020-02-18 00:25:16.027-05
Avon,"Avon SKIN-SO-SOFT Bug Guard PLUS IR3535® Insect Repellent Moisturizing Lotion - SPF 30 Gentle Breeze, 4 oz",1.0,2022-09-30 17:55:23.845-04
Avon,"Avon SKIN-SO-SOFT Bug Guard PLUS IR3535® Insect Repellent Moisturizing Lotion - SPF 30 Gentle Breeze, 4 oz",4.0,2016-08-24 11:17:50-04
Avon,"Avon SKIN-SO-SOFT Bug Guard PLUS IR3535® Insect Repellent Moisturizing Lotion - SPF 30 Gentle Breeze, 4 oz",5.0,2017-03-21 15:08:27-04
Avon,"Avon SKIN-SO-SOFT Bug Guard PLUS IR3535® Insect Repellent Moisturizing Lotion - SPF 30 Gentle Breeze, 4 oz",5.0,2016-07-29 01:55:09-04
Avon,"Avon SKIN-SO-SOFT Bug Guard PLUS IR3535® Insect Repellent Moisturizing Lotion - SPF 30 Gentle Breeze, 4 oz",5.0,2016-06-22 18:25:26-04
Avon,"Avon SKIN-SO-SOFT Bug Guard PLUS IR3535® Insect Repellent Moisturizing Lotion - SPF 30 Gentle Breeze, 4 oz",5.0,2016-01-17 17:30:32-05
Avon,"Avon SKIN-SO-SOFT Bug Guard PLUS IR3535® Insect Repellent Moisturizing Lotion - SPF 30 Gentle Breeze, 4 oz",5.0,2015-11-08 17:58:41-05
Avon,"Avon SKIN-SO-SOFT Bug Guard PLUS IR3535® Insect Repellent Moisturizing Lotion - SPF 30 Gentle Breeze, 4 oz",5.0,2021-10-01 07:36:47.817-04
Avon,"Avon SKIN-SO-SOFT Bug Guard PLUS IR3535® Insect Repellent Moisturizing Lotion - SPF 30 Gentle Breeze, 4 oz",5.0,2019-04-03 08:34:32.983-04
CHOMP!,"CHOMP! Shower Door Water Repellent: Healthier Home ShowerDoorMagic 6 in 1 Hard Water Stain Preventer for Glass, Fiberglass, Tile & More- Spot, Soap Scum, Calcium & Limescale Prevention 32 oz.",2.0,2022-05-30 14:44:53.026-04
Avon,"Avon SKIN-SO-SOFT Bug Guard PLUS IR3535® Insect Repellent Moisturizing Lotion - SPF 30 Gentle Breeze, 4 oz",5.0,2019-05-31 08:24:47.244-04
Avon,"Avon SKIN-SO-SOFT Bug Guard PLUS IR3535® Insect Repellent Moisturizing Lotion - SPF 30 Gentle Breeze, 4 oz",5.0,2018-03-01 22:49:15.822-05
Natural Armor,Natural Armor Lizard & Gecko Repellent Spray - Powerful Peppermint Formulation Repels All Types of Lizards & Geckos and Works Better Than Ultrasonic Gimmicks – 128 fl oz - Gallon Ready to Use,1.0,2021-06-19 23:53:17.949-04
Grandpa Gus's,"Grandpa Gus's Extra-Strength Mouse Repellent Pouches + Potent Mouse Repellent Spray, Peppermint/Cinnamon Oils Repel Mouse From Home/RV, Boat/Car Storage & Machinery, 4 x 1.76oz Pouches + 1 x 8oz Spray",5.0,2021-01-18 14:53:41.671-05
Avon,"Avon SKIN-SO-SOFT Bug Guard PLUS IR3535® Insect Repellent Moisturizing Lotion - SPF 30 Gentle Breeze, 4 oz",4.0,2016-12-15 10:57:22-05
Avon,"Avon SKIN-SO-SOFT Bug Guard PLUS IR3535® Insect Repellent Moisturizing Lotion - SPF 30 Gentle Breeze, 4 oz",1.0,2014-09-01 20:24:46-04
Avon,"Avon SKIN-SO-SOFT Bug Guard PLUS IR3535® Insect Repellent Moisturizing Lotion - SPF 30 Gentle Breeze, 4 oz",5.0,2020-08-12 00:25:08.961-04
Nature's MACE,"Nature's MACE Cat Repellent 1 Gallon Spray/Treats 3,000 Sq. Ft. / Keep Cat Out of Your Lawn and Garden/Train Your Cat to Stay Out of Bushes/Safe to use Around Children & Plants",5.0,2021-10-09 14:41:20.3-04
Avon,"Avon SKIN-SO-SOFT Bug Guard PLUS IR3535® Insect Repellent Moisturizing Lotion - SPF 30 Gentle Breeze, 4 oz",5.0,2022-07-21 08:19:25.176-04
Avon,"Avon SKIN-SO-SOFT Bug Guard PLUS IR3535® Insect Repellent Moisturizing Lotion - SPF 30 Gentle Breeze, 4 oz",5.0,2015-05-17 12:29:15-04
Avon,"Avon SKIN-SO-SOFT Bug Guard PLUS IR3535® Insect Repellent Moisturizing Lotion - SPF 30 Gentle Breeze, 4 oz",5.0,2016-09-14 13:50:43-04
Avon,"Avon SKIN-SO-SOFT Bug Guard PLUS IR3535® Insect Repellent Moisturizing Lotion - SPF 30 Gentle Breeze, 4 oz",5.0,2019-03-16 09:26:02.391-04
Avon,"Avon SKIN-SO-SOFT Bug Guard PLUS IR3535® Insect Repellent Moisturizing Lotion - SPF 30 Gentle Breeze, 4 oz",5.0,2017-12-28 04:40:16.885-05
Enoz,"Enoz No Zone, Refills for Animal Repellent Stations 16 Refill Bag - Twin - White",4.0,2020-08-06 22:36:01.543-04
Avon,"Avon SKIN-SO-SOFT Bug Guard PLUS IR3535® Insect Repellent Moisturizing Lotion - SPF 30 Gentle Breeze, 4 oz",5.0,2015-08-31 13:19:59-04
Liquid Fence,Liquid Fence Set of 2 Granular Insect Bait Lawn Yard Insect Repellent Safe Release 2 lb - Enjoy Insect and Rodent Free Fun,3.0,2020-08-08 23:27:12.597-04
NATURAL OUST,NATURAL OUST Peppermint Oil Spider Repellent Spray - Eco Friendly Indoor Outdoor - Effective Spider Control,5.0,2021-12-07 16:21:02.317-05
Avon,"Avon SKIN-SO-SOFT Bug Guard PLUS IR3535® Insect Repellent Moisturizing Lotion - SPF 30 Gentle Breeze, 4 oz",5.0,2016-06-28 19:05:19-04
Avon,"Avon SKIN-SO-SOFT Bug Guard PLUS IR3535® Insect Repellent Moisturizing Lotion - SPF 30 Gentle Breeze, 4 oz",5.0,2019-10-30 01:25:26.576-04
eHouse,AC12g Ultrasonic Pest Repeller - Electronic Plug in Best Repellent - Pest Control - Get Rid of - Rodents Squirrels Rats Mice Insects - Roaches Spiders Mosquitos Fleas Fruit Fly Bed Bugs Flies Ants!,5.0,2020-10-24 14:11:47.533-04
Avon,"Avon SKIN-SO-SOFT Bug Guard PLUS IR3535® Insect Repellent Moisturizing Lotion - SPF 30 Gentle Breeze, 4 oz",5.0,2019-05-11 13:55:59.659-04
Nature's MACE,"Nature's MACE Cat Repellent 1 Gallon Spray/Treats 3,000 Sq. Ft. / Keep Cat Out of Your Lawn and Garden/Train Your Cat to Stay Out of Bushes/Safe to use Around Children & Plants",1.0,2022-03-08 10:53:08.38-05
Avon,"Avon SKIN-SO-SOFT Bug Guard PLUS IR3535® Insect Repellent Moisturizing Lotion - SPF 30 Gentle Breeze, 4 oz",4.0,2015-11-18 19:43:45-05
Avon,"Avon SKIN-SO-SOFT Bug Guard PLUS IR3535® Insect Repellent Moisturizing Lotion - SPF 30 Gentle Breeze, 4 oz",5.0,2018-05-06 15:22:32.357-04
Avon,"Avon SKIN-SO-SOFT Bug Guard PLUS IR3535® Insect Repellent Moisturizing Lotion - SPF 30 Gentle Breeze, 4 oz",5.0,2018-08-26 17:10:29.887-04
Avon,"Avon SKIN-SO-SOFT Bug Guard PLUS IR3535® Insect Repellent Moisturizing Lotion - SPF 30 Gentle Breeze, 4 oz",3.0,2017-04-08 15:27:34-04
Nature's MACE,"Nature's MACE Cat Repellent 1 Gallon Spray/Treats 3,000 Sq. Ft. / Keep Cat Out of Your Lawn and Garden/Train Your Cat to Stay Out of Bushes/Safe to use Around Children & Plants",5.0,2021-07-23 16:15:52.978-04
Nature's MACE,"Nature's MACE Cat Repellent 1 Gallon Spray/Treats 3,000 Sq. Ft. / Keep Cat Out of Your Lawn and Garden/Train Your Cat to Stay Out of Bushes/Safe to use Around Children & Plants",1.0,2022-05-15 07:06:59.792-04
ZGWJ,"4 Pack Ultrasonic Solar Mole Repeller, Pest Control Waterproof Solar Mole Deterrent & Repeller, Vole, Gopher, Snake for Outdoor Lawn Garden Yards",1.0,2021-04-17 19:58:59.458-04
Nature's MACE,"Nature's MACE Cat Repellent 1 Gallon Spray/Treats 3,000 Sq. Ft. / Keep Cat Out of Your Lawn and Garden/Train Your Cat to Stay Out of Bushes/Safe to use Around Children & Plants",2.0,2021-08-22 12:21:14.023-04
eHouse,AC12g Ultrasonic Pest Repeller - Electronic Plug in Best Repellent - Pest Control - Get Rid of - Rodents Squirrels Rats Mice Insects - Roaches Spiders Mosquitos Fleas Fruit Fly Bed Bugs Flies Ants!,1.0,2020-12-13 09:18:05.089-05
Avon,"Avon SKIN-SO-SOFT Bug Guard PLUS IR3535® Insect Repellent Moisturizing Lotion - SPF 30 Gentle Breeze, 4 oz",5.0,2014-06-11 08:58:19-04
BuggyBands,"6 Pack Mosquito Repellent Bracelets, Natural and Waterproof Wrist Bands for Adults, Kids, Pets - [Individually Wrapped], Travel Protection Outdoor – Indoor",2.0,2020-07-20 01:45:55.301-04
Avon,"Avon SKIN-SO-SOFT Bug Guard PLUS IR3535® Insect Repellent Moisturizing Lotion - SPF 30 Gentle Breeze, 4 oz",5.0,2022-08-10 08:58:55.63-04
Avon,"Avon SKIN-SO-SOFT Bug Guard PLUS IR3535® Insect Repellent Moisturizing Lotion - SPF 30 Gentle Breeze, 4 oz",5.0,2017-01-20 13:41:28-05
Avon,"Avon SKIN-SO-SOFT Bug Guard PLUS IR3535® Insect Repellent Moisturizing Lotion - SPF 30 Gentle Breeze, 4 oz",3.0,2017-08-06 06:22:28.372-04
Nature's MACE,"Nature's MACE Cat Repellent 1 Gallon Spray/Treats 3,000 Sq. Ft. / Keep Cat Out of Your Lawn and Garden/Train Your Cat to Stay Out of Bushes/Safe to use Around Children & Plants",1.0,2021-05-07 23:14:50.466-04
,Apello Pack of 6 Mole Repellent,1.0,2020-03-24 09:10:01.659-04
Nature's MACE,"Nature's MACE Cat Repellent 1 Gallon Spray/Treats 3,000 Sq. Ft. / Keep Cat Out of Your Lawn and Garden/Train Your Cat to Stay Out of Bushes/Safe to use Around Children & Plants",5.0,2020-12-12 22:24:24.7-05
SUAVEC,"SUAVEC Deer Repellent for Plant, Deer and Rabbit Repellent, Deer Deterrent for Garden and Lawn, Outdoor Deer Repellant Yard, Deer Repellant, Repel Deer Away",1.0,2021-12-12 09:01:01.265-05
Avon,"Avon SKIN-SO-SOFT Bug Guard PLUS IR3535® Insect Repellent Moisturizing Lotion - SPF 30 Gentle Breeze, 4 oz",5.0,2019-08-10 23:38:52.706-04
PetUlove,"PetUlove Handheld Dog Repellent,Dog Trainer 100% Pet & Human Safe G",3.0,2016-01-22 13:19:13-05
Avon,"Avon SKIN-SO-SOFT Bug Guard PLUS IR3535® Insect Repellent Moisturizing Lotion - SPF 30 Gentle Breeze, 4 oz",1.0,2018-08-30 14:41:45.734-04
Avon,"Avon SKIN-SO-SOFT Bug Guard PLUS IR3535® Insect Repellent Moisturizing Lotion - SPF 30 Gentle Breeze, 4 oz",4.0,2020-05-11 11:57:44.999-04
Green Goo,"Green Goo Bugs Be Gone, All-Natural Essential Oil Tick, Fly & Insect Repellent, Safe to Spray On Skin, 4.5 Oz",5.0,2020-08-19 08:30:18.928-04
Avon,"Avon SKIN-SO-SOFT Bug Guard PLUS IR3535® Insect Repellent Moisturizing Lotion - SPF 30 Gentle Breeze, 4 oz",5.0,2020-03-08 03:55:59.005-04
Nature's MACE,"Nature's MACE Cat Repellent 1 Gallon Spray/Treats 3,000 Sq. Ft. / Keep Cat Out of Your Lawn and Garden/Train Your Cat to Stay Out of Bushes/Safe to use Around Children & Plants",1.0,2020-02-17 10:48:19.177-05
Avon,"Avon SKIN-SO-SOFT Bug Guard PLUS IR3535® Insect Repellent Moisturizing Lotion - SPF 30 Gentle Breeze, 4 oz",5.0,2016-08-03 10:54:18-04
Avon,"Avon SKIN-SO-SOFT Bug Guard PLUS IR3535® Insect Repellent Moisturizing Lotion - SPF 30 Gentle Breeze, 4 oz",5.0,2015-07-13 05:11:21-04
Avon,"Avon SKIN-SO-SOFT Bug Guard PLUS IR3535® Insect Repellent Moisturizing Lotion - SPF 30 Gentle Breeze, 4 oz",5.0,2014-12-20 13:43:55-05
Nature's MACE,"Nature's MACE Cat Repellent 1 Gallon Spray/Treats 3,000 Sq. Ft. / Keep Cat Out of Your Lawn and Garden/Train Your Cat to Stay Out of Bushes/Safe to use Around Children & Plants",3.0,2019-12-15 03:19:02.501-05
Grandpa Gus's,"Grandpa Gus's Extra-Strength Mouse Repellent Pouches + Potent Mouse Repellent Spray, Peppermint/Cinnamon Oils Repel Mouse From Home/RV, Boat/Car Storage & Machinery, 4 x 1.76oz Pouches + 1 x 8oz Spray",1.0,2021-03-05 12:13:52.465-05
Avon,"Avon SKIN-SO-SOFT Bug Guard PLUS IR3535® Insect Repellent Moisturizing Lotion - SPF 30 Gentle Breeze, 4 oz",5.0,2014-09-02 13:32:13-04
Nature's MACE,"Nature's MACE Cat Repellent 1 Gallon Spray/Treats 3,000 Sq. Ft. / Keep Cat Out of Your Lawn and Garden/Train Your Cat to Stay Out of Bushes/Safe to use Around Children & Plants",4.0,2021-06-14 17:41:37.231-04
Avon,"Avon SKIN-SO-SOFT Bug Guard PLUS IR3535® Insect Repellent Moisturizing Lotion - SPF 30 Gentle Breeze, 4 oz",5.0,2018-09-18 10:27:51.754-04
Avon,"Avon SKIN-SO-SOFT Bug Guard PLUS IR3535® Insect Repellent Moisturizing Lotion - SPF 30 Gentle Breeze, 4 oz",5.0,2015-06-08 09:02:48-04
Avon,"Avon SKIN-SO-SOFT Bug Guard PLUS IR3535® Insect Repellent Moisturizing Lotion - SPF 30 Gentle Breeze, 4 oz",5.0,2017-05-05 10:04:40-04
Avon,"Avon SKIN-SO-SOFT Bug Guard PLUS IR3535® Insect Repellent Moisturizing Lotion - SPF 30 Gentle Breeze, 4 oz",3.0,2017-07-27 11:40:39.546-04
Grandpa Gus's,"Grandpa Gus's Extra-Strength Mouse Repellent Pouches + Potent Mouse Repellent Spray, Peppermint/Cinnamon Oils Repel Mouse From Home/RV, Boat/Car Storage & Machinery, 4 x 1.76oz Pouches + 1 x 8oz Spray",5.0,2019-12-18 07:45:17.138-05
Avon,"Avon SKIN-SO-SOFT Bug Guard PLUS IR3535® Insect Repellent Moisturizing Lotion - SPF 30 Gentle Breeze, 4 oz",5.0,2017-07-23 19:28:37.08-04
Avon,"Avon SKIN-SO-SOFT Bug Guard PLUS IR3535® Insect Repellent Moisturizing Lotion - SPF 30 Gentle Breeze, 4 oz",4.0,2016-06-15 15:47:02-04
Nature's MACE,"Nature's MACE Cat Repellent 1 Gallon Spray/Treats 3,000 Sq. Ft. / Keep Cat Out of Your Lawn and Garden/Train Your Cat to Stay Out of Bushes/Safe to use Around Children & Plants",4.0,2018-05-15 03:38:01.437-04
Nature's MACE,"Nature's MACE Cat Repellent 1 Gallon Spray/Treats 3,000 Sq. Ft. / Keep Cat Out of Your Lawn and Garden/Train Your Cat to Stay Out of Bushes/Safe to use Around Children & Plants",1.0,2020-01-27 09:25:15.812-05
Avon,"Avon SKIN-SO-SOFT Bug Guard PLUS IR3535® Insect Repellent Moisturizing Lotion - SPF 30 Gentle Breeze, 4 oz",5.0,2017-09-24 08:49:30.271-04
Avon,"Avon SKIN-SO-SOFT Bug Guard PLUS IR3535® Insect Repellent Moisturizing Lotion - SPF 30 Gentle Breeze, 4 oz",5.0,2021-09-13 10:23:58.727-04
Nature's MACE,"Nature's MACE Cat Repellent 1 Gallon Spray/Treats 3,000 Sq. Ft. / Keep Cat Out of Your Lawn and Garden/Train Your Cat to Stay Out of Bushes/Safe to use Around Children & Plants",5.0,2020-02-15 19:27:32.017-05
Avon,"Avon SKIN-SO-SOFT Bug Guard PLUS IR3535® Insect Repellent Moisturizing Lotion - SPF 30 Gentle Breeze, 4 oz",5.0,2014-07-11 09:37:18-04
Nature's MACE,"Nature's MACE Cat Repellent 1 Gallon Spray/Treats 3,000 Sq. Ft. / Keep Cat Out of Your Lawn and Garden/Train Your Cat to Stay Out of Bushes/Safe to use Around Children & Plants",1.0,2021-10-07 15:11:55.321-04
Nature's MACE,"Nature's MACE Cat Repellent 1 Gallon Spray/Treats 3,000 Sq. Ft. / Keep Cat Out of Your Lawn and Garden/Train Your Cat to Stay Out of Bushes/Safe to use Around Children & Plants",3.0,2018-11-11 01:55:57.401-05
Avon,"Avon SKIN-SO-SOFT Bug Guard PLUS IR3535® Insect Repellent Moisturizing Lotion - SPF 30 Gentle Breeze, 4 oz",5.0,2018-08-07 11:41:24.292-04
Avon,"Avon SKIN-SO-SOFT Bug Guard PLUS IR3535® Insect Repellent Moisturizing Lotion - SPF 30 Gentle Breeze, 4 oz",5.0,2019-07-17 09:41:26.98-04
Avon,"Avon SKIN-SO-SOFT Bug Guard PLUS IR3535® Insect Repellent Moisturizing Lotion - SPF 30 Gentle Breeze, 4 oz",5.0,2019-09-18 11:56:28.099-04
Avon,"Avon SKIN-SO-SOFT Bug Guard PLUS IR3535® Insect Repellent Moisturizing Lotion - SPF 30 Gentle Breeze, 4 oz",3.0,2020-12-04 20:13:17.957-05
Nature's MACE,"Nature's MACE Cat Repellent 1 Gallon Spray/Treats 3,000 Sq. Ft. / Keep Cat Out of Your Lawn and Garden/Train Your Cat to Stay Out of Bushes/Safe to use Around Children & Plants",5.0,2021-11-22 14:52:31.368-05
Nature's MACE,"Nature's MACE Cat Repellent 1 Gallon Spray/Treats 3,000 Sq. Ft. / Keep Cat Out of Your Lawn and Garden/Train Your Cat to Stay Out of Bushes/Safe to use Around Children & Plants",1.0,2019-05-28 14:48:51.469-04
Avon,"Avon SKIN-SO-SOFT Bug Guard PLUS IR3535® Insect Repellent Moisturizing Lotion - SPF 30 Gentle Breeze, 4 oz",5.0,2016-06-25 06:48:15-04
Avon,"Avon SKIN-SO-SOFT Bug Guard PLUS IR3535® Insect Repellent Moisturizing Lotion - SPF 30 Gentle Breeze, 4 oz",5.0,2015-09-11 18:11:26-04
Nature's MACE,"Nature's MACE Cat Repellent 1 Gallon Spray/Treats 3,000 Sq. Ft. / Keep Cat Out of Your Lawn and Garden/Train Your Cat to Stay Out of Bushes/Safe to use Around Children & Plants",1.0,2021-10-27 06:59:51.52-04
Sally's Organics,"10ml Organic Peppermint Essential Oil - Pure Therapeutic Grade - Works Best for Aromatherapy, Natural Soap, Shampoo, Hair, Lotion, Bath Melts, Body, Mice Repellent, and Air Freshener (Spray)",5.0,2019-10-16 08:06:36.222-04
Avon,"Avon SKIN-SO-SOFT Bug Guard PLUS IR3535® Insect Repellent Moisturizing Lotion - SPF 30 Gentle Breeze, 4 oz",5.0,2017-08-09 18:48:12.802-04
Avon,"Avon SKIN-SO-SOFT Bug Guard PLUS IR3535® Insect Repellent Moisturizing Lotion - SPF 30 Gentle Breeze, 4 oz",1.0,2018-10-24 23:03:46.106-04
Avon,"Avon SKIN-SO-SOFT Bug Guard PLUS IR3535® Insect Repellent Moisturizing Lotion - SPF 30 Gentle Breeze, 4 oz",5.0,2015-07-14 09:03:15-04
Tender Ben's,Ben's 30% DEET Tick & Insect Repellent Wipes - 2 Pack,4.0,2015-02-26 21:18:24-05
Avon,"Avon SKIN-SO-SOFT Bug Guard PLUS IR3535® Insect Repellent Moisturizing Lotion - SPF 30 Gentle Breeze, 4 oz",5.0,2016-06-28 22:54:53-04
Avon,"Avon SKIN-SO-SOFT Bug Guard PLUS IR3535® Insect Repellent Moisturizing Lotion - SPF 30 Gentle Breeze, 4 oz",5.0,2016-10-27 12:35:29-04
Natural Armor,Natural Armor Lizard & Gecko Repellent Spray - Powerful Peppermint Formulation Repels All Types of Lizards & Geckos and Works Better Than Ultrasonic Gimmicks – 128 fl oz - Gallon Ready to Use,5.0,2022-09-13 08:06:13.857-04
Natural Armor,Natural Armor Lizard & Gecko Repellent Spray - Powerful Peppermint Formulation Repels All Types of Lizards & Geckos and Works Better Than Ultrasonic Gimmicks – 128 fl oz - Gallon Ready to Use,5.0,2022-06-04 02:17:29.458-04
ZELKON,"2-Pack Solar Animal Repeller, Ultrasonic Animal Repellent, Outdoor Cat Repellent,Motion Detection, LED Flashing Light,Alarm Sound Scare Away Dog,Rodent,Fox,Deer,Squirrel,Raccoon,Skunk,Rabbit,etc.",5.0,2023-01-31 18:52:38.153-05
Avon,"Avon SKIN-SO-SOFT Bug Guard PLUS IR3535® Insect Repellent Moisturizing Lotion - SPF 30 Gentle Breeze, 4 oz",4.0,2016-07-16 14:26:15-04
Nature's MACE,"Nature's MACE Cat Repellent 1 Gallon Spray/Treats 3,000 Sq. Ft. / Keep Cat Out of Your Lawn and Garden/Train Your Cat to Stay Out of Bushes/Safe to use Around Children & Plants",5.0,2019-06-24 14:55:04.578-04
Avon,"Avon SKIN-SO-SOFT Bug Guard PLUS IR3535® Insect Repellent Moisturizing Lotion - SPF 30 Gentle Breeze, 4 oz",5.0,2017-10-28 15:03:09.841-04
Avon,"Avon SKIN-SO-SOFT Bug Guard PLUS IR3535® Insect Repellent Moisturizing Lotion - SPF 30 Gentle Breeze, 4 oz",5.0,2017-07-21 10:44:30.131-04
Avon,"Avon SKIN-SO-SOFT Bug Guard PLUS IR3535® Insect Repellent Moisturizing Lotion - SPF 30 Gentle Breeze, 4 oz",5.0,2016-11-11 16:59:47-05
eHouse,AC12 Ultrasonic Pest Repeller - Electronic Plug in Best Repellent - Pest Control - Get Rid of - Rodents Squirrels Mice Rats Insects - Roaches Spiders Fleas Bed Bugs Flies Ants Mosquitos Fruit Fly!,3.0,2020-08-17 23:08:04.02-04
Avon,"Avon SKIN-SO-SOFT Bug Guard PLUS IR3535® Insect Repellent Moisturizing Lotion - SPF 30 Gentle Breeze, 4 oz",4.0,2014-09-11 09:18:27-04
SEALUXE,"SEALUXE Rodent Repellent Packs,Mouse Repellent,Peppermint Oil to Repel Mice, Mice Repellent Peppermint,Natural Rat Repellent,Pest Control,Insect Repellent with Peppermint Oil 8-Pack",1.0,2021-01-01 19:17:42.634-05
Nature's MACE,"Nature's MACE Cat Repellent 1 Gallon Spray/Treats 3,000 Sq. Ft. / Keep Cat Out of Your Lawn and Garden/Train Your Cat to Stay Out of Bushes/Safe to use Around Children & Plants",1.0,2018-08-04 10:23:58.101-04
Nature's MACE,"Nature's MACE Cat Repellent 1 Gallon Spray/Treats 3,000 Sq. Ft. / Keep Cat Out of Your Lawn and Garden/Train Your Cat to Stay Out of Bushes/Safe to use Around Children & Plants",5.0,2021-02-17 10:07:41.834-05
Nature's MACE,"Nature's MACE Cat Repellent 1 Gallon Spray/Treats 3,000 Sq. Ft. / Keep Cat Out of Your Lawn and Garden/Train Your Cat to Stay Out of Bushes/Safe to use Around Children & Plants",1.0,2017-11-07 08:27:25.398-05
eHouse,AC12g Ultrasonic Pest Repeller - Electronic Plug in Best Repellent - Pest Control - Get Rid of - Rodents Squirrels Rats Mice Insects - Roaches Spiders Mosquitos Fleas Fruit Fly Bed Bugs Flies Ants!,5.0,2020-06-16 14:45:48.272-04
Avon,"Avon SKIN-SO-SOFT Bug Guard PLUS IR3535® Insect Repellent Moisturizing Lotion - SPF 30 Gentle Breeze, 4 oz",5.0,2017-07-26 21:35:23.679-04
Avon,"Avon SKIN-SO-SOFT Bug Guard PLUS IR3535® Insect Repellent Moisturizing Lotion - SPF 30 Gentle Breeze, 4 oz",5.0,2017-12-19 01:57:51.736-05
Avon,"Avon SKIN-SO-SOFT Bug Guard PLUS IR3535® Insect Repellent Moisturizing Lotion - SPF 30 Gentle Breeze, 4 oz",3.0,2018-07-21 21:31:09.137-04
Avon,"Avon SKIN-SO-SOFT Bug Guard PLUS IR3535® Insect Repellent Moisturizing Lotion - SPF 30 Gentle Breeze, 4 oz",5.0,2017-09-15 22:36:23.212-04
Avon,"Avon SKIN-SO-SOFT Bug Guard PLUS IR3535® Insect Repellent Moisturizing Lotion - SPF 30 Gentle Breeze, 4 oz",5.0,2014-06-20 15:14:21-04
Grandpa Gus's,"Grandpa Gus's Extra-Strength Mouse Repellent Pouches + Potent Mouse Repellent Spray, Peppermint/Cinnamon Oils Repel Mouse From Home/RV, Boat/Car Storage & Machinery, 4 x 1.76oz Pouches + 1 x 8oz Spray",3.0,2020-07-29 01:37:52.093-04
Nature's MACE,"Nature's MACE Cat Repellent 1 Gallon Spray/Treats 3,000 Sq. Ft. / Keep Cat Out of Your Lawn and Garden/Train Your Cat to Stay Out of Bushes/Safe to use Around Children & Plants",1.0,2019-12-05 22:02:53.612-05
Avon,"Avon SKIN-SO-SOFT Bug Guard PLUS IR3535® Insect Repellent Moisturizing Lotion - SPF 30 Gentle Breeze, 4 oz",3.0,2019-08-30 11:09:20.684-04
Nature's MACE,"Nature's MACE Cat Repellent 1 Gallon Spray/Treats 3,000 Sq. Ft. / Keep Cat Out of Your Lawn and Garden/Train Your Cat to Stay Out of Bushes/Safe to use Around Children & Plants",1.0,2022-04-19 09:51:24.611-04
Nature's MACE,"Nature's MACE Cat Repellent 1 Gallon Spray/Treats 3,000 Sq. Ft. / Keep Cat Out of Your Lawn and Garden/Train Your Cat to Stay Out of Bushes/Safe to use Around Children & Plants",1.0,2022-03-07 11:58:19.749-05
Nature's MACE,"Nature's MACE Cat Repellent 1 Gallon Spray/Treats 3,000 Sq. Ft. / Keep Cat Out of Your Lawn and Garden/Train Your Cat to Stay Out of Bushes/Safe to use Around Children & Plants",1.0,2018-09-10 13:51:38.833-04
Avon,"Avon SKIN-SO-SOFT Bug Guard PLUS IR3535® Insect Repellent Moisturizing Lotion - SPF 30 Gentle Breeze, 4 oz",5.0,2013-03-27 14:36:45-04
Tender Ben's,Ben's 30% DEET Tick & Insect Repellent Wipes - 2 Pack,5.0,2021-07-05 16:06:38.69-04
NATURAL OUST,NATURAL OUST Peppermint Oil Spider Repellent Spray - Eco Friendly Indoor Outdoor - Effective Spider Control,5.0,2021-08-09 20:11:40.503-04
Avon,"Avon SKIN-SO-SOFT Bug Guard PLUS IR3535® Insect Repellent Moisturizing Lotion - SPF 30 Gentle Breeze, 4 oz",5.0,2016-11-14 11:39:23-05
Avon,"Avon SKIN-SO-SOFT Bug Guard PLUS IR3535® Insect Repellent Moisturizing Lotion - SPF 30 Gentle Breeze, 4 oz",5.0,2017-05-27 21:37:48-04
eHouse,AC12g Ultrasonic Pest Repeller - Electronic Plug in Best Repellent - Pest Control - Get Rid of - Rodents Squirrels Rats Mice Insects - Roaches Spiders Mosquitos Fleas Fruit Fly Bed Bugs Flies Ants!,5.0,2020-10-09 07:04:09.662-04
Avon,"Avon SKIN-SO-SOFT Bug Guard PLUS IR3535® Insect Repellent Moisturizing Lotion - SPF 30 Gentle Breeze, 4 oz",5.0,2017-06-19 14:58:11.586-04
Nature's MACE,"Nature's MACE Cat Repellent 1 Gallon Spray/Treats 3,000 Sq. Ft. / Keep Cat Out of Your Lawn and Garden/Train Your Cat to Stay Out of Bushes/Safe to use Around Children & Plants",5.0,2021-10-17 10:52:56.984-04
Avon,"Avon SKIN-SO-SOFT Bug Guard PLUS IR3535® Insect Repellent Moisturizing Lotion - SPF 30 Gentle Breeze, 4 oz",5.0,2013-12-27 18:13:24-05
eHouse,AC12 Ultrasonic Pest Repeller - Electronic Plug in Best Repellent - Pest Control - Get Rid of - Rodents Squirrels Mice Rats Insects - Roaches Spiders Fleas Bed Bugs Flies Ants Mosquitos Fruit Fly!,5.0,2020-08-21 18:35:14.565-04
Nature's MACE,"Nature's MACE Cat Repellent 1 Gallon Spray/Treats 3,000 Sq. Ft. / Keep Cat Out of Your Lawn and Garden/Train Your Cat to Stay Out of Bushes/Safe to use Around Children & Plants",1.0,2021-09-30 22:30:38.73-04
Avon,"Avon SKIN-SO-SOFT Bug Guard PLUS IR3535® Insect Repellent Moisturizing Lotion - SPF 30 Gentle Breeze, 4 oz",5.0,2017-05-06 19:29:17-04
Nature's MACE,"Nature's MACE Cat Repellent 1 Gallon Spray/Treats 3,000 Sq. Ft. / Keep Cat Out of Your Lawn and Garden/Train Your Cat to Stay Out of Bushes/Safe to use Around Children & Plants",1.0,2022-08-12 12:27:48.342-04
ZELKON,"2-Pack Solar Animal Repeller, Ultrasonic Animal Repellent, Outdoor Cat Repellent,Motion Detection, LED Flashing Light,Alarm Sound Scare Away Dog,Rodent,Fox,Deer,Squirrel,Raccoon,Skunk,Rabbit,etc.",5.0,2021-10-05 20:47:34.921-04
Avon,"Avon SKIN-SO-SOFT Bug Guard PLUS IR3535® Insect Repellent Moisturizing Lotion - SPF 30 Gentle Breeze, 4 oz",1.0,2017-02-05 17:02:31-05
SEALUXE,"SEALUXE Rodent Repellent Packs,Mouse Repellent,Peppermint Oil to Repel Mice, Mice Repellent Peppermint,Natural Rat Repellent,Pest Control,Insect Repellent with Peppermint Oil 8-Pack",1.0,2020-12-29 00:09:10.656-05
Nature's MACE,"Nature's MACE Cat Repellent 1 Gallon Spray/Treats 3,000 Sq. Ft. / Keep Cat Out of Your Lawn and Garden/Train Your Cat to Stay Out of Bushes/Safe to use Around Children & Plants",5.0,2020-05-26 15:26:01.097-04
Nature's MACE,"Nature's MACE Cat Repellent 1 Gallon Spray/Treats 3,000 Sq. Ft. / Keep Cat Out of Your Lawn and Garden/Train Your Cat to Stay Out of Bushes/Safe to use Around Children & Plants",1.0,2023-01-25 09:57:42.991-05
Nature's MACE,"Nature's MACE Cat Repellent 1 Gallon Spray/Treats 3,000 Sq. Ft. / Keep Cat Out of Your Lawn and Garden/Train Your Cat to Stay Out of Bushes/Safe to use Around Children & Plants",1.0,2021-08-16 18:16:01.625-04
eHouse,AC12g Ultrasonic Pest Repeller - Electronic Plug in Best Repellent - Pest Control - Get Rid of - Rodents Squirrels Rats Mice Insects - Roaches Spiders Mosquitos Fleas Fruit Fly Bed Bugs Flies Ants!,1.0,2020-08-25 21:25:08.348-04
Nature's MACE,"Nature's MACE Cat Repellent 1 Gallon Spray/Treats 3,000 Sq. Ft. / Keep Cat Out of Your Lawn and Garden/Train Your Cat to Stay Out of Bushes/Safe to use Around Children & Plants",5.0,2022-08-24 16:14:53.621-04
Avon,"Avon SKIN-SO-SOFT Bug Guard PLUS IR3535® Insect Repellent Moisturizing Lotion - SPF 30 Gentle Breeze, 4 oz",2.0,2015-06-11 17:32:58-04
JNxcel Salon Products,JNxcel Premium Quality Water Repellent Nylon/Polyester Fabric Hair Salon & Barber Hair Cutting & Shampoo Cape with Snap Closure (Silver Slate) …,5.0,2020-05-15 02:01:36.686-04
Nature's MACE,"Nature's MACE Cat Repellent 1 Gallon Spray/Treats 3,000 Sq. Ft. / Keep Cat Out of Your Lawn and Garden/Train Your Cat to Stay Out of Bushes/Safe to use Around Children & Plants",1.0,2023-01-24 17:31:06.386-05
Nature's MACE,"Nature's MACE Cat Repellent 1 Gallon Spray/Treats 3,000 Sq. Ft. / Keep Cat Out of Your Lawn and Garden/Train Your Cat to Stay Out of Bushes/Safe to use Around Children & Plants",1.0,2021-10-19 18:03:28.42-04
Nature's MACE,"Nature's MACE Cat Repellent 1 Gallon Spray/Treats 3,000 Sq. Ft. / Keep Cat Out of Your Lawn and Garden/Train Your Cat to Stay Out of Bushes/Safe to use Around Children & Plants",5.0,2021-03-04 11:18:47.089-05
Avon,"Avon SKIN-SO-SOFT Bug Guard PLUS IR3535® Insect Repellent Moisturizing Lotion - SPF 30 Gentle Breeze, 4 oz",5.0,2018-05-20 15:47:14.17-04
Avon,"Avon SKIN-SO-SOFT Bug Guard PLUS IR3535® Insect Repellent Moisturizing Lotion - SPF 30 Gentle Breeze, 4 oz",3.0,2015-06-19 13:43:32-04
Avon,"Avon SKIN-SO-SOFT Bug Guard PLUS IR3535® Insect Repellent Moisturizing Lotion - SPF 30 Gentle Breeze, 4 oz",5.0,2016-08-25 21:12:02-04
Grandpa Gus's,"Grandpa Gus's Extra-Strength Mouse Repellent Pouches + Potent Mouse Repellent Spray, Peppermint/Cinnamon Oils Repel Mouse From Home/RV, Boat/Car Storage & Machinery, 4 x 1.76oz Pouches + 1 x 8oz Spray",2.0,2020-02-05 13:56:37.27-05
PetUlove,"PetUlove Handheld Dog Repellent,Dog Trainer 100% Pet & Human Safe G",5.0,2016-03-09 20:24:58-05
Avon,"Avon SKIN-SO-SOFT Bug Guard PLUS IR3535® Insect Repellent Moisturizing Lotion - SPF 30 Gentle Breeze, 4 oz",5.0,2017-04-27 16:51:01-04
Nature's MACE,"Nature's MACE Cat Repellent 1 Gallon Spray/Treats 3,000 Sq. Ft. / Keep Cat Out of Your Lawn and Garden/Train Your Cat to Stay Out of Bushes/Safe to use Around Children & Plants",5.0,2018-07-13 11:17:35.585-04
Nature's MACE,"Nature's MACE Cat Repellent 1 Gallon Spray/Treats 3,000 Sq. Ft. / Keep Cat Out of Your Lawn and Garden/Train Your Cat to Stay Out of Bushes/Safe to use Around Children & Plants",1.0,2022-01-26 15:53:20.478-05
Nature's MACE,"Nature's MACE Cat Repellent 1 Gallon Spray/Treats 3,000 Sq. Ft. / Keep Cat Out of Your Lawn and Garden/Train Your Cat to Stay Out of Bushes/Safe to use Around Children & Plants",4.0,2022-12-11 21:11:14.011-05
Avon,"Avon SKIN-SO-SOFT Bug Guard PLUS IR3535® Insect Repellent Moisturizing Lotion - SPF 30 Gentle Breeze, 4 oz",5.0,2016-05-23 19:36:28-04
,LOMEREY Sonic Mole Repellent,5.0,2016-03-18 11:04:53-04
NATURAL OUST,NATURAL OUST Peppermint Oil Spider Repellent Spray - Eco Friendly Indoor Outdoor - Effective Spider Control,4.0,2022-01-30 03:23:38.225-05
Avon,"Avon SKIN-SO-SOFT Bug Guard PLUS IR3535® Insect Repellent Moisturizing Lotion - SPF 30 Gentle Breeze, 4 oz",5.0,2014-11-28 20:34:56-05
Avon,"Avon SKIN-SO-SOFT Bug Guard PLUS IR3535® Insect Repellent Moisturizing Lotion - SPF 30 Gentle Breeze, 4 oz",5.0,2020-09-13 23:28:16.833-04
Avon,"Avon SKIN-SO-SOFT Bug Guard PLUS IR3535® Insect Repellent Moisturizing Lotion - SPF 30 Gentle Breeze, 4 oz",4.0,2014-08-24 09:33:53-04
Avon,"Avon SKIN-SO-SOFT Bug Guard PLUS IR3535® Insect Repellent Moisturizing Lotion - SPF 30 Gentle Breeze, 4 oz",5.0,2020-04-24 20:38:05.389-04
Palcont,"Mosquito Sticks, All Natural and DEET Free Insect Repellent, Eco Friendly, Non Toxic, Bamboo Infused with Citronella, Lemongrass & Grapefruit Peel, for Outdoor Garden Yard and Indoor (Pack of 30)",5.0,2020-02-27 06:00:34.516-05
Nature's MACE,"Nature's MACE Cat Repellent 1 Gallon Spray/Treats 3,000 Sq. Ft. / Keep Cat Out of Your Lawn and Garden/Train Your Cat to Stay Out of Bushes/Safe to use Around Children & Plants",4.0,2018-08-02 16:42:41.281-04
Nature's MACE,"Nature's MACE Cat Repellent 1 Gallon Spray/Treats 3,000 Sq. Ft. / Keep Cat Out of Your Lawn and Garden/Train Your Cat to Stay Out of Bushes/Safe to use Around Children & Plants",5.0,2019-09-10 23:04:28.552-04
Avon,"Avon SKIN-SO-SOFT Bug Guard PLUS IR3535® Insect Repellent Moisturizing Lotion - SPF 30 Gentle Breeze, 4 oz",5.0,2020-08-12 11:51:57.836-04
Avon,"Avon SKIN-SO-SOFT Bug Guard PLUS IR3535® Insect Repellent Moisturizing Lotion - SPF 30 Gentle Breeze, 4 oz",4.0,2019-08-12 06:46:47.581-04
Avon,"Avon SKIN-SO-SOFT Bug Guard PLUS IR3535® Insect Repellent Moisturizing Lotion - SPF 30 Gentle Breeze, 4 oz",4.0,2018-07-15 17:31:15.807-04
Avon,"Avon SKIN-SO-SOFT Bug Guard PLUS IR3535® Insect Repellent Moisturizing Lotion - SPF 30 Gentle Breeze, 4 oz",3.0,2016-11-30 17:14:44-05
Avon,"Avon SKIN-SO-SOFT Bug Guard PLUS IR3535® Insect Repellent Moisturizing Lotion - SPF 30 Gentle Breeze, 4 oz",5.0,2017-08-14 13:10:59.454-04
Avon,"Avon SKIN-SO-SOFT Bug Guard PLUS IR3535® Insect Repellent Moisturizing Lotion - SPF 30 Gentle Breeze, 4 oz",5.0,2018-07-28 07:27:30.737-04
Sally's Organics,"10ml Organic Peppermint Essential Oil - Pure Therapeutic Grade - Works Best for Aromatherapy, Natural Soap, Shampoo, Hair, Lotion, Bath Melts, Body, Mice Repellent, and Air Freshener (Spray)",5.0,2020-03-01 13:27:05.484-05
Avon,"Avon SKIN-SO-SOFT Bug Guard PLUS IR3535® Insect Repellent Moisturizing Lotion - SPF 30 Gentle Breeze, 4 oz",2.0,2013-08-31 10:39:39-04
Grandpa Gus's,"Grandpa Gus's Extra-Strength Mouse Repellent Pouches + Potent Mouse Repellent Spray, Peppermint/Cinnamon Oils Repel Mouse From Home/RV, Boat/Car Storage & Machinery, 4 x 1.76oz Pouches + 1 x 8oz Spray",1.0,2022-09-12 19:44:12.126-04
Avon,"Avon SKIN-SO-SOFT Bug Guard PLUS IR3535® Insect Repellent Moisturizing Lotion - SPF 30 Gentle Breeze, 4 oz",5.0,2015-10-22 16:16:51-04
Nature's MACE,"Nature's MACE Cat Repellent 1 Gallon Spray/Treats 3,000 Sq. Ft. / Keep Cat Out of Your Lawn and Garden/Train Your Cat to Stay Out of Bushes/Safe to use Around Children & Plants",5.0,2021-09-24 19:23:33.689-04
Zevo,Zevo Wasp Hornet Bee and Yellow Jacket Stinging Insect Killer | Instant Action Aerosol 10Oz. Spray | Multi Insect Killer Repellent | Indoor Outdoor Use | Pet People Friendly Safe,5.0,2020-11-06 15:23:45.367-05
Avon,"Avon SKIN-SO-SOFT Bug Guard PLUS IR3535® Insect Repellent Moisturizing Lotion - SPF 30 Gentle Breeze, 4 oz",1.0,2018-05-02 15:29:05.586-04
Nature's MACE,"Nature's MACE Cat Repellent 1 Gallon Spray/Treats 3,000 Sq. Ft. / Keep Cat Out of Your Lawn and Garden/Train Your Cat to Stay Out of Bushes/Safe to use Around Children & Plants",5.0,2022-05-21 13:52:24.823-04
Avon,"Avon SKIN-SO-SOFT Bug Guard PLUS IR3535® Insect Repellent Moisturizing Lotion - SPF 30 Gentle Breeze, 4 oz",5.0,2014-09-03 20:29:35-04
Avon,"Avon SKIN-SO-SOFT Bug Guard PLUS IR3535® Insect Repellent Moisturizing Lotion - SPF 30 Gentle Breeze, 4 oz",5.0,2018-12-20 11:02:11.824-05
Avon,"Avon SKIN-SO-SOFT Bug Guard PLUS IR3535® Insect Repellent Moisturizing Lotion - SPF 30 Gentle Breeze, 4 oz",4.0,2014-08-19 10:56:46-04
Avon,"Avon SKIN-SO-SOFT Bug Guard PLUS IR3535® Insect Repellent Moisturizing Lotion - SPF 30 Gentle Breeze, 4 oz",5.0,2016-07-12 03:44:22-04
Nature's MACE,"Nature's MACE Cat Repellent 1 Gallon Spray/Treats 3,000 Sq. Ft. / Keep Cat Out of Your Lawn and Garden/Train Your Cat to Stay Out of Bushes/Safe to use Around Children & Plants",1.0,2018-08-17 08:05:24.966-04
Avon,"Avon SKIN-SO-SOFT Bug Guard PLUS IR3535® Insect Repellent Moisturizing Lotion - SPF 30 Gentle Breeze, 4 oz",5.0,2015-01-03 13:31:26-05
Avon,"Avon SKIN-SO-SOFT Bug Guard PLUS IR3535® Insect Repellent Moisturizing Lotion - SPF 30 Gentle Breeze, 4 oz",5.0,2014-12-04 14:46:35-05
Avon,"Avon SKIN-SO-SOFT Bug Guard PLUS IR3535® Insect Repellent Moisturizing Lotion - SPF 30 Gentle Breeze, 4 oz",5.0,2015-07-01 13:50:45-04
Tender Ben's,Ben's 30% DEET Tick & Insect Repellent Wipes - 2 Pack,4.0,2017-09-28 09:52:04.058-04
Avon,"Avon SKIN-SO-SOFT Bug Guard PLUS IR3535® Insect Repellent Moisturizing Lotion - SPF 30 Gentle Breeze, 4 oz",5.0,2016-08-12 14:06:00-04
Avon,"Avon SKIN-SO-SOFT Bug Guard PLUS IR3535® Insect Repellent Moisturizing Lotion - SPF 30 Gentle Breeze, 4 oz",5.0,2019-07-03 11:27:57.887-04
Avon,"Avon SKIN-SO-SOFT Bug Guard PLUS IR3535® Insect Repellent Moisturizing Lotion - SPF 30 Gentle Breeze, 4 oz",3.0,2017-08-25 10:37:13.146-04
Wpxmer,"Wpxmer 3 Pack Garden Ballons, Giant Bird Repellent Eye Balloon, Scary Eye Balloons for House, Garden Crops, Swimming Pools, 24 Inches",1.0,2021-02-07 14:05:57.663-05
Nature's MACE,"Nature's MACE Cat Repellent 1 Gallon Spray/Treats 3,000 Sq. Ft. / Keep Cat Out of Your Lawn and Garden/Train Your Cat to Stay Out of Bushes/Safe to use Around Children & Plants",3.0,2021-12-27 14:04:09.687-05
Nature's MACE,"Nature's MACE Cat Repellent 1 Gallon Spray/Treats 3,000 Sq. Ft. / Keep Cat Out of Your Lawn and Garden/Train Your Cat to Stay Out of Bushes/Safe to use Around Children & Plants",5.0,2019-06-09 12:09:22.922-04
Avon,"Avon SKIN-SO-SOFT Bug Guard PLUS IR3535® Insect Repellent Moisturizing Lotion - SPF 30 Gentle Breeze, 4 oz",5.0,2020-09-29 21:57:22.862-04
Avon,"Avon SKIN-SO-SOFT Bug Guard PLUS IR3535® Insect Repellent Moisturizing Lotion - SPF 30 Gentle Breeze, 4 oz",5.0,2018-01-25 14:33:26.072-05
Zevo,Zevo Wasp Hornet Bee and Yellow Jacket Stinging Insect Killer | Instant Action Aerosol 10Oz. Spray | Multi Insect Killer Repellent | Indoor Outdoor Use | Pet People Friendly Safe,5.0,2020-09-15 15:06:57.81-04
Avon,"Avon SKIN-SO-SOFT Bug Guard PLUS IR3535® Insect Repellent Moisturizing Lotion - SPF 30 Gentle Breeze, 4 oz",4.0,2014-10-20 17:58:30-04
Avon,"Avon SKIN-SO-SOFT Bug Guard PLUS IR3535® Insect Repellent Moisturizing Lotion - SPF 30 Gentle Breeze, 4 oz",5.0,2016-07-15 18:38:50-04
Nature's MACE,"Nature's MACE Cat Repellent 1 Gallon Spray/Treats 3,000 Sq. Ft. / Keep Cat Out of Your Lawn and Garden/Train Your Cat to Stay Out of Bushes/Safe to use Around Children & Plants",1.0,2022-04-04 16:37:32.13-04
Avon,"Avon SKIN-SO-SOFT Bug Guard PLUS IR3535® Insect Repellent Moisturizing Lotion - SPF 30 Gentle Breeze, 4 oz",5.0,2019-12-28 12:23:14.158-05
Avon,"Avon SKIN-SO-SOFT Bug Guard PLUS IR3535® Insect Repellent Moisturizing Lotion - SPF 30 Gentle Breeze, 4 oz",3.0,2019-09-21 15:13:19.895-04
Enoz,"Enoz No Zone, Refills for Animal Repellent Stations 16 Refill Bag - Twin - White",5.0,2020-05-05 16:35:53.884-04
Avon,"Avon SKIN-SO-SOFT Bug Guard PLUS IR3535® Insect Repellent Moisturizing Lotion - SPF 30 Gentle Breeze, 4 oz",5.0,2016-09-30 06:56:36-04
Avon,"Avon SKIN-SO-SOFT Bug Guard PLUS IR3535® Insect Repellent Moisturizing Lotion - SPF 30 Gentle Breeze, 4 oz",5.0,2020-02-06 15:25:46.713-05
Avon,"Avon SKIN-SO-SOFT Bug Guard PLUS IR3535® Insect Repellent Moisturizing Lotion - SPF 30 Gentle Breeze, 4 oz",5.0,2019-06-30 17:50:20.798-04
Avon,"Avon SKIN-SO-SOFT Bug Guard PLUS IR3535® Insect Repellent Moisturizing Lotion - SPF 30 Gentle Breeze, 4 oz",5.0,2016-05-19 20:54:55-04
Nature's MACE,"Nature's MACE Cat Repellent 1 Gallon Spray/Treats 3,000 Sq. Ft. / Keep Cat Out of Your Lawn and Garden/Train Your Cat to Stay Out of Bushes/Safe to use Around Children & Plants",5.0,2018-02-21 11:38:51.267-05
Natural Armor,Natural Armor Lizard & Gecko Repellent Spray - Powerful Peppermint Formulation Repels All Types of Lizards & Geckos and Works Better Than Ultrasonic Gimmicks – 128 fl oz - Gallon Ready to Use,5.0,2022-08-16 13:46:21.632-04
Avon,"Avon SKIN-SO-SOFT Bug Guard PLUS IR3535® Insect Repellent Moisturizing Lotion - SPF 30 Gentle Breeze, 4 oz",5.0,2014-07-21 11:06:21-04
Avon,"Avon SKIN-SO-SOFT Bug Guard PLUS IR3535® Insect Repellent Moisturizing Lotion - SPF 30 Gentle Breeze, 4 oz",5.0,2017-06-20 11:11:47.12-04
Avon,"Avon SKIN-SO-SOFT Bug Guard PLUS IR3535® Insect Repellent Moisturizing Lotion - SPF 30 Gentle Breeze, 4 oz",5.0,2015-01-14 08:45:19-05
Natural Armor,Natural Armor Lizard & Gecko Repellent Spray - Powerful Peppermint Formulation Repels All Types of Lizards & Geckos and Works Better Than Ultrasonic Gimmicks – 128 fl oz - Gallon Ready to Use,1.0,2022-05-19 12:28:51.948-04
Nature's MACE,"Nature's MACE Cat Repellent 1 Gallon Spray/Treats 3,000 Sq. Ft. / Keep Cat Out of Your Lawn and Garden/Train Your Cat to Stay Out of Bushes/Safe to use Around Children & Plants",1.0,2021-10-31 08:08:04.5-04
Avon,"Avon SKIN-SO-SOFT Bug Guard PLUS IR3535® Insect Repellent Moisturizing Lotion - SPF 30 Gentle Breeze, 4 oz",5.0,2019-03-21 11:42:53.122-04
Avon,"Avon SKIN-SO-SOFT Bug Guard PLUS IR3535® Insect Repellent Moisturizing Lotion - SPF 30 Gentle Breeze, 4 oz",5.0,2016-07-20 07:29:16-04
Nature's MACE,"Nature's MACE Cat Repellent 1 Gallon Spray/Treats 3,000 Sq. Ft. / Keep Cat Out of Your Lawn and Garden/Train Your Cat to Stay Out of Bushes/Safe to use Around Children & Plants",5.0,2018-11-12 10:08:14.478-05
Avon,"Avon SKIN-SO-SOFT Bug Guard PLUS IR3535® Insect Repellent Moisturizing Lotion - SPF 30 Gentle Breeze, 4 oz",5.0,2015-07-27 14:41:06-04
Avon,"Avon SKIN-SO-SOFT Bug Guard PLUS IR3535® Insect Repellent Moisturizing Lotion - SPF 30 Gentle Breeze, 4 oz",5.0,2015-06-19 13:05:44-04
Nature's MACE,"Nature's MACE Cat Repellent 1 Gallon Spray/Treats 3,000 Sq. Ft. / Keep Cat Out of Your Lawn and Garden/Train Your Cat to Stay Out of Bushes/Safe to use Around Children & Plants",1.0,2019-03-09 16:57:47.533-05
Nature's MACE,"Nature's MACE Cat Repellent 1 Gallon Spray/Treats 3,000 Sq. Ft. / Keep Cat Out of Your Lawn and Garden/Train Your Cat to Stay Out of Bushes/Safe to use Around Children & Plants",1.0,2020-07-04 07:52:37.99-04
Grandpa Gus's,"Grandpa Gus's Extra-Strength Mouse Repellent Pouches + Potent Mouse Repellent Spray, Peppermint/Cinnamon Oils Repel Mouse From Home/RV, Boat/Car Storage & Machinery, 4 x 1.76oz Pouches + 1 x 8oz Spray",1.0,2022-09-23 03:13:16.758-04
Nature's MACE,"Nature's MACE Cat Repellent 1 Gallon Spray/Treats 3,000 Sq. Ft. / Keep Cat Out of Your Lawn and Garden/Train Your Cat to Stay Out of Bushes/Safe to use Around Children & Plants",5.0,2018-10-01 09:09:15.287-04
Sally's Organics,"10ml Organic Peppermint Essential Oil - Pure Therapeutic Grade - Works Best for Aromatherapy, Natural Soap, Shampoo, Hair, Lotion, Bath Melts, Body, Mice Repellent, and Air Freshener (Spray)",5.0,2020-01-18 16:32:41.248-05
CHOMP!,"CHOMP! Shower Door Water Repellent: Healthier Home ShowerDoorMagic 6 in 1 Hard Water Stain Preventer for Glass, Fiberglass, Tile & More- Spot, Soap Scum, Calcium & Limescale Prevention 32 oz.",3.0,2020-06-25 18:07:47.361-04
Nature's MACE,"Nature's MACE Cat Repellent 1 Gallon Spray/Treats 3,000 Sq. Ft. / Keep Cat Out of Your Lawn and Garden/Train Your Cat to Stay Out of Bushes/Safe to use Around Children & Plants",3.0,2021-08-10 15:46:24.298-04
Grandpa Gus's,"Grandpa Gus's Extra-Strength Mouse Repellent Pouches + Potent Mouse Repellent Spray, Peppermint/Cinnamon Oils Repel Mouse From Home/RV, Boat/Car Storage & Machinery, 4 x 1.76oz Pouches + 1 x 8oz Spray",5.0,2022-10-12 08:42:37.039-04
Nature's MACE,"Nature's MACE Cat Repellent 1 Gallon Spray/Treats 3,000 Sq. Ft. / Keep Cat Out of Your Lawn and Garden/Train Your Cat to Stay Out of Bushes/Safe to use Around Children & Plants",3.0,2022-10-19 12:32:25.514-04
Nature's MACE,"Nature's MACE Cat Repellent 1 Gallon Spray/Treats 3,000 Sq. Ft. / Keep Cat Out of Your Lawn and Garden/Train Your Cat to Stay Out of Bushes/Safe to use Around Children & Plants",5.0,2021-08-16 20:27:55.476-04
Avon,"Avon SKIN-SO-SOFT Bug Guard PLUS IR3535® Insect Repellent Moisturizing Lotion - SPF 30 Gentle Breeze, 4 oz",1.0,2017-07-09 08:53:47.598-04
Avon,"Avon SKIN-SO-SOFT Bug Guard PLUS IR3535® Insect Repellent Moisturizing Lotion - SPF 30 Gentle Breeze, 4 oz",5.0,2015-07-10 11:30:55-04
Avon,"Avon SKIN-SO-SOFT Bug Guard PLUS IR3535® Insect Repellent Moisturizing Lotion - SPF 30 Gentle Breeze, 4 oz",5.0,2015-06-11 10:05:05-04
Avon,"Avon SKIN-SO-SOFT Bug Guard PLUS IR3535® Insect Repellent Moisturizing Lotion - SPF 30 Gentle Breeze, 4 oz",5.0,2014-07-30 14:25:11-04
Avon,"Avon SKIN-SO-SOFT Bug Guard PLUS IR3535® Insect Repellent Moisturizing Lotion - SPF 30 Gentle Breeze, 4 oz",5.0,2017-10-14 19:56:24.175-04
Avon,"Avon SKIN-SO-SOFT Bug Guard PLUS IR3535® Insect Repellent Moisturizing Lotion - SPF 30 Gentle Breeze, 4 oz",5.0,2014-07-17 11:06:08-04
Nature's MACE,"Nature's MACE Cat Repellent 1 Gallon Spray/Treats 3,000 Sq. Ft. / Keep Cat Out of Your Lawn and Garden/Train Your Cat to Stay Out of Bushes/Safe to use Around Children & Plants",5.0,2021-05-04 22:30:38.801-04
Avon,"Avon SKIN-SO-SOFT Bug Guard PLUS IR3535® Insect Repellent Moisturizing Lotion - SPF 30 Gentle Breeze, 4 oz",5.0,2022-02-27 20:35:25.76-05
Cutter,"Cutter Natural Fogger Insect Repellent, 3 pk./14 oz.each can",5.0,2018-01-09 19:05:53.269-05
Avon,"Avon SKIN-SO-SOFT Bug Guard PLUS IR3535® Insect Repellent Moisturizing Lotion - SPF 30 Gentle Breeze, 4 oz",5.0,2016-07-14 18:30:26-04
Avon,"Avon SKIN-SO-SOFT Bug Guard PLUS IR3535® Insect Repellent Moisturizing Lotion - SPF 30 Gentle Breeze, 4 oz",5.0,2022-03-25 23:37:01.87-04
Avon,"Avon SKIN-SO-SOFT Bug Guard PLUS IR3535® Insect Repellent Moisturizing Lotion - SPF 30 Gentle Breeze, 4 oz",5.0,2017-07-07 09:26:53.867-04
Nature's MACE,"Nature's MACE Cat Repellent 1 Gallon Spray/Treats 3,000 Sq. Ft. / Keep Cat Out of Your Lawn and Garden/Train Your Cat to Stay Out of Bushes/Safe to use Around Children & Plants",1.0,2021-04-28 12:31:50.038-04
Avon,"Avon SKIN-SO-SOFT Bug Guard PLUS IR3535® Insect Repellent Moisturizing Lotion - SPF 30 Gentle Breeze, 4 oz",4.0,2019-06-27 06:13:17.497-04
Avon,"Avon SKIN-SO-SOFT Bug Guard PLUS IR3535® Insect Repellent Moisturizing Lotion - SPF 30 Gentle Breeze, 4 oz",4.0,2017-07-05 22:49:20.992-04
Avon,"Avon SKIN-SO-SOFT Bug Guard PLUS IR3535® Insect Repellent Moisturizing Lotion - SPF 30 Gentle Breeze, 4 oz",5.0,2019-01-12 20:05:32.042-05
Nature's MACE,"Nature's MACE Cat Repellent 1 Gallon Spray/Treats 3,000 Sq. Ft. / Keep Cat Out of Your Lawn and Garden/Train Your Cat to Stay Out of Bushes/Safe to use Around Children & Plants",5.0,2023-03-18 22:17:41.266-04
Avon,"Avon SKIN-SO-SOFT Bug Guard PLUS IR3535® Insect Repellent Moisturizing Lotion - SPF 30 Gentle Breeze, 4 oz",2.0,2013-11-30 14:27:42-05
Avon,"Avon SKIN-SO-SOFT Bug Guard PLUS IR3535® Insect Repellent Moisturizing Lotion - SPF 30 Gentle Breeze, 4 oz",5.0,2015-07-12 13:15:28-04
Avon,"Avon SKIN-SO-SOFT Bug Guard PLUS IR3535® Insect Repellent Moisturizing Lotion - SPF 30 Gentle Breeze, 4 oz",5.0,2016-09-06 19:23:34-04
Nature's MACE,"Nature's MACE Cat Repellent 1 Gallon Spray/Treats 3,000 Sq. Ft. / Keep Cat Out of Your Lawn and Garden/Train Your Cat to Stay Out of Bushes/Safe to use Around Children & Plants",1.0,2022-01-16 19:58:23.805-05
Grandpa Gus's,"Grandpa Gus's Extra-Strength Mouse Repellent Pouches + Potent Mouse Repellent Spray, Peppermint/Cinnamon Oils Repel Mouse From Home/RV, Boat/Car Storage & Machinery, 4 x 1.76oz Pouches + 1 x 8oz Spray",3.0,2020-12-26 14:34:53.658-05
Avon,"Avon SKIN-SO-SOFT Bug Guard PLUS IR3535® Insect Repellent Moisturizing Lotion - SPF 30 Gentle Breeze, 4 oz",5.0,2019-11-13 17:48:46.712-05
Avon,"Avon SKIN-SO-SOFT Bug Guard PLUS IR3535® Insect Repellent Moisturizing Lotion - SPF 30 Gentle Breeze, 4 oz",5.0,2015-03-26 00:17:59-04
Grandpa Gus's,"Grandpa Gus's Extra-Strength Mouse Repellent Pouches + Potent Mouse Repellent Spray, Peppermint/Cinnamon Oils Repel Mouse From Home/RV, Boat/Car Storage & Machinery, 4 x 1.76oz Pouches + 1 x 8oz Spray",5.0,2020-11-13 18:34:46.844-05
Grandpa Gus's,"Grandpa Gus's Extra-Strength Mouse Repellent Pouches + Potent Mouse Repellent Spray, Peppermint/Cinnamon Oils Repel Mouse From Home/RV, Boat/Car Storage & Machinery, 4 x 1.76oz Pouches + 1 x 8oz Spray",5.0,2020-11-11 14:59:05.987-05
eHouse,AC12 Ultrasonic Pest Repeller - Electronic Plug in Best Repellent - Pest Control - Get Rid of - Rodents Squirrels Mice Rats Insects - Roaches Spiders Fleas Bed Bugs Flies Ants Mosquitos Fruit Fly!,2.0,2020-10-31 15:07:07.2-04
Wskvlcg,"Mosquito Repellent Bracelet, Ultrasonic Mosquito Repellent Bracelet Watch USB Rechargeable Anti Mosquito Repeller Wristband, Essential for Outdoor Camping (2 Pack, White)",1.0,2022-09-24 00:02:52.783-04
Avon,"Avon SKIN-SO-SOFT Bug Guard PLUS IR3535® Insect Repellent Moisturizing Lotion - SPF 30 Gentle Breeze, 4 oz",5.0,2017-01-13 14:57:32-05
Avon,"Avon SKIN-SO-SOFT Bug Guard PLUS IR3535® Insect Repellent Moisturizing Lotion - SPF 30 Gentle Breeze, 4 oz",5.0,2017-01-16 10:21:49-05
Avon,"Avon SKIN-SO-SOFT Bug Guard PLUS IR3535® Insect Repellent Moisturizing Lotion - SPF 30 Gentle Breeze, 4 oz",5.0,2016-05-11 04:16:04-04
SEALUXE,"SEALUXE Rodent Repellent Packs,Mouse Repellent,Peppermint Oil to Repel Mice, Mice Repellent Peppermint,Natural Rat Repellent,Insect Repellent with Peppermint Oil 4-Pack",3.0,2021-03-23 19:32:19.373-04
Avon,"Avon SKIN-SO-SOFT Bug Guard PLUS IR3535® Insect Repellent Moisturizing Lotion - SPF 30 Gentle Breeze, 4 oz",3.0,2021-12-11 19:39:13.981-05
DeerScram,Epic 02118 Wild Hog Repellent Granular Bucket - 10-Lbs,5.0,2022-04-15 11:29:37.128-04
Avon,"Avon SKIN-SO-SOFT Bug Guard PLUS IR3535® Insect Repellent Moisturizing Lotion - SPF 30 Gentle Breeze, 4 oz",5.0,2018-05-21 01:30:26.646-04
Avon,"Avon SKIN-SO-SOFT Bug Guard PLUS IR3535® Insect Repellent Moisturizing Lotion - SPF 30 Gentle Breeze, 4 oz",5.0,2015-12-28 21:23:20-05
Avon,"Avon SKIN-SO-SOFT Bug Guard PLUS IR3535® Insect Repellent Moisturizing Lotion - SPF 30 Gentle Breeze, 4 oz",1.0,2020-01-04 23:03:03.937-05
Nature's MACE,"Nature's MACE Cat Repellent 1 Gallon Spray/Treats 3,000 Sq. Ft. / Keep Cat Out of Your Lawn and Garden/Train Your Cat to Stay Out of Bushes/Safe to use Around Children & Plants",2.0,2018-04-04 18:59:50.399-04
Avon,"Avon SKIN-SO-SOFT Bug Guard PLUS IR3535® Insect Repellent Moisturizing Lotion - SPF 30 Gentle Breeze, 4 oz",5.0,2017-08-17 09:41:49.797-04
Avon,"Avon SKIN-SO-SOFT Bug Guard PLUS IR3535® Insect Repellent Moisturizing Lotion - SPF 30 Gentle Breeze, 4 oz",5.0,2016-08-16 22:41:38-04
Palmandpond,"Ultrasonic Pest Repeller 4 Packs, Electronic Plug in Sonic Repellent pest Control for Bugs Insects Mice Spiders Mosquitoes",3.0,2022-01-27 18:43:56.503-05
Avon,"Avon SKIN-SO-SOFT Bug Guard PLUS IR3535® Insect Repellent Moisturizing Lotion - SPF 30 Gentle Breeze, 4 oz",5.0,2017-05-22 18:03:03-04
Nature's MACE,"Nature's MACE Cat Repellent 1 Gallon Spray/Treats 3,000 Sq. Ft. / Keep Cat Out of Your Lawn and Garden/Train Your Cat to Stay Out of Bushes/Safe to use Around Children & Plants",1.0,2021-06-15 01:01:53.677-04
Avon,"Avon SKIN-SO-SOFT Bug Guard PLUS IR3535® Insect Repellent Moisturizing Lotion - SPF 30 Gentle Breeze, 4 oz",5.0,2019-08-01 14:26:47.022-04
Nature's MACE,"Nature's MACE Cat Repellent 1 Gallon Spray/Treats 3,000 Sq. Ft. / Keep Cat Out of Your Lawn and Garden/Train Your Cat to Stay Out of Bushes/Safe to use Around Children & Plants",1.0,2021-09-22 14:53:54.035-04
Avon,"Avon SKIN-SO-SOFT Bug Guard PLUS IR3535® Insect Repellent Moisturizing Lotion - SPF 30 Gentle Breeze, 4 oz",5.0,2017-08-31 04:21:59.137-04
Avon,"Avon SKIN-SO-SOFT Bug Guard PLUS IR3535® Insect Repellent Moisturizing Lotion - SPF 30 Gentle Breeze, 4 oz",5.0,2021-09-08 13:58:07.856-04
Avon,"Avon SKIN-SO-SOFT Bug Guard PLUS IR3535® Insect Repellent Moisturizing Lotion - SPF 30 Gentle Breeze, 4 oz",5.0,2017-07-20 15:44:49.198-04
Nature's MACE,"Nature's MACE Cat Repellent 1 Gallon Spray/Treats 3,000 Sq. Ft. / Keep Cat Out of Your Lawn and Garden/Train Your Cat to Stay Out of Bushes/Safe to use Around Children & Plants",1.0,2019-11-19 17:10:51.484-05
Nature's MACE,"Nature's MACE Cat Repellent 1 Gallon Spray/Treats 3,000 Sq. Ft. / Keep Cat Out of Your Lawn and Garden/Train Your Cat to Stay Out of Bushes/Safe to use Around Children & Plants",1.0,2021-08-18 15:03:14.526-04
Avon,"Avon SKIN-SO-SOFT Bug Guard PLUS IR3535® Insect Repellent Moisturizing Lotion - SPF 30 Gentle Breeze, 4 oz",5.0,2021-03-10 20:59:11.343-05
Nature's MACE,"Nature's MACE Cat Repellent 1 Gallon Spray/Treats 3,000 Sq. Ft. / Keep Cat Out of Your Lawn and Garden/Train Your Cat to Stay Out of Bushes/Safe to use Around Children & Plants",1.0,2019-02-18 18:15:31.336-05
SEALUXE,"SEALUXE Rodent Repellent Packs,Mouse Repellent,Peppermint Oil to Repel Mice, Mice Repellent Peppermint,Natural Rat Repellent,Insect Repellent with Peppermint Oil 6-Pack",5.0,2021-03-14 10:13:43.075-04
Natural Armor,Natural Armor Lizard & Gecko Repellent Spray - Powerful Peppermint Formulation Repels All Types of Lizards & Geckos and Works Better Than Ultrasonic Gimmicks – 128 fl oz - Gallon Ready to Use,1.0,2022-08-29 16:01:09.702-04
eHouse,AC12g Ultrasonic Pest Repeller - Electronic Plug in Best Repellent - Pest Control - Get Rid of - Rodents Squirrels Rats Mice Insects - Roaches Spiders Mosquitos Fleas Fruit Fly Bed Bugs Flies Ants!,5.0,2021-01-28 13:50:24.146-05
Avon,"Avon SKIN-SO-SOFT Bug Guard PLUS IR3535® Insect Repellent Moisturizing Lotion - SPF 30 Gentle Breeze, 4 oz",5.0,2013-01-01 13:15:36-05
Nature's MACE,"Nature's MACE Cat Repellent 1 Gallon Spray/Treats 3,000 Sq. Ft. / Keep Cat Out of Your Lawn and Garden/Train Your Cat to Stay Out of Bushes/Safe to use Around Children & Plants",2.0,2022-01-05 13:12:28.053-05
Avon,"Avon SKIN-SO-SOFT Bug Guard PLUS IR3535® Insect Repellent Moisturizing Lotion - SPF 30 Gentle Breeze, 4 oz",5.0,2014-06-13 01:15:26-04
Nature's MACE,"Nature's MACE Cat Repellent 1 Gallon Spray/Treats 3,000 Sq. Ft. / Keep Cat Out of Your Lawn and Garden/Train Your Cat to Stay Out of Bushes/Safe to use Around Children & Plants",4.0,2018-08-10 11:50:05.851-04
Natural Armor,Natural Armor Lizard & Gecko Repellent Spray - Powerful Peppermint Formulation Repels All Types of Lizards & Geckos and Works Better Than Ultrasonic Gimmicks – 128 fl oz - Gallon Ready to Use,1.0,2022-08-13 01:52:00.968-04
Avon,"Avon SKIN-SO-SOFT Bug Guard PLUS IR3535® Insect Repellent Moisturizing Lotion - SPF 30 Gentle Breeze, 4 oz",5.0,2015-09-17 03:47:20-04
Avon,"Avon SKIN-SO-SOFT Bug Guard PLUS IR3535® Insect Repellent Moisturizing Lotion - SPF 30 Gentle Breeze, 4 oz",5.0,2019-02-23 10:45:19.408-05
Avon,"Avon SKIN-SO-SOFT Bug Guard PLUS IR3535® Insect Repellent Moisturizing Lotion - SPF 30 Gentle Breeze, 4 oz",5.0,2022-02-02 06:28:09.094-05
Avon,"Avon SKIN-SO-SOFT Bug Guard PLUS IR3535® Insect Repellent Moisturizing Lotion - SPF 30 Gentle Breeze, 4 oz",4.0,2019-09-25 15:26:34.075-04
eHouse,AC12g Ultrasonic Pest Repeller - Electronic Plug in Best Repellent - Pest Control - Get Rid of - Rodents Squirrels Rats Mice Insects - Roaches Spiders Mosquitos Fleas Fruit Fly Bed Bugs Flies Ants!,3.0,2020-06-30 09:22:36.498-04
Green Goo,"Green Goo Bugs Be Gone, All-Natural Essential Oil Tick, Fly & Insect Repellent, Safe to Spray On Skin, 4.5 Oz",5.0,2018-08-13 08:04:21.853-04
Nature's MACE,"Nature's MACE Cat Repellent 1 Gallon Spray/Treats 3,000 Sq. Ft. / Keep Cat Out of Your Lawn and Garden/Train Your Cat to Stay Out of Bushes/Safe to use Around Children & Plants",1.0,2020-07-06 09:31:23.092-04
Avon,"Avon SKIN-SO-SOFT Bug Guard PLUS IR3535® Insect Repellent Moisturizing Lotion - SPF 30 Gentle Breeze, 4 oz",5.0,2017-02-22 08:27:47-05
Nature's MACE,"Nature's MACE Cat Repellent 1 Gallon Spray/Treats 3,000 Sq. Ft. / Keep Cat Out of Your Lawn and Garden/Train Your Cat to Stay Out of Bushes/Safe to use Around Children & Plants",2.0,2019-06-05 12:55:58.805-04
Natural Armor,Natural Armor Lizard & Gecko Repellent Spray - Powerful Peppermint Formulation Repels All Types of Lizards & Geckos and Works Better Than Ultrasonic Gimmicks – 128 fl oz - Gallon Ready to Use,1.0,2021-10-05 17:35:37.294-04
Nature's MACE,"Nature's MACE Cat Repellent 1 Gallon Spray/Treats 3,000 Sq. Ft. / Keep Cat Out of Your Lawn and Garden/Train Your Cat to Stay Out of Bushes/Safe to use Around Children & Plants",1.0,2018-05-01 18:16:08.427-04
eHouse,AC12g Ultrasonic Pest Repeller - Electronic Plug in Best Repellent - Pest Control - Get Rid of - Rodents Squirrels Rats Mice Insects - Roaches Spiders Mosquitos Fleas Fruit Fly Bed Bugs Flies Ants!,4.0,2020-09-03 18:02:13.998-04
Nature's MACE,"Nature's MACE Cat Repellent 1 Gallon Spray/Treats 3,000 Sq. Ft. / Keep Cat Out of Your Lawn and Garden/Train Your Cat to Stay Out of Bushes/Safe to use Around Children & Plants",3.0,2022-05-23 22:52:35.312-04
Avon,"Avon SKIN-SO-SOFT Bug Guard PLUS IR3535® Insect Repellent Moisturizing Lotion - SPF 30 Gentle Breeze, 4 oz",4.0,2020-11-21 14:54:20.687-05
Nature's MACE,"Nature's MACE Cat Repellent 1 Gallon Spray/Treats 3,000 Sq. Ft. / Keep Cat Out of Your Lawn and Garden/Train Your Cat to Stay Out of Bushes/Safe to use Around Children & Plants",3.0,2018-04-16 14:50:02.342-04
eHouse,AC12 Ultrasonic Pest Repeller - Electronic Plug in Best Repellent - Pest Control - Get Rid of - Rodents Squirrels Mice Rats Insects - Roaches Spiders Fleas Bed Bugs Flies Ants Mosquitos Fruit Fly!,5.0,2020-07-22 20:08:59.238-04
Nature's MACE,"Nature's MACE Cat Repellent 1 Gallon Spray/Treats 3,000 Sq. Ft. / Keep Cat Out of Your Lawn and Garden/Train Your Cat to Stay Out of Bushes/Safe to use Around Children & Plants",1.0,2022-10-10 05:51:11.676-04
Avon,"Avon SKIN-SO-SOFT Bug Guard PLUS IR3535® Insect Repellent Moisturizing Lotion - SPF 30 Gentle Breeze, 4 oz",5.0,2015-06-17 11:58:51-04
Avon,"Avon SKIN-SO-SOFT Bug Guard PLUS IR3535® Insect Repellent Moisturizing Lotion - SPF 30 Gentle Breeze, 4 oz",5.0,2022-07-03 14:25:09.523-04
HomeSweety,"HomeSweety Portable Electronic Mosquito Repellent Bracelet, Mosquito Wristband Watch USB Charging, Suitable for Adults Children Indoors and Outdoors 2022 Model",2.0,2022-08-31 14:37:49.31-04
Nature's MACE,"Nature's MACE Cat Repellent 1 Gallon Spray/Treats 3,000 Sq. Ft. / Keep Cat Out of Your Lawn and Garden/Train Your Cat to Stay Out of Bushes/Safe to use Around Children & Plants",1.0,2019-12-03 02:48:55.824-05
Nature's MACE,"Nature's MACE Cat Repellent 1 Gallon Spray/Treats 3,000 Sq. Ft. / Keep Cat Out of Your Lawn and Garden/Train Your Cat to Stay Out of Bushes/Safe to use Around Children & Plants",1.0,2022-06-07 08:15:53.239-04
Avon,"Avon SKIN-SO-SOFT Bug Guard PLUS IR3535® Insect Repellent Moisturizing Lotion - SPF 30 Gentle Breeze, 4 oz",2.0,2014-05-26 22:51:06-04
Tysonir,"Tysonir Mole Repellent,Mole Repellent Solar Powered Groundhog Repeller ,Gopher Repellent Ultrasonic,Get Rid of Mole Gophers Voles for Outdoor Garden Yard 2Pack",1.0,2022-04-12 14:12:23.634-04
Nature's MACE,"Nature's MACE Cat Repellent 1 Gallon Spray/Treats 3,000 Sq. Ft. / Keep Cat Out of Your Lawn and Garden/Train Your Cat to Stay Out of Bushes/Safe to use Around Children & Plants",5.0,2021-10-24 20:57:55.917-04
Foundation Armor,5 GAL Armor SC25 Penetrating Concrete Sealer and Water Repellent Salt Guard,5.0,2022-10-15 21:44:41.046-04
Grandpa Gus's,"Grandpa Gus's Extra-Strength Mouse Repellent Pouches + Potent Mouse Repellent Spray, Peppermint/Cinnamon Oils Repel Mouse From Home/RV, Boat/Car Storage & Machinery, 4 x 1.76oz Pouches + 1 x 8oz Spray",1.0,2022-09-13 08:28:19.299-04
Avon,"Avon SKIN-SO-SOFT Bug Guard PLUS IR3535® Insect Repellent Moisturizing Lotion - SPF 30 Gentle Breeze, 4 oz",5.0,2013-06-22 22:46:10-04
Nature's MACE,"Nature's MACE Cat Repellent 1 Gallon Spray/Treats 3,000 Sq. Ft. / Keep Cat Out of Your Lawn and Garden/Train Your Cat to Stay Out of Bushes/Safe to use Around Children & Plants",5.0,2023-03-18 15:00:09.633-04
Avon,"Avon SKIN-SO-SOFT Bug Guard PLUS IR3535® Insect Repellent Moisturizing Lotion - SPF 30 Gentle Breeze, 4 oz",5.0,2017-05-01 11:27:10-04
Avon,"Avon SKIN-SO-SOFT Bug Guard PLUS IR3535® Insect Repellent Moisturizing Lotion - SPF 30 Gentle Breeze, 4 oz",5.0,2014-12-28 05:50:48-05
Avon,"Avon SKIN-SO-SOFT Bug Guard PLUS IR3535® Insect Repellent Moisturizing Lotion - SPF 30 Gentle Breeze, 4 oz",5.0,2016-12-20 15:05:50-05
Nature's MACE,"Nature's MACE Cat Repellent 1 Gallon Spray/Treats 3,000 Sq. Ft. / Keep Cat Out of Your Lawn and Garden/Train Your Cat to Stay Out of Bushes/Safe to use Around Children & Plants",1.0,2022-09-24 19:31:51.493-04
Nature's MACE,"Nature's MACE Cat Repellent 1 Gallon Spray/Treats 3,000 Sq. Ft. / Keep Cat Out of Your Lawn and Garden/Train Your Cat to Stay Out of Bushes/Safe to use Around Children & Plants",3.0,2017-10-16 14:00:10.738-04
Nature's MACE,"Nature's MACE Cat Repellent 1 Gallon Spray/Treats 3,000 Sq. Ft. / Keep Cat Out of Your Lawn and Garden/Train Your Cat to Stay Out of Bushes/Safe to use Around Children & Plants",3.0,2022-07-07 17:44:09.687-04
Avon,"Avon SKIN-SO-SOFT Bug Guard PLUS IR3535® Insect Repellent Moisturizing Lotion - SPF 30 Gentle Breeze, 4 oz",5.0,2021-09-20 21:29:19.778-04
Nature's MACE,"Nature's MACE Cat Repellent 1 Gallon Spray/Treats 3,000 Sq. Ft. / Keep Cat Out of Your Lawn and Garden/Train Your Cat to Stay Out of Bushes/Safe to use Around Children & Plants",3.0,2018-11-14 21:02:43.033-05
Avon,"Avon SKIN-SO-SOFT Bug Guard PLUS IR3535® Insect Repellent Moisturizing Lotion - SPF 30 Gentle Breeze, 4 oz",2.0,2016-06-23 09:08:33-04
Avon,"Avon SKIN-SO-SOFT Bug Guard PLUS IR3535® Insect Repellent Moisturizing Lotion - SPF 30 Gentle Breeze, 4 oz",5.0,2014-08-07 22:33:45-04
Avon,"Avon SKIN-SO-SOFT Bug Guard PLUS IR3535® Insect Repellent Moisturizing Lotion - SPF 30 Gentle Breeze, 4 oz",3.0,2015-01-22 13:50:48-05
Nature's MACE,"Nature's MACE Cat Repellent 1 Gallon Spray/Treats 3,000 Sq. Ft. / Keep Cat Out of Your Lawn and Garden/Train Your Cat to Stay Out of Bushes/Safe to use Around Children & Plants",1.0,2020-01-21 19:10:39.678-05
SEALUXE,"SEALUXE Rodent Repellent Packs,Mouse Repellent,Peppermint Oil to Repel Mice, Mice Repellent Peppermint,Natural Rat Repellent,Insect Repellent with Peppermint Oil 4-Pack",1.0,2021-04-26 21:14:08.219-04
Avon,"Avon SKIN-SO-SOFT Bug Guard PLUS IR3535® Insect Repellent Moisturizing Lotion - SPF 30 Gentle Breeze, 4 oz",3.0,2017-10-17 21:04:28.064-04
Grandpa Gus's,"Grandpa Gus's Extra-Strength Mouse Repellent Pouches + Potent Mouse Repellent Spray, Peppermint/Cinnamon Oils Repel Mouse From Home/RV, Boat/Car Storage & Machinery, 4 x 1.76oz Pouches + 1 x 8oz Spray",5.0,2020-08-22 08:04:15.911-04
eHouse,AC12g Ultrasonic Pest Repeller - Electronic Plug in Best Repellent - Pest Control - Get Rid of - Rodents Squirrels Rats Mice Insects - Roaches Spiders Mosquitos Fleas Fruit Fly Bed Bugs Flies Ants!,1.0,2020-08-24 12:51:29.956-04
Whemoalus,"Whemoalus Squirrel Repellent Outdoor,4-Pack Natural Squirrel Repellent for Attic,Cars,Squirrel Deterrent for Garden,Squirrel Repellent for Plants,Mint Squirrel Repellent Indoor Safe Around Kid & Pets",1.0,2022-07-21 20:40:39.92-04
Avon,"Avon SKIN-SO-SOFT Bug Guard PLUS IR3535® Insect Repellent Moisturizing Lotion - SPF 30 Gentle Breeze, 4 oz",5.0,2019-01-20 09:30:54.791-05
Avon,"Avon SKIN-SO-SOFT Bug Guard PLUS IR3535® Insect Repellent Moisturizing Lotion - SPF 30 Gentle Breeze, 4 oz",5.0,2017-07-09 17:20:19.992-04
Avon,"Avon SKIN-SO-SOFT Bug Guard PLUS IR3535® Insect Repellent Moisturizing Lotion - SPF 30 Gentle Breeze, 4 oz",5.0,2019-07-28 19:57:02.723-04
Nature's MACE,"Nature's MACE Cat Repellent 1 Gallon Spray/Treats 3,000 Sq. Ft. / Keep Cat Out of Your Lawn and Garden/Train Your Cat to Stay Out of Bushes/Safe to use Around Children & Plants",3.0,2020-03-05 19:37:00.335-05
Nature's MACE,"Nature's MACE Cat Repellent 1 Gallon Spray/Treats 3,000 Sq. Ft. / Keep Cat Out of Your Lawn and Garden/Train Your Cat to Stay Out of Bushes/Safe to use Around Children & Plants",1.0,2021-03-16 12:03:31.619-04
Avon,"Avon SKIN-SO-SOFT Bug Guard PLUS IR3535® Insect Repellent Moisturizing Lotion - SPF 30 Gentle Breeze, 4 oz",5.0,2017-04-03 17:58:01-04
Nature's MACE,"Nature's MACE Cat Repellent 1 Gallon Spray/Treats 3,000 Sq. Ft. / Keep Cat Out of Your Lawn and Garden/Train Your Cat to Stay Out of Bushes/Safe to use Around Children & Plants",5.0,2021-05-18 08:22:19.252-04
Nature's MACE,"Nature's MACE Cat Repellent 1 Gallon Spray/Treats 3,000 Sq. Ft. / Keep Cat Out of Your Lawn and Garden/Train Your Cat to Stay Out of Bushes/Safe to use Around Children & Plants",5.0,2021-08-13 18:52:22.242-04
Avon,"Avon SKIN-SO-SOFT Bug Guard PLUS IR3535® Insect Repellent Moisturizing Lotion - SPF 30 Gentle Breeze, 4 oz",5.0,2019-08-06 09:46:13.874-04
Natural Armor,Natural Armor Lizard & Gecko Repellent Spray - Powerful Peppermint Formulation Repels All Types of Lizards & Geckos and Works Better Than Ultrasonic Gimmicks – 128 fl oz - Gallon Ready to Use,4.0,2022-08-01 16:53:53.716-04
Nature's MACE,"Nature's MACE Cat Repellent 1 Gallon Spray/Treats 3,000 Sq. Ft. / Keep Cat Out of Your Lawn and Garden/Train Your Cat to Stay Out of Bushes/Safe to use Around Children & Plants",1.0,2020-06-01 12:21:04.398-04
Nature's MACE,"Nature's MACE Cat Repellent 1 Gallon Spray/Treats 3,000 Sq. Ft. / Keep Cat Out of Your Lawn and Garden/Train Your Cat to Stay Out of Bushes/Safe to use Around Children & Plants",3.0,2019-05-07 16:19:55.598-04
Nature's MACE,"Nature's MACE Cat Repellent 1 Gallon Spray/Treats 3,000 Sq. Ft. / Keep Cat Out of Your Lawn and Garden/Train Your Cat to Stay Out of Bushes/Safe to use Around Children & Plants",3.0,2023-02-28 06:40:38.644-05
Avon,"Avon SKIN-SO-SOFT Bug Guard PLUS IR3535® Insect Repellent Moisturizing Lotion - SPF 30 Gentle Breeze, 4 oz",5.0,2015-06-06 21:45:15-04
Avon,"Avon SKIN-SO-SOFT Bug Guard PLUS IR3535® Insect Repellent Moisturizing Lotion - SPF 30 Gentle Breeze, 4 oz",5.0,2015-07-11 09:09:40-04
Avon,"Avon SKIN-SO-SOFT Bug Guard PLUS IR3535® Insect Repellent Moisturizing Lotion - SPF 30 Gentle Breeze, 4 oz",5.0,2018-09-18 22:00:57.775-04
Avon,"Avon SKIN-SO-SOFT Bug Guard PLUS IR3535® Insect Repellent Moisturizing Lotion - SPF 30 Gentle Breeze, 4 oz",3.0,2015-01-29 15:18:03-05
Avon,"Avon SKIN-SO-SOFT Bug Guard PLUS IR3535® Insect Repellent Moisturizing Lotion - SPF 30 Gentle Breeze, 4 oz",5.0,2018-03-30 09:55:36.017-04
Avon,"Avon SKIN-SO-SOFT Bug Guard PLUS IR3535® Insect Repellent Moisturizing Lotion - SPF 30 Gentle Breeze, 4 oz",5.0,2022-07-19 13:16:58.012-04
Nature's MACE,"Nature's MACE Cat Repellent 1 Gallon Spray/Treats 3,000 Sq. Ft. / Keep Cat Out of Your Lawn and Garden/Train Your Cat to Stay Out of Bushes/Safe to use Around Children & Plants",5.0,2020-09-09 15:53:27.927-04
Avon,"Avon SKIN-SO-SOFT Bug Guard PLUS IR3535® Insect Repellent Moisturizing Lotion - SPF 30 Gentle Breeze, 4 oz",4.0,2019-05-02 05:43:23.885-04
Tender Ben's,Ben's 30% DEET Tick & Insect Repellent Wipes - 2 Pack,5.0,2021-05-30 08:08:28.072-04
Nature's MACE,"Nature's MACE Cat Repellent 1 Gallon Spray/Treats 3,000 Sq. Ft. / Keep Cat Out of Your Lawn and Garden/Train Your Cat to Stay Out of Bushes/Safe to use Around Children & Plants",5.0,2019-01-08 14:19:05.061-05
NATURAL OUST,NATURAL OUST Peppermint Oil Spider Repellent Spray - Eco Friendly Indoor Outdoor - Effective Spider Control,5.0,2021-12-20 16:41:36.795-05
Avon,"Avon SKIN-SO-SOFT Bug Guard PLUS IR3535® Insect Repellent Moisturizing Lotion - SPF 30 Gentle Breeze, 4 oz",4.0,2017-08-15 01:12:24.226-04
Avon,"Avon SKIN-SO-SOFT Bug Guard PLUS IR3535® Insect Repellent Moisturizing Lotion - SPF 30 Gentle Breeze, 4 oz",5.0,2018-01-13 16:46:56.177-05
Nature's MACE,"Nature's MACE Cat Repellent 1 Gallon Spray/Treats 3,000 Sq. Ft. / Keep Cat Out of Your Lawn and Garden/Train Your Cat to Stay Out of Bushes/Safe to use Around Children & Plants",5.0,2020-11-13 18:06:43.159-05
Avon,"Avon SKIN-SO-SOFT Bug Guard PLUS IR3535® Insect Repellent Moisturizing Lotion - SPF 30 Gentle Breeze, 4 oz",4.0,2016-06-30 09:34:36-04
Avon,"Avon SKIN-SO-SOFT Bug Guard PLUS IR3535® Insect Repellent Moisturizing Lotion - SPF 30 Gentle Breeze, 4 oz",2.0,2022-09-08 17:47:36.414-04
Nature's MACE,"Nature's MACE Cat Repellent 1 Gallon Spray/Treats 3,000 Sq. Ft. / Keep Cat Out of Your Lawn and Garden/Train Your Cat to Stay Out of Bushes/Safe to use Around Children & Plants",3.0,2019-03-28 08:19:43.451-04
Nature's MACE,"Nature's MACE Cat Repellent 1 Gallon Spray/Treats 3,000 Sq. Ft. / Keep Cat Out of Your Lawn and Garden/Train Your Cat to Stay Out of Bushes/Safe to use Around Children & Plants",5.0,2018-08-19 20:48:35.094-04
Avon,"Avon SKIN-SO-SOFT Bug Guard PLUS IR3535® Insect Repellent Moisturizing Lotion - SPF 30 Gentle Breeze, 4 oz",5.0,2019-11-03 20:25:35.137-05
Avon,"Avon SKIN-SO-SOFT Bug Guard PLUS IR3535® Insect Repellent Moisturizing Lotion - SPF 30 Gentle Breeze, 4 oz",5.0,2015-07-27 14:05:39-04
Avon,"Avon SKIN-SO-SOFT Bug Guard PLUS IR3535® Insect Repellent Moisturizing Lotion - SPF 30 Gentle Breeze, 4 oz",5.0,2015-03-27 13:18:25-04
Avon,"Avon SKIN-SO-SOFT Bug Guard PLUS IR3535® Insect Repellent Moisturizing Lotion - SPF 30 Gentle Breeze, 4 oz",5.0,2016-01-03 00:11:29-05
HomeSweety,"HomeSweety Portable Electronic Mosquito Repellent Bracelet, Mosquito Wristband Watch USB Charging, Suitable for Adults Children Indoors and Outdoors 2022 Model",5.0,2022-09-02 14:27:46.32-04
Avon,"Avon SKIN-SO-SOFT Bug Guard PLUS IR3535® Insect Repellent Moisturizing Lotion - SPF 30 Gentle Breeze, 4 oz",5.0,2014-08-04 13:30:14-04
Grandpa Gus's,"Grandpa Gus's Extra-Strength Mouse Repellent Pouches + Potent Mouse Repellent Spray, Peppermint/Cinnamon Oils Repel Mouse From Home/RV, Boat/Car Storage & Machinery, 4 x 1.76oz Pouches + 1 x 8oz Spray",5.0,2021-10-19 14:24:36.891-04
Nature's MACE,"Nature's MACE Cat Repellent 1 Gallon Spray/Treats 3,000 Sq. Ft. / Keep Cat Out of Your Lawn and Garden/Train Your Cat to Stay Out of Bushes/Safe to use Around Children & Plants",5.0,2019-09-11 06:12:36.51-04
Nature's MACE,"Nature's MACE Cat Repellent 1 Gallon Spray/Treats 3,000 Sq. Ft. / Keep Cat Out of Your Lawn and Garden/Train Your Cat to Stay Out of Bushes/Safe to use Around Children & Plants",4.0,2022-02-19 11:32:26.736-05
Avon,"Avon SKIN-SO-SOFT Bug Guard PLUS IR3535® Insect Repellent Moisturizing Lotion - SPF 30 Gentle Breeze, 4 oz",5.0,2020-06-27 09:29:25.228-04
Grandpa Gus's,"Grandpa Gus's Extra-Strength Mouse Repellent Pouches + Potent Mouse Repellent Spray, Peppermint/Cinnamon Oils Repel Mouse From Home/RV, Boat/Car Storage & Machinery, 4 x 1.76oz Pouches + 1 x 8oz Spray",5.0,2021-09-23 17:44:19.021-04
Cutter,"Cutter Natural Fogger Insect Repellent, 3 pk./14 oz.each can",5.0,2018-07-31 16:59:33.373-04
Avon,"Avon SKIN-SO-SOFT Bug Guard PLUS IR3535® Insect Repellent Moisturizing Lotion - SPF 30 Gentle Breeze, 4 oz",5.0,2016-10-26 20:49:44-04
Avon,"Avon SKIN-SO-SOFT Bug Guard PLUS IR3535® Insect Repellent Moisturizing Lotion - SPF 30 Gentle Breeze, 4 oz",5.0,2021-07-18 12:05:52.771-04
Nature's MACE,"Nature's MACE Cat Repellent 1 Gallon Spray/Treats 3,000 Sq. Ft. / Keep Cat Out of Your Lawn and Garden/Train Your Cat to Stay Out of Bushes/Safe to use Around Children & Plants",5.0,2019-08-18 17:23:25.117-04
Nature's MACE,"Nature's MACE Cat Repellent 1 Gallon Spray/Treats 3,000 Sq. Ft. / Keep Cat Out of Your Lawn and Garden/Train Your Cat to Stay Out of Bushes/Safe to use Around Children & Plants",5.0,2021-05-05 16:21:36.074-04
Avon,"Avon SKIN-SO-SOFT Bug Guard PLUS IR3535® Insect Repellent Moisturizing Lotion - SPF 30 Gentle Breeze, 4 oz",4.0,2015-07-06 21:22:43-04
Avon,"Avon SKIN-SO-SOFT Bug Guard PLUS IR3535® Insect Repellent Moisturizing Lotion - SPF 30 Gentle Breeze, 4 oz",5.0,2014-03-20 09:56:23-04
Grandpa Gus's,"Grandpa Gus's Extra-Strength Mouse Repellent Pouches + Potent Mouse Repellent Spray, Peppermint/Cinnamon Oils Repel Mouse From Home/RV, Boat/Car Storage & Machinery, 4 x 1.76oz Pouches + 1 x 8oz Spray",5.0,2022-07-19 22:07:27.882-04
Avon,"Avon SKIN-SO-SOFT Bug Guard PLUS IR3535® Insect Repellent Moisturizing Lotion - SPF 30 Gentle Breeze, 4 oz",4.0,2016-11-08 13:30:46-05
eHouse,AC12 Ultrasonic Pest Repeller - Electronic Plug in Best Repellent - Pest Control - Get Rid of - Rodents Squirrels Mice Rats Insects - Roaches Spiders Fleas Bed Bugs Flies Ants Mosquitos Fruit Fly!,1.0,2020-10-01 14:59:37.467-04
Nature's MACE,"Nature's MACE Cat Repellent 1 Gallon Spray/Treats 3,000 Sq. Ft. / Keep Cat Out of Your Lawn and Garden/Train Your Cat to Stay Out of Bushes/Safe to use Around Children & Plants",5.0,2022-07-18 11:42:07.55-04
Natural Armor,Natural Armor Lizard & Gecko Repellent Spray - Powerful Peppermint Formulation Repels All Types of Lizards & Geckos and Works Better Than Ultrasonic Gimmicks – 128 fl oz - Gallon Ready to Use,5.0,2022-11-04 18:43:50.801-04
Avon,"Avon SKIN-SO-SOFT Bug Guard PLUS IR3535® Insect Repellent Moisturizing Lotion - SPF 30 Gentle Breeze, 4 oz",3.0,2014-08-22 18:23:49-04
Avon,"Avon SKIN-SO-SOFT Bug Guard PLUS IR3535® Insect Repellent Moisturizing Lotion - SPF 30 Gentle Breeze, 4 oz",5.0,2014-12-03 22:22:18-05
Avon,"Avon SKIN-SO-SOFT Bug Guard PLUS IR3535® Insect Repellent Moisturizing Lotion - SPF 30 Gentle Breeze, 4 oz",4.0,2016-05-04 20:19:10-04
Nature's MACE,"Nature's MACE Cat Repellent 1 Gallon Spray/Treats 3,000 Sq. Ft. / Keep Cat Out of Your Lawn and Garden/Train Your Cat to Stay Out of Bushes/Safe to use Around Children & Plants",3.0,2018-07-04 09:45:36.818-04
Nature's MACE,"Nature's MACE Cat Repellent 1 Gallon Spray/Treats 3,000 Sq. Ft. / Keep Cat Out of Your Lawn and Garden/Train Your Cat to Stay Out of Bushes/Safe to use Around Children & Plants",3.0,2020-01-04 18:20:57.17-05
Avon,"Avon SKIN-SO-SOFT Bug Guard PLUS IR3535® Insect Repellent Moisturizing Lotion - SPF 30 Gentle Breeze, 4 oz",5.0,2014-12-25 19:30:56-05
Avon,"Avon SKIN-SO-SOFT Bug Guard PLUS IR3535® Insect Repellent Moisturizing Lotion - SPF 30 Gentle Breeze, 4 oz",3.0,2017-02-25 00:19:45-05
Natural Armor,Natural Armor Lizard & Gecko Repellent Spray - Powerful Peppermint Formulation Repels All Types of Lizards & Geckos and Works Better Than Ultrasonic Gimmicks – 128 fl oz - Gallon Ready to Use,1.0,2022-08-08 23:41:15.808-04
Avon,"Avon SKIN-SO-SOFT Bug Guard PLUS IR3535® Insect Repellent Moisturizing Lotion - SPF 30 Gentle Breeze, 4 oz",4.0,2022-04-30 18:01:29.607-04
Avon,"Avon SKIN-SO-SOFT Bug Guard PLUS IR3535® Insect Repellent Moisturizing Lotion - SPF 30 Gentle Breeze, 4 oz",5.0,2014-12-26 20:38:39-05
Avon,"Avon SKIN-SO-SOFT Bug Guard PLUS IR3535® Insect Repellent Moisturizing Lotion - SPF 30 Gentle Breeze, 4 oz",2.0,2016-06-26 06:39:13-04
Avon,"Avon SKIN-SO-SOFT Bug Guard PLUS IR3535® Insect Repellent Moisturizing Lotion - SPF 30 Gentle Breeze, 4 oz",4.0,2018-01-19 22:18:08.715-05
Avon,"Avon SKIN-SO-SOFT Bug Guard PLUS IR3535® Insect Repellent Moisturizing Lotion - SPF 30 Gentle Breeze, 4 oz",5.0,2018-07-06 15:14:31.667-04
Avon,"Avon SKIN-SO-SOFT Bug Guard PLUS IR3535® Insect Repellent Moisturizing Lotion - SPF 30 Gentle Breeze, 4 oz",5.0,2021-05-10 15:08:00.084-04
Avon,"Avon SKIN-SO-SOFT Bug Guard PLUS IR3535® Insect Repellent Moisturizing Lotion - SPF 30 Gentle Breeze, 4 oz",4.0,2015-05-30 14:19:06-04
Avon,"Avon SKIN-SO-SOFT Bug Guard PLUS IR3535® Insect Repellent Moisturizing Lotion - SPF 30 Gentle Breeze, 4 oz",5.0,2019-07-22 21:38:34.298-04
Avon,"Avon SKIN-SO-SOFT Bug Guard PLUS IR3535® Insect Repellent Moisturizing Lotion - SPF 30 Gentle Breeze, 4 oz",1.0,2016-10-29 07:49:35-04
Nature's MACE,"Nature's MACE Cat Repellent 1 Gallon Spray/Treats 3,000 Sq. Ft. / Keep Cat Out of Your Lawn and Garden/Train Your Cat to Stay Out of Bushes/Safe to use Around Children & Plants",5.0,2018-07-13 18:15:03.981-04
Nature's MACE,"Nature's MACE Cat Repellent 1 Gallon Spray/Treats 3,000 Sq. Ft. / Keep Cat Out of Your Lawn and Garden/Train Your Cat to Stay Out of Bushes/Safe to use Around Children & Plants",5.0,2018-06-21 14:22:24.433-04
Avon,"Avon SKIN-SO-SOFT Bug Guard PLUS IR3535® Insect Repellent Moisturizing Lotion - SPF 30 Gentle Breeze, 4 oz",5.0,2019-08-25 10:46:36.624-04
Nature's MACE,"Nature's MACE Cat Repellent 1 Gallon Spray/Treats 3,000 Sq. Ft. / Keep Cat Out of Your Lawn and Garden/Train Your Cat to Stay Out of Bushes/Safe to use Around Children & Plants",2.0,2020-01-19 11:39:10.583-05
Nature's MACE,"Nature's MACE Cat Repellent 1 Gallon Spray/Treats 3,000 Sq. Ft. / Keep Cat Out of Your Lawn and Garden/Train Your Cat to Stay Out of Bushes/Safe to use Around Children & Plants",4.0,2022-10-12 11:12:15.918-04
Avon,"Avon SKIN-SO-SOFT Bug Guard PLUS IR3535® Insect Repellent Moisturizing Lotion - SPF 30 Gentle Breeze, 4 oz",5.0,2019-10-09 23:53:32.329-04
Nature's MACE,"Nature's MACE Cat Repellent 1 Gallon Spray/Treats 3,000 Sq. Ft. / Keep Cat Out of Your Lawn and Garden/Train Your Cat to Stay Out of Bushes/Safe to use Around Children & Plants",4.0,2019-06-17 12:37:13.596-04
Avon,"Avon SKIN-SO-SOFT Bug Guard PLUS IR3535® Insect Repellent Moisturizing Lotion - SPF 30 Gentle Breeze, 4 oz",5.0,2014-09-27 12:55:40-04
Ortho,Ortho Deer And Rabbit Concentrate Repellent 32 Oz,3.0,2017-08-03 14:35:15.844-04
Nature's MACE,"Nature's MACE Cat Repellent 1 Gallon Spray/Treats 3,000 Sq. Ft. / Keep Cat Out of Your Lawn and Garden/Train Your Cat to Stay Out of Bushes/Safe to use Around Children & Plants",4.0,2022-02-28 11:33:28.555-05
Avon,"Avon SKIN-SO-SOFT Bug Guard PLUS IR3535® Insect Repellent Moisturizing Lotion - SPF 30 Gentle Breeze, 4 oz",3.0,2018-06-29 11:41:39.114-04
Avon,"Avon SKIN-SO-SOFT Bug Guard PLUS IR3535® Insect Repellent Moisturizing Lotion - SPF 30 Gentle Breeze, 4 oz",5.0,2014-09-29 16:31:54-04
Avon,"Avon SKIN-SO-SOFT Bug Guard PLUS IR3535® Insect Repellent Moisturizing Lotion - SPF 30 Gentle Breeze, 4 oz",4.0,2013-09-14 09:14:14-04
Avon,"Avon SKIN-SO-SOFT Bug Guard PLUS IR3535® Insect Repellent Moisturizing Lotion - SPF 30 Gentle Breeze, 4 oz",5.0,2016-06-28 16:05:11-04
Avon,"Avon SKIN-SO-SOFT Bug Guard PLUS IR3535® Insect Repellent Moisturizing Lotion - SPF 30 Gentle Breeze, 4 oz",5.0,2019-06-25 20:23:09.306-04
Avon,"Avon SKIN-SO-SOFT Bug Guard PLUS IR3535® Insect Repellent Moisturizing Lotion - SPF 30 Gentle Breeze, 4 oz",5.0,2020-08-11 16:23:19.901-04
Avon,"Avon SKIN-SO-SOFT Bug Guard PLUS IR3535® Insect Repellent Moisturizing Lotion - SPF 30 Gentle Breeze, 4 oz",5.0,2015-07-13 10:20:16-04
Grandpa Gus's,"Grandpa Gus's Extra-Strength Mouse Repellent Pouches + Potent Mouse Repellent Spray, Peppermint/Cinnamon Oils Repel Mouse From Home/RV, Boat/Car Storage & Machinery, 4 x 1.76oz Pouches + 1 x 8oz Spray",5.0,2022-05-31 11:20:00.352-04
Nature's MACE,"Nature's MACE Cat Repellent 1 Gallon Spray/Treats 3,000 Sq. Ft. / Keep Cat Out of Your Lawn and Garden/Train Your Cat to Stay Out of Bushes/Safe to use Around Children & Plants",5.0,2019-09-08 19:51:53.165-04
NATURAL OUST,NATURAL OUST Peppermint Oil Spider Repellent Spray - Eco Friendly Indoor Outdoor - Effective Spider Control,3.0,2021-07-30 18:22:27.032-04
Nature's MACE,"Nature's MACE Cat Repellent 1 Gallon Spray/Treats 3,000 Sq. Ft. / Keep Cat Out of Your Lawn and Garden/Train Your Cat to Stay Out of Bushes/Safe to use Around Children & Plants",5.0,2021-04-26 11:45:48.198-04
Nature's MACE,"Nature's MACE Cat Repellent 1 Gallon Spray/Treats 3,000 Sq. Ft. / Keep Cat Out of Your Lawn and Garden/Train Your Cat to Stay Out of Bushes/Safe to use Around Children & Plants",5.0,2019-12-16 19:23:05.64-05
SEALUXE,"SEALUXE Rodent Repellent Packs,Mouse Repellent,Peppermint Oil to Repel Mice, Mice Repellent Peppermint,Natural Rat Repellent,Insect Repellent with Peppermint Oil 4-Pack",1.0,2021-03-14 17:48:22.969-04
Avon,"Avon SKIN-SO-SOFT Bug Guard PLUS IR3535® Insect Repellent Moisturizing Lotion - SPF 30 Gentle Breeze, 4 oz",2.0,2016-06-16 05:54:29-04
Avon,"Avon SKIN-SO-SOFT Bug Guard PLUS IR3535® Insect Repellent Moisturizing Lotion - SPF 30 Gentle Breeze, 4 oz",3.0,2017-05-19 11:23:21-04
Grandpa Gus's,"Grandpa Gus's Extra-Strength Mouse Repellent Pouches + Potent Mouse Repellent Spray, Peppermint/Cinnamon Oils Repel Mouse From Home/RV, Boat/Car Storage & Machinery, 4 x 1.76oz Pouches + 1 x 8oz Spray",3.0,2019-12-28 09:00:27.373-05
eHouse,AC12g Ultrasonic Pest Repeller - Electronic Plug in Best Repellent - Pest Control - Get Rid of - Rodents Squirrels Rats Mice Insects - Roaches Spiders Mosquitos Fleas Fruit Fly Bed Bugs Flies Ants!,5.0,2020-10-17 13:33:12.397-04
RepelWell,"RepelWell Multi-Protect Stain & Water Repellent (24oz) Eco-Friendly, Pet-Safe Spray for Upholstery, Leather, Footwear & More",5.0,2023-01-13 15:08:43.167-05
Avon,"Avon SKIN-SO-SOFT Bug Guard PLUS IR3535® Insect Repellent Moisturizing Lotion - SPF 30 Gentle Breeze, 4 oz",5.0,2017-06-23 14:48:25.137-04
Nature's MACE,"Nature's MACE Cat Repellent 1 Gallon Spray/Treats 3,000 Sq. Ft. / Keep Cat Out of Your Lawn and Garden/Train Your Cat to Stay Out of Bushes/Safe to use Around Children & Plants",4.0,2020-06-06 00:24:16.095-04
Avon,"Avon SKIN-SO-SOFT Bug Guard PLUS IR3535® Insect Repellent Moisturizing Lotion - SPF 30 Gentle Breeze, 4 oz",5.0,2016-02-10 07:22:18-05
Nature's MACE,"Nature's MACE Cat Repellent 1 Gallon Spray/Treats 3,000 Sq. Ft. / Keep Cat Out of Your Lawn and Garden/Train Your Cat to Stay Out of Bushes/Safe to use Around Children & Plants",5.0,2022-06-20 11:59:38.235-04
eHouse,AC12g Ultrasonic Pest Repeller - Electronic Plug in Best Repellent - Pest Control - Get Rid of - Rodents Squirrels Rats Mice Insects - Roaches Spiders Mosquitos Fleas Fruit Fly Bed Bugs Flies Ants!,4.0,2020-08-16 04:58:52.998-04
Avon,"Avon SKIN-SO-SOFT Bug Guard PLUS IR3535® Insect Repellent Moisturizing Lotion - SPF 30 Gentle Breeze, 4 oz",5.0,2022-07-23 20:30:57.042-04
Nature's MACE,"Nature's MACE Cat Repellent 1 Gallon Spray/Treats 3,000 Sq. Ft. / Keep Cat Out of Your Lawn and Garden/Train Your Cat to Stay Out of Bushes/Safe to use Around Children & Plants",5.0,2022-11-04 13:27:42.118-04
Avon,"Avon SKIN-SO-SOFT Bug Guard PLUS IR3535® Insect Repellent Moisturizing Lotion - SPF 30 Gentle Breeze, 4 oz",5.0,2020-06-17 01:04:34.174-04
Avon,"Avon SKIN-SO-SOFT Bug Guard PLUS IR3535® Insect Repellent Moisturizing Lotion - SPF 30 Gentle Breeze, 4 oz",5.0,2020-06-18 14:21:45.212-04
Nature's MACE,"Nature's MACE Cat Repellent 1 Gallon Spray/Treats 3,000 Sq. Ft. / Keep Cat Out of Your Lawn and Garden/Train Your Cat to Stay Out of Bushes/Safe to use Around Children & Plants",5.0,2020-01-12 10:27:29.748-05
Avon,"Avon SKIN-SO-SOFT Bug Guard PLUS IR3535® Insect Repellent Moisturizing Lotion - SPF 30 Gentle Breeze, 4 oz",2.0,2019-09-06 18:38:55.878-04
Sally's Organics,"10ml Organic Peppermint Essential Oil - Pure Therapeutic Grade - Works Best for Aromatherapy, Natural Soap, Shampoo, Hair, Lotion, Bath Melts, Body, Mice Repellent, and Air Freshener (Spray)",5.0,2017-11-25 21:29:27.305-05
Nature's MACE,"Nature's MACE Cat Repellent 1 Gallon Spray/Treats 3,000 Sq. Ft. / Keep Cat Out of Your Lawn and Garden/Train Your Cat to Stay Out of Bushes/Safe to use Around Children & Plants",1.0,2019-11-04 14:52:37.579-05
Natural Armor,Natural Armor Lizard & Gecko Repellent Spray - Powerful Peppermint Formulation Repels All Types of Lizards & Geckos and Works Better Than Ultrasonic Gimmicks – 128 fl oz - Gallon Ready to Use,3.0,2021-07-28 12:13:04.114-04
Avon,"Avon SKIN-SO-SOFT Bug Guard PLUS IR3535® Insect Repellent Moisturizing Lotion - SPF 30 Gentle Breeze, 4 oz",4.0,2017-10-01 15:19:13.313-04
Avon,"Avon SKIN-SO-SOFT Bug Guard PLUS IR3535® Insect Repellent Moisturizing Lotion - SPF 30 Gentle Breeze, 4 oz",1.0,2015-08-27 22:23:59-04
Nature's MACE,"Nature's MACE Cat Repellent 1 Gallon Spray/Treats 3,000 Sq. Ft. / Keep Cat Out of Your Lawn and Garden/Train Your Cat to Stay Out of Bushes/Safe to use Around Children & Plants",5.0,2018-06-08 17:38:04.001-04
Nature's MACE,"Nature's MACE Cat Repellent 1 Gallon Spray/Treats 3,000 Sq. Ft. / Keep Cat Out of Your Lawn and Garden/Train Your Cat to Stay Out of Bushes/Safe to use Around Children & Plants",1.0,2022-10-28 16:10:33.235-04
Avon,"Avon SKIN-SO-SOFT Bug Guard PLUS IR3535® Insect Repellent Moisturizing Lotion - SPF 30 Gentle Breeze, 4 oz",1.0,2014-10-21 11:10:33-04
Avon,"Avon SKIN-SO-SOFT Bug Guard PLUS IR3535® Insect Repellent Moisturizing Lotion - SPF 30 Gentle Breeze, 4 oz",3.0,2015-10-28 11:24:41-04
Avon,"Avon SKIN-SO-SOFT Bug Guard PLUS IR3535® Insect Repellent Moisturizing Lotion - SPF 30 Gentle Breeze, 4 oz",5.0,2019-08-01 12:57:11.366-04
Avon,"Avon SKIN-SO-SOFT Bug Guard PLUS IR3535® Insect Repellent Moisturizing Lotion - SPF 30 Gentle Breeze, 4 oz",5.0,2014-12-30 10:18:21-05
Avon,"Avon SKIN-SO-SOFT Bug Guard PLUS IR3535® Insect Repellent Moisturizing Lotion - SPF 30 Gentle Breeze, 4 oz",5.0,2014-07-04 21:42:50-04
Avon,"Avon SKIN-SO-SOFT Bug Guard PLUS IR3535® Insect Repellent Moisturizing Lotion - SPF 30 Gentle Breeze, 4 oz",5.0,2015-07-09 11:20:47-04
Avon,"Avon SKIN-SO-SOFT Bug Guard PLUS IR3535® Insect Repellent Moisturizing Lotion - SPF 30 Gentle Breeze, 4 oz",5.0,2015-11-24 19:19:43-05
Avon,"Avon SKIN-SO-SOFT Bug Guard PLUS IR3535® Insect Repellent Moisturizing Lotion - SPF 30 Gentle Breeze, 4 oz",5.0,2016-01-04 08:25:00-05
Avon,"Avon SKIN-SO-SOFT Bug Guard PLUS IR3535® Insect Repellent Moisturizing Lotion - SPF 30 Gentle Breeze, 4 oz",5.0,2018-05-20 10:44:12.66-04
Avon,"Avon SKIN-SO-SOFT Bug Guard PLUS IR3535® Insect Repellent Moisturizing Lotion - SPF 30 Gentle Breeze, 4 oz",2.0,2018-06-06 13:08:43.407-04
Epic,EPIC Snake Scram Professional Repellent - 8 Pound,5.0,2022-08-11 22:19:38.897-04
Avon,"Avon SKIN-SO-SOFT Bug Guard PLUS IR3535® Insect Repellent Moisturizing Lotion - SPF 30 Gentle Breeze, 4 oz",5.0,2015-07-21 22:45:00-04
Avon,"Avon SKIN-SO-SOFT Bug Guard PLUS IR3535® Insect Repellent Moisturizing Lotion - SPF 30 Gentle Breeze, 4 oz",5.0,2017-09-25 20:58:20.413-04
Natural Armor,Natural Armor Lizard & Gecko Repellent Spray - Powerful Peppermint Formulation Repels All Types of Lizards & Geckos and Works Better Than Ultrasonic Gimmicks – 128 fl oz - Gallon Ready to Use,2.0,2022-04-26 13:41:53.209-04
Nature's MACE,"Nature's MACE Cat Repellent 1 Gallon Spray/Treats 3,000 Sq. Ft. / Keep Cat Out of Your Lawn and Garden/Train Your Cat to Stay Out of Bushes/Safe to use Around Children & Plants",2.0,2022-11-20 00:04:42.274-05
Grandpa Gus's,"Grandpa Gus's Extra-Strength Mouse Repellent Pouches + Potent Mouse Repellent Spray, Peppermint/Cinnamon Oils Repel Mouse From Home/RV, Boat/Car Storage & Machinery, 4 x 1.76oz Pouches + 1 x 8oz Spray",5.0,2022-10-17 10:38:33.266-04
Nature's MACE,"Nature's MACE Cat Repellent 1 Gallon Spray/Treats 3,000 Sq. Ft. / Keep Cat Out of Your Lawn and Garden/Train Your Cat to Stay Out of Bushes/Safe to use Around Children & Plants",2.0,2018-07-09 22:35:03.224-04
Nature's MACE,"Nature's MACE Cat Repellent 1 Gallon Spray/Treats 3,000 Sq. Ft. / Keep Cat Out of Your Lawn and Garden/Train Your Cat to Stay Out of Bushes/Safe to use Around Children & Plants",5.0,2019-03-14 23:20:06.266-04
Avon,"Avon SKIN-SO-SOFT Bug Guard PLUS IR3535® Insect Repellent Moisturizing Lotion - SPF 30 Gentle Breeze, 4 oz",5.0,2019-07-05 21:23:51.03-04
Tysonir,"Tysonir Mole Repellent,Mole Repellent Solar Powered Groundhog Repeller ,Gopher Repellent Ultrasonic,Get Rid of Mole Gophers Voles for Outdoor Garden Yard 2Pack",5.0,2022-02-24 14:59:55.469-05
eHouse,AC12 Ultrasonic Pest Repeller - Electronic Plug in Best Repellent - Pest Control - Get Rid of - Rodents Squirrels Mice Rats Insects - Roaches Spiders Fleas Bed Bugs Flies Ants Mosquitos Fruit Fly!,1.0,2020-08-16 10:42:54.247-04
Avon,"Avon SKIN-SO-SOFT Bug Guard PLUS IR3535® Insect Repellent Moisturizing Lotion - SPF 30 Gentle Breeze, 4 oz",4.0,2016-10-02 11:03:34-04
eHouse,AC12 Ultrasonic Pest Repeller - Electronic Plug in Best Repellent - Pest Control - Get Rid of - Rodents Squirrels Mice Rats Insects - Roaches Spiders Fleas Bed Bugs Flies Ants Mosquitos Fruit Fly!,5.0,2020-06-24 18:53:16.346-04
Grandpa Gus's,"Grandpa Gus's Extra-Strength Mouse Repellent Pouches + Potent Mouse Repellent Spray, Peppermint/Cinnamon Oils Repel Mouse From Home/RV, Boat/Car Storage & Machinery, 4 x 1.76oz Pouches + 1 x 8oz Spray",5.0,2021-03-01 00:53:11.594-05
Avon,"Avon SKIN-SO-SOFT Bug Guard PLUS IR3535® Insect Repellent Moisturizing Lotion - SPF 30 Gentle Breeze, 4 oz",5.0,2019-06-09 14:03:08.959-04
Avon,"Avon SKIN-SO-SOFT Bug Guard PLUS IR3535® Insect Repellent Moisturizing Lotion - SPF 30 Gentle Breeze, 4 oz",5.0,2017-07-07 11:55:07.38-04
Grandpa Gus's,"Grandpa Gus's Extra-Strength Mouse Repellent Pouches + Potent Mouse Repellent Spray, Peppermint/Cinnamon Oils Repel Mouse From Home/RV, Boat/Car Storage & Machinery, 4 x 1.76oz Pouches + 1 x 8oz Spray",1.0,2023-03-23 17:41:29.817-04
,Apello Pack of 6 Mole Repellent,2.0,2019-05-13 08:52:24.071-04
Nature's MACE,"Nature's MACE Cat Repellent 1 Gallon Spray/Treats 3,000 Sq. Ft. / Keep Cat Out of Your Lawn and Garden/Train Your Cat to Stay Out of Bushes/Safe to use Around Children & Plants",1.0,2022-12-09 23:12:16.517-05
Avon,"Avon SKIN-SO-SOFT Bug Guard PLUS IR3535® Insect Repellent Moisturizing Lotion - SPF 30 Gentle Breeze, 4 oz",5.0,2017-08-17 10:39:46.274-04
Avon,"Avon SKIN-SO-SOFT Bug Guard PLUS IR3535® Insect Repellent Moisturizing Lotion - SPF 30 Gentle Breeze, 4 oz",5.0,2019-12-01 17:24:39.983-05
Avon,"Avon SKIN-SO-SOFT Bug Guard PLUS IR3535® Insect Repellent Moisturizing Lotion - SPF 30 Gentle Breeze, 4 oz",5.0,2016-05-31 09:41:14-04
Avon,"Avon SKIN-SO-SOFT Bug Guard PLUS IR3535® Insect Repellent Moisturizing Lotion - SPF 30 Gentle Breeze, 4 oz",2.0,2020-01-13 13:50:08.701-05
Nature's MACE,"Nature's MACE Cat Repellent 1 Gallon Spray/Treats 3,000 Sq. Ft. / Keep Cat Out of Your Lawn and Garden/Train Your Cat to Stay Out of Bushes/Safe to use Around Children & Plants",3.0,2019-12-10 10:30:59.125-05
Natural Armor,Natural Armor Lizard & Gecko Repellent Spray - Powerful Peppermint Formulation Repels All Types of Lizards & Geckos and Works Better Than Ultrasonic Gimmicks – 128 fl oz - Gallon Ready to Use,5.0,2021-05-10 22:42:30.749-04
Nature's MACE,"Nature's MACE Cat Repellent 1 Gallon Spray/Treats 3,000 Sq. Ft. / Keep Cat Out of Your Lawn and Garden/Train Your Cat to Stay Out of Bushes/Safe to use Around Children & Plants",5.0,2021-03-24 12:20:31.24-04
Avon,"Avon SKIN-SO-SOFT Bug Guard PLUS IR3535® Insect Repellent Moisturizing Lotion - SPF 30 Gentle Breeze, 4 oz",5.0,2019-10-20 22:11:00.792-04
Nature's MACE,"Nature's MACE Cat Repellent 1 Gallon Spray/Treats 3,000 Sq. Ft. / Keep Cat Out of Your Lawn and Garden/Train Your Cat to Stay Out of Bushes/Safe to use Around Children & Plants",5.0,2019-02-11 12:28:39.269-05
Avon,"Avon SKIN-SO-SOFT Bug Guard PLUS IR3535® Insect Repellent Moisturizing Lotion - SPF 30 Gentle Breeze, 4 oz",5.0,2017-08-30 06:34:36.745-04
Grandpa Gus's,"Grandpa Gus's Extra-Strength Mouse Repellent Pouches + Potent Mouse Repellent Spray, Peppermint/Cinnamon Oils Repel Mouse From Home/RV, Boat/Car Storage & Machinery, 4 x 1.76oz Pouches + 1 x 8oz Spray",1.0,2020-04-30 21:03:43.438-04
Avon,"Avon SKIN-SO-SOFT Bug Guard PLUS IR3535® Insect Repellent Moisturizing Lotion - SPF 30 Gentle Breeze, 4 oz",5.0,2019-09-26 13:52:12.716-04
Avon,"Avon SKIN-SO-SOFT Bug Guard PLUS IR3535® Insect Repellent Moisturizing Lotion - SPF 30 Gentle Breeze, 4 oz",5.0,2016-10-31 09:09:22-04
Avon,"Avon SKIN-SO-SOFT Bug Guard PLUS IR3535® Insect Repellent Moisturizing Lotion - SPF 30 Gentle Breeze, 4 oz",5.0,2016-06-26 21:52:30-04
Avon,"Avon SKIN-SO-SOFT Bug Guard PLUS IR3535® Insect Repellent Moisturizing Lotion - SPF 30 Gentle Breeze, 4 oz",3.0,2014-12-14 09:08:09-05
Avon,"Avon SKIN-SO-SOFT Bug Guard PLUS IR3535® Insect Repellent Moisturizing Lotion - SPF 30 Gentle Breeze, 4 oz",5.0,2016-09-07 16:09:50-04
Nature's MACE,"Nature's MACE Cat Repellent 1 Gallon Spray/Treats 3,000 Sq. Ft. / Keep Cat Out of Your Lawn and Garden/Train Your Cat to Stay Out of Bushes/Safe to use Around Children & Plants",1.0,2022-02-11 15:30:44.386-05
Avon,"Avon SKIN-SO-SOFT Bug Guard PLUS IR3535® Insect Repellent Moisturizing Lotion - SPF 30 Gentle Breeze, 4 oz",1.0,2017-06-19 15:09:03.955-04
Avon,"Avon SKIN-SO-SOFT Bug Guard PLUS IR3535® Insect Repellent Moisturizing Lotion - SPF 30 Gentle Breeze, 4 oz",5.0,2016-07-02 15:52:42-04
Grandpa Gus's,"Grandpa Gus's Extra-Strength Mouse Repellent Pouches + Potent Mouse Repellent Spray, Peppermint/Cinnamon Oils Repel Mouse From Home/RV, Boat/Car Storage & Machinery, 4 x 1.76oz Pouches + 1 x 8oz Spray",4.0,2020-12-01 15:39:50.615-05
Avon,"Avon SKIN-SO-SOFT Bug Guard PLUS IR3535® Insect Repellent Moisturizing Lotion - SPF 30 Gentle Breeze, 4 oz",5.0,2020-02-08 20:08:08.341-05
Nature's MACE,"Nature's MACE Cat Repellent 1 Gallon Spray/Treats 3,000 Sq. Ft. / Keep Cat Out of Your Lawn and Garden/Train Your Cat to Stay Out of Bushes/Safe to use Around Children & Plants",1.0,2021-12-29 03:36:13.445-05
Avon,"Avon SKIN-SO-SOFT Bug Guard PLUS IR3535® Insect Repellent Moisturizing Lotion - SPF 30 Gentle Breeze, 4 oz",5.0,2019-07-30 08:34:00.414-04
Avon,"Avon SKIN-SO-SOFT Bug Guard PLUS IR3535® Insect Repellent Moisturizing Lotion - SPF 30 Gentle Breeze, 4 oz",5.0,2017-11-09 12:42:22.704-05
THUMB THUMB NO THUMB! NATURAL & SAFE FOR KIDS,Thumb Thumb NO THUMB natural dentist approved thumb sucking deterrent for kids,5.0,2019-12-09 19:30:52.637-05
Natural Armor,Natural Armor Lizard & Gecko Repellent Spray - Powerful Peppermint Formulation Repels All Types of Lizards & Geckos and Works Better Than Ultrasonic Gimmicks – 128 fl oz - Gallon Ready to Use,3.0,2022-09-08 13:52:56.908-04
Avon,"Avon SKIN-SO-SOFT Bug Guard PLUS IR3535® Insect Repellent Moisturizing Lotion - SPF 30 Gentle Breeze, 4 oz",5.0,2017-06-05 11:46:15-04
Avon,"Avon SKIN-SO-SOFT Bug Guard PLUS IR3535® Insect Repellent Moisturizing Lotion - SPF 30 Gentle Breeze, 4 oz",5.0,2017-08-26 14:41:39.005-04
Nature's MACE,"Nature's MACE Cat Repellent 1 Gallon Spray/Treats 3,000 Sq. Ft. / Keep Cat Out of Your Lawn and Garden/Train Your Cat to Stay Out of Bushes/Safe to use Around Children & Plants",5.0,2022-01-05 08:24:35.02-05
Nature's MACE,"Nature's MACE Cat Repellent 1 Gallon Spray/Treats 3,000 Sq. Ft. / Keep Cat Out of Your Lawn and Garden/Train Your Cat to Stay Out of Bushes/Safe to use Around Children & Plants",5.0,2022-12-19 21:11:23.055-05
Grandpa Gus's,"Grandpa Gus's Extra-Strength Mouse Repellent Pouches + Potent Mouse Repellent Spray, Peppermint/Cinnamon Oils Repel Mouse From Home/RV, Boat/Car Storage & Machinery, 4 x 1.76oz Pouches + 1 x 8oz Spray",4.0,2021-06-27 21:43:57.687-04
Avon,"Avon SKIN-SO-SOFT Bug Guard PLUS IR3535® Insect Repellent Moisturizing Lotion - SPF 30 Gentle Breeze, 4 oz",2.0,2018-08-15 17:12:57.489-04
Avon,"Avon SKIN-SO-SOFT Bug Guard PLUS IR3535® Insect Repellent Moisturizing Lotion - SPF 30 Gentle Breeze, 4 oz",5.0,2015-02-26 21:36:11-05
Avon,"Avon SKIN-SO-SOFT Bug Guard PLUS IR3535® Insect Repellent Moisturizing Lotion - SPF 30 Gentle Breeze, 4 oz",5.0,2020-05-22 16:10:13.167-04
Nature's MACE,"Nature's MACE Cat Repellent 1 Gallon Spray/Treats 3,000 Sq. Ft. / Keep Cat Out of Your Lawn and Garden/Train Your Cat to Stay Out of Bushes/Safe to use Around Children & Plants",1.0,2019-12-14 16:13:09.599-05
Natural Armor,Natural Armor Lizard & Gecko Repellent Spray - Powerful Peppermint Formulation Repels All Types of Lizards & Geckos and Works Better Than Ultrasonic Gimmicks – 128 fl oz - Gallon Ready to Use,1.0,2021-09-08 21:41:19.722-04
Nature's MACE,"Nature's MACE Cat Repellent 1 Gallon Spray/Treats 3,000 Sq. Ft. / Keep Cat Out of Your Lawn and Garden/Train Your Cat to Stay Out of Bushes/Safe to use Around Children & Plants",1.0,2023-02-06 18:12:20.471-05
Avon,"Avon SKIN-SO-SOFT Bug Guard PLUS IR3535® Insect Repellent Moisturizing Lotion - SPF 30 Gentle Breeze, 4 oz",2.0,2016-10-16 10:08:53-04
RepelWell,"RepelWell Multi-Protect Stain & Water Repellent (24oz) Eco-Friendly, Pet-Safe Spray for Upholstery, Leather, Footwear & More",5.0,2023-03-04 17:58:06.364-05
Nature's MACE,"Nature's MACE Cat Repellent 1 Gallon Spray/Treats 3,000 Sq. Ft. / Keep Cat Out of Your Lawn and Garden/Train Your Cat to Stay Out of Bushes/Safe to use Around Children & Plants",5.0,2018-10-07 10:33:39.564-04
Avon,"Avon SKIN-SO-SOFT Bug Guard PLUS IR3535® Insect Repellent Moisturizing Lotion - SPF 30 Gentle Breeze, 4 oz",5.0,2013-09-08 20:53:43-04
Nature's MACE,"Nature's MACE Cat Repellent 1 Gallon Spray/Treats 3,000 Sq. Ft. / Keep Cat Out of Your Lawn and Garden/Train Your Cat to Stay Out of Bushes/Safe to use Around Children & Plants",5.0,2021-05-09 21:42:29.427-04
Nature's MACE,"Nature's MACE Cat Repellent 1 Gallon Spray/Treats 3,000 Sq. Ft. / Keep Cat Out of Your Lawn and Garden/Train Your Cat to Stay Out of Bushes/Safe to use Around Children & Plants",5.0,2022-09-22 21:19:08.696-04
Avon,"Avon SKIN-SO-SOFT Bug Guard PLUS IR3535® Insect Repellent Moisturizing Lotion - SPF 30 Gentle Breeze, 4 oz",5.0,2014-09-16 19:08:07-04
Nature's MACE,"Nature's MACE Cat Repellent 1 Gallon Spray/Treats 3,000 Sq. Ft. / Keep Cat Out of Your Lawn and Garden/Train Your Cat to Stay Out of Bushes/Safe to use Around Children & Plants",1.0,2021-10-17 19:16:09.513-04
Avon,"Avon SKIN-SO-SOFT Bug Guard PLUS IR3535® Insect Repellent Moisturizing Lotion - SPF 30 Gentle Breeze, 4 oz",4.0,2016-07-04 20:50:03-04
Nature's MACE,"Nature's MACE Cat Repellent 1 Gallon Spray/Treats 3,000 Sq. Ft. / Keep Cat Out of Your Lawn and Garden/Train Your Cat to Stay Out of Bushes/Safe to use Around Children & Plants",3.0,2022-05-16 12:23:19.618-04
Wskvlcg,"Mosquito Repellent Bracelet, Ultrasonic Mosquito Repellent Bracelet Watch USB Rechargeable Anti Mosquito Repeller Wristband, Essential for Outdoor Camping (2 Pack, Black)",1.0,2022-08-15 00:42:00.006-04
Avon,"Avon SKIN-SO-SOFT Bug Guard PLUS IR3535® Insect Repellent Moisturizing Lotion - SPF 30 Gentle Breeze, 4 oz",5.0,2016-06-23 23:52:08-04
Nature's MACE,"Nature's MACE Cat Repellent 1 Gallon Spray/Treats 3,000 Sq. Ft. / Keep Cat Out of Your Lawn and Garden/Train Your Cat to Stay Out of Bushes/Safe to use Around Children & Plants",5.0,2019-05-22 20:36:37.222-04
Avon,"Avon SKIN-SO-SOFT Bug Guard PLUS IR3535® Insect Repellent Moisturizing Lotion - SPF 30 Gentle Breeze, 4 oz",5.0,2016-05-26 19:02:55-04
Avon,"Avon SKIN-SO-SOFT Bug Guard PLUS IR3535® Insect Repellent Moisturizing Lotion - SPF 30 Gentle Breeze, 4 oz",5.0,2012-12-15 13:47:02-05
Avon,"Avon SKIN-SO-SOFT Bug Guard PLUS IR3535® Insect Repellent Moisturizing Lotion - SPF 30 Gentle Breeze, 4 oz",4.0,2015-08-03 14:38:55-04
Avon,"Avon SKIN-SO-SOFT Bug Guard PLUS IR3535® Insect Repellent Moisturizing Lotion - SPF 30 Gentle Breeze, 4 oz",5.0,2017-10-31 07:45:23.034-04
Nature's MACE,"Nature's MACE Cat Repellent 1 Gallon Spray/Treats 3,000 Sq. Ft. / Keep Cat Out of Your Lawn and Garden/Train Your Cat to Stay Out of Bushes/Safe to use Around Children & Plants",5.0,2021-08-29 18:16:33.965-04
CHOMP!,"CHOMP! Shower Door Water Repellent: Healthier Home ShowerDoorMagic 6 in 1 Hard Water Stain Preventer for Glass, Fiberglass, Tile & More- Spot, Soap Scum, Calcium & Limescale Prevention 32 oz.",5.0,2020-08-10 21:51:30.605-04
Avon,"Avon SKIN-SO-SOFT Bug Guard PLUS IR3535® Insect Repellent Moisturizing Lotion - SPF 30 Gentle Breeze, 4 oz",5.0,2019-07-30 18:26:12.157-04
Avon,"Avon SKIN-SO-SOFT Bug Guard PLUS IR3535® Insect Repellent Moisturizing Lotion - SPF 30 Gentle Breeze, 4 oz",5.0,2016-07-12 20:48:56-04
Avon,"Avon SKIN-SO-SOFT Bug Guard PLUS IR3535® Insect Repellent Moisturizing Lotion - SPF 30 Gentle Breeze, 4 oz",3.0,2021-08-28 14:42:01.625-04
Avon,"Avon SKIN-SO-SOFT Bug Guard PLUS IR3535® Insect Repellent Moisturizing Lotion - SPF 30 Gentle Breeze, 4 oz",5.0,2016-02-11 15:28:56-05
Avon,"Avon SKIN-SO-SOFT Bug Guard PLUS IR3535® Insect Repellent Moisturizing Lotion - SPF 30 Gentle Breeze, 4 oz",5.0,2015-11-21 20:18:32-05
Avon,"Avon SKIN-SO-SOFT Bug Guard PLUS IR3535® Insect Repellent Moisturizing Lotion - SPF 30 Gentle Breeze, 4 oz",2.0,2015-01-25 10:55:03-05
Avon,"Avon SKIN-SO-SOFT Bug Guard PLUS IR3535® Insect Repellent Moisturizing Lotion - SPF 30 Gentle Breeze, 4 oz",5.0,2017-10-15 16:55:44.185-04
Avon,"Avon SKIN-SO-SOFT Bug Guard PLUS IR3535® Insect Repellent Moisturizing Lotion - SPF 30 Gentle Breeze, 4 oz",4.0,2022-09-22 17:33:10.013-04
Nature's MACE,"Nature's MACE Cat Repellent 1 Gallon Spray/Treats 3,000 Sq. Ft. / Keep Cat Out of Your Lawn and Garden/Train Your Cat to Stay Out of Bushes/Safe to use Around Children & Plants",5.0,2018-12-10 10:51:29.31-05
Natural Armor,Natural Armor Lizard & Gecko Repellent Spray - Powerful Peppermint Formulation Repels All Types of Lizards & Geckos and Works Better Than Ultrasonic Gimmicks – 128 fl oz - Gallon Ready to Use,2.0,2022-09-16 21:06:27.185-04
,Apello Pack of 6 Mole Repellent,5.0,2019-06-07 13:43:06.196-04
Avon,"Avon SKIN-SO-SOFT Bug Guard PLUS IR3535® Insect Repellent Moisturizing Lotion - SPF 30 Gentle Breeze, 4 oz",4.0,2015-04-19 18:39:04-04
Nature's MACE,"Nature's MACE Cat Repellent 1 Gallon Spray/Treats 3,000 Sq. Ft. / Keep Cat Out of Your Lawn and Garden/Train Your Cat to Stay Out of Bushes/Safe to use Around Children & Plants",3.0,2023-01-10 19:12:49.977-05
Tender Ben's,Ben's 30% DEET Tick & Insect Repellent Wipes - 2 Pack,5.0,2022-08-21 18:48:41.888-04
Avon,"Avon SKIN-SO-SOFT Bug Guard PLUS IR3535® Insect Repellent Moisturizing Lotion - SPF 30 Gentle Breeze, 4 oz",1.0,2019-09-10 15:20:12.822-04
Avon,"Avon SKIN-SO-SOFT Bug Guard PLUS IR3535® Insect Repellent Moisturizing Lotion - SPF 30 Gentle Breeze, 4 oz",5.0,2017-10-31 15:02:47.61-04
Nature's MACE,"Nature's MACE Cat Repellent 1 Gallon Spray/Treats 3,000 Sq. Ft. / Keep Cat Out of Your Lawn and Garden/Train Your Cat to Stay Out of Bushes/Safe to use Around Children & Plants",1.0,2021-12-01 12:16:59.569-05
Nature's MACE,"Nature's MACE Cat Repellent 1 Gallon Spray/Treats 3,000 Sq. Ft. / Keep Cat Out of Your Lawn and Garden/Train Your Cat to Stay Out of Bushes/Safe to use Around Children & Plants",1.0,2021-12-01 12:13:26.227-05
Avon,"Avon SKIN-SO-SOFT Bug Guard PLUS IR3535® Insect Repellent Moisturizing Lotion - SPF 30 Gentle Breeze, 4 oz",5.0,2014-06-12 16:23:07-04
Grandpa Gus's,"Grandpa Gus's Extra-Strength Mouse Repellent Pouches + Potent Mouse Repellent Spray, Peppermint/Cinnamon Oils Repel Mouse From Home/RV, Boat/Car Storage & Machinery, 4 x 1.76oz Pouches + 1 x 8oz Spray",5.0,2021-04-15 19:59:40.658-04
Wskvlcg,"Mosquito Repellent Bracelet, Ultrasonic Mosquito Repellent Bracelet Watch USB Rechargeable Anti Mosquito Repeller Wristband, Essential for Outdoor Camping (1 Pack, Black + White)",3.0,2022-07-20 17:28:57.645-04
Avon,"Avon SKIN-SO-SOFT Bug Guard PLUS IR3535® Insect Repellent Moisturizing Lotion - SPF 30 Gentle Breeze, 4 oz",5.0,2016-12-05 09:05:54-05
NATURAL OUST,NATURAL OUST Peppermint Oil Spider Repellent Spray - Eco Friendly Indoor Outdoor - Effective Spider Control,1.0,2021-06-13 05:27:14.126-04
Grandpa Gus's,"Grandpa Gus's Extra-Strength Mouse Repellent Pouches + Potent Mouse Repellent Spray, Peppermint/Cinnamon Oils Repel Mouse From Home/RV, Boat/Car Storage & Machinery, 4 x 1.76oz Pouches + 1 x 8oz Spray",5.0,2021-10-26 10:02:26.573-04
Avon,"Avon SKIN-SO-SOFT Bug Guard PLUS IR3535® Insect Repellent Moisturizing Lotion - SPF 30 Gentle Breeze, 4 oz",5.0,2016-09-24 21:13:44-04
Avon,"Avon SKIN-SO-SOFT Bug Guard PLUS IR3535® Insect Repellent Moisturizing Lotion - SPF 30 Gentle Breeze, 4 oz",5.0,2018-08-13 14:28:42.327-04
Avon,"Avon SKIN-SO-SOFT Bug Guard PLUS IR3535® Insect Repellent Moisturizing Lotion - SPF 30 Gentle Breeze, 4 oz",4.0,2013-06-19 09:31:57-04
Avon,"Avon SKIN-SO-SOFT Bug Guard PLUS IR3535® Insect Repellent Moisturizing Lotion - SPF 30 Gentle Breeze, 4 oz",5.0,2015-03-26 17:11:23-04
Avon,"Avon SKIN-SO-SOFT Bug Guard PLUS IR3535® Insect Repellent Moisturizing Lotion - SPF 30 Gentle Breeze, 4 oz",2.0,2022-02-24 19:40:19.751-05
Tender Ben's,Ben's 30% DEET Tick & Insect Repellent Wipes - 2 Pack,4.0,2016-09-24 00:18:14-04
Nature's MACE,"Nature's MACE Cat Repellent 1 Gallon Spray/Treats 3,000 Sq. Ft. / Keep Cat Out of Your Lawn and Garden/Train Your Cat to Stay Out of Bushes/Safe to use Around Children & Plants",5.0,2022-11-27 18:10:21.455-05
Avon,"Avon SKIN-SO-SOFT Bug Guard PLUS IR3535® Insect Repellent Moisturizing Lotion - SPF 30 Gentle Breeze, 4 oz",4.0,2012-03-26 12:17:12-04
Avon,"Avon SKIN-SO-SOFT Bug Guard PLUS IR3535® Insect Repellent Moisturizing Lotion - SPF 30 Gentle Breeze, 4 oz",5.0,2018-11-25 16:45:05.202-05
eHouse,AC12g Ultrasonic Pest Repeller - Electronic Plug in Best Repellent - Pest Control - Get Rid of - Rodents Squirrels Rats Mice Insects - Roaches Spiders Mosquitos Fleas Fruit Fly Bed Bugs Flies Ants!,5.0,2020-12-24 04:31:42.8-05
Avon,"Avon SKIN-SO-SOFT Bug Guard PLUS IR3535® Insect Repellent Moisturizing Lotion - SPF 30 Gentle Breeze, 4 oz",5.0,2017-09-05 18:56:43.748-04
CHOMP!,"CHOMP! Shower Door Water Repellent: Healthier Home ShowerDoorMagic 6 in 1 Hard Water Stain Preventer for Glass, Fiberglass, Tile & More- Spot, Soap Scum, Calcium & Limescale Prevention 32 oz.",1.0,2021-11-16 15:15:48.789-05
Avon,"Avon SKIN-SO-SOFT Bug Guard PLUS IR3535® Insect Repellent Moisturizing Lotion - SPF 30 Gentle Breeze, 4 oz",3.0,2017-10-25 01:11:59.906-04
Avon,"Avon SKIN-SO-SOFT Bug Guard PLUS IR3535® Insect Repellent Moisturizing Lotion - SPF 30 Gentle Breeze, 4 oz",4.0,2014-12-02 13:24:25-05
Avon,"Avon SKIN-SO-SOFT Bug Guard PLUS IR3535® Insect Repellent Moisturizing Lotion - SPF 30 Gentle Breeze, 4 oz",5.0,2015-08-23 13:20:42-04
Avon,"Avon SKIN-SO-SOFT Bug Guard PLUS IR3535® Insect Repellent Moisturizing Lotion - SPF 30 Gentle Breeze, 4 oz",3.0,2016-08-22 10:43:46-04
Avon,"Avon SKIN-SO-SOFT Bug Guard PLUS IR3535® Insect Repellent Moisturizing Lotion - SPF 30 Gentle Breeze, 4 oz",5.0,2015-09-20 11:55:16-04
Avon,"Avon SKIN-SO-SOFT Bug Guard PLUS IR3535® Insect Repellent Moisturizing Lotion - SPF 30 Gentle Breeze, 4 oz",1.0,2021-09-18 22:14:33.905-04
Nature's MACE,"Nature's MACE Cat Repellent 1 Gallon Spray/Treats 3,000 Sq. Ft. / Keep Cat Out of Your Lawn and Garden/Train Your Cat to Stay Out of Bushes/Safe to use Around Children & Plants",5.0,2018-04-01 08:59:11.449-04
Nature's MACE,"Nature's MACE Cat Repellent 1 Gallon Spray/Treats 3,000 Sq. Ft. / Keep Cat Out of Your Lawn and Garden/Train Your Cat to Stay Out of Bushes/Safe to use Around Children & Plants",1.0,2021-10-30 13:42:26.534-04
Nature's MACE,"Nature's MACE Cat Repellent 1 Gallon Spray/Treats 3,000 Sq. Ft. / Keep Cat Out of Your Lawn and Garden/Train Your Cat to Stay Out of Bushes/Safe to use Around Children & Plants",5.0,2019-09-01 22:33:19.336-04
HONGXIAN,Gopher Repeller Ultrasonic Solar Mole Repellent 4 Pack Solar Mole Repellent & Gopher Repellent Ultrasonic Solar Powered Waterproof for Yard & Garden,5.0,2022-12-11 14:22:03.452-05
Avon,"Avon SKIN-SO-SOFT Bug Guard PLUS IR3535® Insect Repellent Moisturizing Lotion - SPF 30 Gentle Breeze, 4 oz",5.0,2016-09-21 17:25:38-04
Nature's MACE,"Nature's MACE Cat Repellent 1 Gallon Spray/Treats 3,000 Sq. Ft. / Keep Cat Out of Your Lawn and Garden/Train Your Cat to Stay Out of Bushes/Safe to use Around Children & Plants",5.0,2019-08-26 12:34:08.066-04
Tender Ben's,Ben's 30% DEET Tick & Insect Repellent Wipes - 2 Pack,5.0,2014-08-18 15:45:35-04
Avon,"Avon SKIN-SO-SOFT Bug Guard PLUS IR3535® Insect Repellent Moisturizing Lotion - SPF 30 Gentle Breeze, 4 oz",5.0,2019-05-12 22:22:40.069-04
Nature's MACE,"Nature's MACE Cat Repellent 1 Gallon Spray/Treats 3,000 Sq. Ft. / Keep Cat Out of Your Lawn and Garden/Train Your Cat to Stay Out of Bushes/Safe to use Around Children & Plants",4.0,2021-11-05 17:01:06.779-04
eHouse,AC12 Ultrasonic Pest Repeller - Electronic Plug in Best Repellent - Pest Control - Get Rid of - Rodents Squirrels Mice Rats Insects - Roaches Spiders Fleas Bed Bugs Flies Ants Mosquitos Fruit Fly!,2.0,2020-06-27 17:34:45.322-04
Avon,"Avon SKIN-SO-SOFT Bug Guard PLUS IR3535® Insect Repellent Moisturizing Lotion - SPF 30 Gentle Breeze, 4 oz",4.0,2015-12-04 11:49:57-05
Avon,"Avon SKIN-SO-SOFT Bug Guard PLUS IR3535® Insect Repellent Moisturizing Lotion - SPF 30 Gentle Breeze, 4 oz",5.0,2015-08-03 22:46:21-04
Avon,"Avon SKIN-SO-SOFT Bug Guard PLUS IR3535® Insect Repellent Moisturizing Lotion - SPF 30 Gentle Breeze, 4 oz",5.0,2016-06-05 21:54:19-04
Avon,"Avon SKIN-SO-SOFT Bug Guard PLUS IR3535® Insect Repellent Moisturizing Lotion - SPF 30 Gentle Breeze, 4 oz",5.0,2020-05-19 11:45:52.476-04
PetUlove,"PetUlove Handheld Dog Repellent,Dog Trainer 100% Pet & Human Safe G",4.0,2016-02-02 22:02:16-05
Natural Armor,Natural Armor Lizard & Gecko Repellent Spray - Powerful Peppermint Formulation Repels All Types of Lizards & Geckos and Works Better Than Ultrasonic Gimmicks – 128 fl oz - Gallon Ready to Use,5.0,2021-06-02 06:22:51.977-04
Nature's MACE,"Nature's MACE Cat Repellent 1 Gallon Spray/Treats 3,000 Sq. Ft. / Keep Cat Out of Your Lawn and Garden/Train Your Cat to Stay Out of Bushes/Safe to use Around Children & Plants",1.0,2022-08-03 15:30:33.858-04
Nature's MACE,"Nature's MACE Cat Repellent 1 Gallon Spray/Treats 3,000 Sq. Ft. / Keep Cat Out of Your Lawn and Garden/Train Your Cat to Stay Out of Bushes/Safe to use Around Children & Plants",2.0,2020-01-28 07:34:54.585-05
Nature's MACE,"Nature's MACE Cat Repellent 1 Gallon Spray/Treats 3,000 Sq. Ft. / Keep Cat Out of Your Lawn and Garden/Train Your Cat to Stay Out of Bushes/Safe to use Around Children & Plants",1.0,2022-09-01 13:36:50.836-04
Avon,"Avon SKIN-SO-SOFT Bug Guard PLUS IR3535® Insect Repellent Moisturizing Lotion - SPF 30 Gentle Breeze, 4 oz",5.0,2015-06-24 08:58:17-04
Avon,"Avon SKIN-SO-SOFT Bug Guard PLUS IR3535® Insect Repellent Moisturizing Lotion - SPF 30 Gentle Breeze, 4 oz",5.0,2015-06-28 22:26:17-04
Avon,"Avon SKIN-SO-SOFT Bug Guard PLUS IR3535® Insect Repellent Moisturizing Lotion - SPF 30 Gentle Breeze, 4 oz",1.0,2013-12-16 17:09:39-05
Nature's MACE,"Nature's MACE Cat Repellent 1 Gallon Spray/Treats 3,000 Sq. Ft. / Keep Cat Out of Your Lawn and Garden/Train Your Cat to Stay Out of Bushes/Safe to use Around Children & Plants",2.0,2021-08-06 16:37:19.032-04
Nature's MACE,"Nature's MACE Cat Repellent 1 Gallon Spray/Treats 3,000 Sq. Ft. / Keep Cat Out of Your Lawn and Garden/Train Your Cat to Stay Out of Bushes/Safe to use Around Children & Plants",2.0,2022-10-08 14:52:51.852-04
Nature's MACE,"Nature's MACE Cat Repellent 1 Gallon Spray/Treats 3,000 Sq. Ft. / Keep Cat Out of Your Lawn and Garden/Train Your Cat to Stay Out of Bushes/Safe to use Around Children & Plants",5.0,2019-08-02 11:11:10.092-04
Nature's MACE,"Nature's MACE Cat Repellent 1 Gallon Spray/Treats 3,000 Sq. Ft. / Keep Cat Out of Your Lawn and Garden/Train Your Cat to Stay Out of Bushes/Safe to use Around Children & Plants",5.0,2020-03-06 10:56:41.58-05
Avon,"Avon SKIN-SO-SOFT Bug Guard PLUS IR3535® Insect Repellent Moisturizing Lotion - SPF 30 Gentle Breeze, 4 oz",5.0,2013-07-22 08:04:21-04
Nature's MACE,"Nature's MACE Cat Repellent 1 Gallon Spray/Treats 3,000 Sq. Ft. / Keep Cat Out of Your Lawn and Garden/Train Your Cat to Stay Out of Bushes/Safe to use Around Children & Plants",1.0,2021-01-20 13:32:59.012-05
Avon,"Avon SKIN-SO-SOFT Bug Guard PLUS IR3535® Insect Repellent Moisturizing Lotion - SPF 30 Gentle Breeze, 4 oz",5.0,2021-07-23 15:20:41.367-04
Avon,"Avon SKIN-SO-SOFT Bug Guard PLUS IR3535® Insect Repellent Moisturizing Lotion - SPF 30 Gentle Breeze, 4 oz",4.0,2017-08-07 21:14:28.55-04
Natural Armor,Natural Armor Lizard & Gecko Repellent Spray - Powerful Peppermint Formulation Repels All Types of Lizards & Geckos and Works Better Than Ultrasonic Gimmicks – 128 fl oz - Gallon Ready to Use,3.0,2022-12-14 20:06:27.138-05
Avon,"Avon SKIN-SO-SOFT Bug Guard PLUS IR3535® Insect Repellent Moisturizing Lotion - SPF 30 Gentle Breeze, 4 oz",5.0,2015-06-06 11:09:46-04
Avon,"Avon SKIN-SO-SOFT Bug Guard PLUS IR3535® Insect Repellent Moisturizing Lotion - SPF 30 Gentle Breeze, 4 oz",5.0,2021-09-23 17:43:14.062-04
Cutter,"Cutter Natural Fogger Insect Repellent, 3 pk./14 oz.each can",5.0,2018-09-04 06:07:42.546-04
Avon,"Avon SKIN-SO-SOFT Bug Guard PLUS IR3535® Insect Repellent Moisturizing Lotion - SPF 30 Gentle Breeze, 4 oz",5.0,2019-06-17 04:50:54.61-04
Avon,"Avon SKIN-SO-SOFT Bug Guard PLUS IR3535® Insect Repellent Moisturizing Lotion - SPF 30 Gentle Breeze, 4 oz",5.0,2016-10-23 10:48:08-04
Nature's MACE,"Nature's MACE Cat Repellent 1 Gallon Spray/Treats 3,000 Sq. Ft. / Keep Cat Out of Your Lawn and Garden/Train Your Cat to Stay Out of Bushes/Safe to use Around Children & Plants",3.0,2021-04-03 23:53:40.367-04
Avon,"Avon SKIN-SO-SOFT Bug Guard PLUS IR3535® Insect Repellent Moisturizing Lotion - SPF 30 Gentle Breeze, 4 oz",5.0,2020-02-06 19:21:00.367-05
Avon,"Avon SKIN-SO-SOFT Bug Guard PLUS IR3535® Insect Repellent Moisturizing Lotion - SPF 30 Gentle Breeze, 4 oz",5.0,2018-10-29 18:03:45.429-04
Avon,"Avon SKIN-SO-SOFT Bug Guard PLUS IR3535® Insect Repellent Moisturizing Lotion - SPF 30 Gentle Breeze, 4 oz",5.0,2016-09-30 08:23:49-04
Avon,"Avon SKIN-SO-SOFT Bug Guard PLUS IR3535® Insect Repellent Moisturizing Lotion - SPF 30 Gentle Breeze, 4 oz",5.0,2019-02-10 03:44:45.105-05
Nature's MACE,"Nature's MACE Cat Repellent 1 Gallon Spray/Treats 3,000 Sq. Ft. / Keep Cat Out of Your Lawn and Garden/Train Your Cat to Stay Out of Bushes/Safe to use Around Children & Plants",1.0,2019-09-29 05:23:27.091-04
Avon,"Avon SKIN-SO-SOFT Bug Guard PLUS IR3535® Insect Repellent Moisturizing Lotion - SPF 30 Gentle Breeze, 4 oz",3.0,2020-07-28 22:27:29.302-04
Avon,"Avon SKIN-SO-SOFT Bug Guard PLUS IR3535® Insect Repellent Moisturizing Lotion - SPF 30 Gentle Breeze, 4 oz",5.0,2016-07-08 08:22:08-04
Nature's MACE,"Nature's MACE Cat Repellent 1 Gallon Spray/Treats 3,000 Sq. Ft. / Keep Cat Out of Your Lawn and Garden/Train Your Cat to Stay Out of Bushes/Safe to use Around Children & Plants",2.0,2022-09-19 17:39:41.196-04
Avon,"Avon SKIN-SO-SOFT Bug Guard PLUS IR3535® Insect Repellent Moisturizing Lotion - SPF 30 Gentle Breeze, 4 oz",3.0,2017-09-25 11:16:05.851-04
Nature's MACE,"Nature's MACE Cat Repellent 1 Gallon Spray/Treats 3,000 Sq. Ft. / Keep Cat Out of Your Lawn and Garden/Train Your Cat to Stay Out of Bushes/Safe to use Around Children & Plants",1.0,2018-07-13 18:35:33.919-04
SEALUXE,"SEALUXE Rodent Repellent Packs,Mouse Repellent,Peppermint Oil to Repel Mice, Mice Repellent Peppermint,Natural Rat Repellent,Insect Repellent with Peppermint Oil 4-Pack",1.0,2021-03-07 23:23:54.359-05
Cutter,"Cutter Natural Fogger Insect Repellent, 3 pk./14 oz.each can",2.0,2018-09-14 15:52:45.523-04
Bug Magic Naturals,"Bug Magic Super Concentrate All Natural Insect Repellent Starter Kit; Made with Essential Oils; Pet and Family Safe; Kills and Repels Mosquitos, Flies, and Ticks",5.0,2021-08-31 15:22:00.782-04
Nature's MACE,"Nature's MACE Cat Repellent 1 Gallon Spray/Treats 3,000 Sq. Ft. / Keep Cat Out of Your Lawn and Garden/Train Your Cat to Stay Out of Bushes/Safe to use Around Children & Plants",4.0,2022-06-03 09:17:37.412-04
Avon,"Avon SKIN-SO-SOFT Bug Guard PLUS IR3535® Insect Repellent Moisturizing Lotion - SPF 30 Gentle Breeze, 4 oz",2.0,2014-09-30 19:48:45-04
Avon,"Avon SKIN-SO-SOFT Bug Guard PLUS IR3535® Insect Repellent Moisturizing Lotion - SPF 30 Gentle Breeze, 4 oz",5.0,2020-08-22 17:50:44.631-04
Avon,"Avon SKIN-SO-SOFT Bug Guard PLUS IR3535® Insect Repellent Moisturizing Lotion - SPF 30 Gentle Breeze, 4 oz",4.0,2022-02-17 04:53:54.478-05
eHouse,AC12g Ultrasonic Pest Repeller - Electronic Plug in Best Repellent - Pest Control - Get Rid of - Rodents Squirrels Rats Mice Insects - Roaches Spiders Mosquitos Fleas Fruit Fly Bed Bugs Flies Ants!,1.0,2020-11-16 19:04:57.964-05
Avon,"Avon SKIN-SO-SOFT Bug Guard PLUS IR3535® Insect Repellent Moisturizing Lotion - SPF 30 Gentle Breeze, 4 oz",5.0,2019-04-19 14:25:29.765-04
eHouse,AC12 Ultrasonic Pest Repeller - Electronic Plug in Best Repellent - Pest Control - Get Rid of - Rodents Squirrels Mice Rats Insects - Roaches Spiders Fleas Bed Bugs Flies Ants Mosquitos Fruit Fly!,5.0,2020-08-17 17:40:14.515-04
Natural Armor,Natural Armor Lizard & Gecko Repellent Spray - Powerful Peppermint Formulation Repels All Types of Lizards & Geckos and Works Better Than Ultrasonic Gimmicks – 128 fl oz - Gallon Ready to Use,1.0,2022-11-08 13:24:35.946-05
Nature's MACE,"Nature's MACE Cat Repellent 1 Gallon Spray/Treats 3,000 Sq. Ft. / Keep Cat Out of Your Lawn and Garden/Train Your Cat to Stay Out of Bushes/Safe to use Around Children & Plants",1.0,2019-11-21 01:26:48.178-05
Avon,"Avon SKIN-SO-SOFT Bug Guard PLUS IR3535® Insect Repellent Moisturizing Lotion - SPF 30 Gentle Breeze, 4 oz",5.0,2017-03-09 13:58:01-05
Avon,"Avon SKIN-SO-SOFT Bug Guard PLUS IR3535® Insect Repellent Moisturizing Lotion - SPF 30 Gentle Breeze, 4 oz",5.0,2022-07-15 19:53:37.06-04
Avon,"Avon SKIN-SO-SOFT Bug Guard PLUS IR3535® Insect Repellent Moisturizing Lotion - SPF 30 Gentle Breeze, 4 oz",5.0,2016-02-19 16:09:32-05
Grandpa Gus's,"Grandpa Gus's Extra-Strength Mouse Repellent Pouches + Potent Mouse Repellent Spray, Peppermint/Cinnamon Oils Repel Mouse From Home/RV, Boat/Car Storage & Machinery, 4 x 1.76oz Pouches + 1 x 8oz Spray",2.0,2022-10-29 20:28:38.527-04
Nature's MACE,"Nature's MACE Cat Repellent 1 Gallon Spray/Treats 3,000 Sq. Ft. / Keep Cat Out of Your Lawn and Garden/Train Your Cat to Stay Out of Bushes/Safe to use Around Children & Plants",1.0,2022-04-01 13:36:37.32-04
Avon,"Avon SKIN-SO-SOFT Bug Guard PLUS IR3535® Insect Repellent Moisturizing Lotion - SPF 30 Gentle Breeze, 4 oz",5.0,2015-08-09 01:09:59-04
Avon,"Avon SKIN-SO-SOFT Bug Guard PLUS IR3535® Insect Repellent Moisturizing Lotion - SPF 30 Gentle Breeze, 4 oz",2.0,2018-10-07 12:40:18.456-04
Avon,"Avon SKIN-SO-SOFT Bug Guard PLUS IR3535® Insect Repellent Moisturizing Lotion - SPF 30 Gentle Breeze, 4 oz",5.0,2017-09-28 22:44:39.851-04
SUAVEC,"SUAVEC Deer Repellent for Plant, Deer and Rabbit Repellent, Deer Deterrent for Garden and Lawn, Outdoor Deer Repellant Yard, Deer Repellant, Repel Deer Away",5.0,2021-11-02 09:05:07.151-04
Nature's MACE,"Nature's MACE Cat Repellent 1 Gallon Spray/Treats 3,000 Sq. Ft. / Keep Cat Out of Your Lawn and Garden/Train Your Cat to Stay Out of Bushes/Safe to use Around Children & Plants",1.0,2022-04-26 11:27:39.018-04
Nature's MACE,"Nature's MACE Cat Repellent 1 Gallon Spray/Treats 3,000 Sq. Ft. / Keep Cat Out of Your Lawn and Garden/Train Your Cat to Stay Out of Bushes/Safe to use Around Children & Plants",5.0,2023-03-24 12:15:42.733-04
Nature's MACE,"Nature's MACE Cat Repellent 1 Gallon Spray/Treats 3,000 Sq. Ft. / Keep Cat Out of Your Lawn and Garden/Train Your Cat to Stay Out of Bushes/Safe to use Around Children & Plants",1.0,2021-10-04 16:12:16.12-04
Avon,"Avon SKIN-SO-SOFT Bug Guard PLUS IR3535® Insect Repellent Moisturizing Lotion - SPF 30 Gentle Breeze, 4 oz",3.0,2013-06-21 15:16:33-04
Avon,"Avon SKIN-SO-SOFT Bug Guard PLUS IR3535® Insect Repellent Moisturizing Lotion - SPF 30 Gentle Breeze, 4 oz",5.0,2016-08-23 10:26:01-04
Avon,"Avon SKIN-SO-SOFT Bug Guard PLUS IR3535® Insect Repellent Moisturizing Lotion - SPF 30 Gentle Breeze, 4 oz",4.0,2013-07-20 21:37:09-04
Avon,"Avon SKIN-SO-SOFT Bug Guard PLUS IR3535® Insect Repellent Moisturizing Lotion - SPF 30 Gentle Breeze, 4 oz",5.0,2017-08-25 14:26:48.976-04
Avon,"Avon SKIN-SO-SOFT Bug Guard PLUS IR3535® Insect Repellent Moisturizing Lotion - SPF 30 Gentle Breeze, 4 oz",5.0,2016-05-21 19:52:35-04
DeerScram,Epic 02118 Wild Hog Repellent Granular Bucket - 10-Lbs,5.0,2022-07-26 12:44:34.216-04
Nature's MACE,"Nature's MACE Cat Repellent 1 Gallon Spray/Treats 3,000 Sq. Ft. / Keep Cat Out of Your Lawn and Garden/Train Your Cat to Stay Out of Bushes/Safe to use Around Children & Plants",2.0,2022-02-26 14:56:07.54-05
Grandpa Gus's,"Grandpa Gus's Extra-Strength Mouse Repellent Pouches + Potent Mouse Repellent Spray, Peppermint/Cinnamon Oils Repel Mouse From Home/RV, Boat/Car Storage & Machinery, 4 x 1.76oz Pouches + 1 x 8oz Spray",1.0,2020-12-24 15:18:54.653-05
Nature's MACE,"Nature's MACE Cat Repellent 1 Gallon Spray/Treats 3,000 Sq. Ft. / Keep Cat Out of Your Lawn and Garden/Train Your Cat to Stay Out of Bushes/Safe to use Around Children & Plants",1.0,2022-10-27 22:44:00.125-04
Grandpa Gus's,"Grandpa Gus's Extra-Strength Mouse Repellent Pouches + Potent Mouse Repellent Spray, Peppermint/Cinnamon Oils Repel Mouse From Home/RV, Boat/Car Storage & Machinery, 4 x 1.76oz Pouches + 1 x 8oz Spray",2.0,2021-11-07 16:47:17.663-05
Nature's MACE,"Nature's MACE Cat Repellent 1 Gallon Spray/Treats 3,000 Sq. Ft. / Keep Cat Out of Your Lawn and Garden/Train Your Cat to Stay Out of Bushes/Safe to use Around Children & Plants",5.0,2022-09-30 09:35:12.757-04
Nature's MACE,"Nature's MACE Cat Repellent 1 Gallon Spray/Treats 3,000 Sq. Ft. / Keep Cat Out of Your Lawn and Garden/Train Your Cat to Stay Out of Bushes/Safe to use Around Children & Plants",5.0,2021-07-15 12:41:22.149-04
Avon,"Avon SKIN-SO-SOFT Bug Guard PLUS IR3535® Insect Repellent Moisturizing Lotion - SPF 30 Gentle Breeze, 4 oz",5.0,2015-05-11 16:34:26-04
Avon,"Avon SKIN-SO-SOFT Bug Guard PLUS IR3535® Insect Repellent Moisturizing Lotion - SPF 30 Gentle Breeze, 4 oz",5.0,2019-06-24 17:15:44.271-04
Avon,"Avon SKIN-SO-SOFT Bug Guard PLUS IR3535® Insect Repellent Moisturizing Lotion - SPF 30 Gentle Breeze, 4 oz",3.0,2014-08-05 11:52:38-04
Nature's MACE,"Nature's MACE Cat Repellent 1 Gallon Spray/Treats 3,000 Sq. Ft. / Keep Cat Out of Your Lawn and Garden/Train Your Cat to Stay Out of Bushes/Safe to use Around Children & Plants",5.0,2021-05-04 17:39:28.307-04
Nature's MACE,"Nature's MACE Cat Repellent 1 Gallon Spray/Treats 3,000 Sq. Ft. / Keep Cat Out of Your Lawn and Garden/Train Your Cat to Stay Out of Bushes/Safe to use Around Children & Plants",4.0,2021-01-27 06:20:56.49-05
Avon,"Avon SKIN-SO-SOFT Bug Guard PLUS IR3535® Insect Repellent Moisturizing Lotion - SPF 30 Gentle Breeze, 4 oz",5.0,2016-05-25 11:12:54-04
Green Goo,"Green Goo Bugs Be Gone, All-Natural Essential Oil Tick, Fly & Insect Repellent, Safe to Spray On Skin, 4.5 Oz",3.0,2020-10-03 23:05:18.013-04
Nature's MACE,"Nature's MACE Cat Repellent 1 Gallon Spray/Treats 3,000 Sq. Ft. / Keep Cat Out of Your Lawn and Garden/Train Your Cat to Stay Out of Bushes/Safe to use Around Children & Plants",3.0,2021-03-24 21:15:40.718-04
Avon,"Avon SKIN-SO-SOFT Bug Guard PLUS IR3535® Insect Repellent Moisturizing Lotion - SPF 30 Gentle Breeze, 4 oz",5.0,2020-07-28 08:40:08.866-04
Natural Armor,Natural Armor Lizard & Gecko Repellent Spray - Powerful Peppermint Formulation Repels All Types of Lizards & Geckos and Works Better Than Ultrasonic Gimmicks – 128 fl oz - Gallon Ready to Use,1.0,2022-05-05 01:13:42.074-04
Avon,"Avon SKIN-SO-SOFT Bug Guard PLUS IR3535® Insect Repellent Moisturizing Lotion - SPF 30 Gentle Breeze, 4 oz",5.0,2017-10-24 23:32:51.108-04
Avon,"Avon SKIN-SO-SOFT Bug Guard PLUS IR3535® Insect Repellent Moisturizing Lotion - SPF 30 Gentle Breeze, 4 oz",5.0,2019-11-08 09:44:51.59-05
Avon,"Avon SKIN-SO-SOFT Bug Guard PLUS IR3535® Insect Repellent Moisturizing Lotion - SPF 30 Gentle Breeze, 4 oz",1.0,2018-03-11 04:26:38.995-04
Avon,"Avon SKIN-SO-SOFT Bug Guard PLUS IR3535® Insect Repellent Moisturizing Lotion - SPF 30 Gentle Breeze, 4 oz",4.0,2016-02-15 05:53:01-05
Avon,"Avon SKIN-SO-SOFT Bug Guard PLUS IR3535® Insect Repellent Moisturizing Lotion - SPF 30 Gentle Breeze, 4 oz",5.0,2014-04-25 16:44:40-04
Avon,"Avon SKIN-SO-SOFT Bug Guard PLUS IR3535® Insect Repellent Moisturizing Lotion - SPF 30 Gentle Breeze, 4 oz",4.0,2017-08-29 14:32:52.851-04
Tender Ben's,Ben's 30% DEET Tick & Insect Repellent Wipes - 2 Pack,5.0,2015-02-11 18:51:46-05
Natural Armor,Natural Armor Lizard & Gecko Repellent Spray - Powerful Peppermint Formulation Repels All Types of Lizards & Geckos and Works Better Than Ultrasonic Gimmicks – 128 fl oz - Gallon Ready to Use,1.0,2022-07-20 22:05:15.394-04
Avon,"Avon SKIN-SO-SOFT Bug Guard PLUS IR3535® Insect Repellent Moisturizing Lotion - SPF 30 Gentle Breeze, 4 oz",1.0,2019-07-23 15:33:18.408-04
Nature's MACE,"Nature's MACE Cat Repellent 1 Gallon Spray/Treats 3,000 Sq. Ft. / Keep Cat Out of Your Lawn and Garden/Train Your Cat to Stay Out of Bushes/Safe to use Around Children & Plants",5.0,2021-10-22 23:30:09.722-04
Avon,"Avon SKIN-SO-SOFT Bug Guard PLUS IR3535® Insect Repellent Moisturizing Lotion - SPF 30 Gentle Breeze, 4 oz",5.0,2018-07-15 00:16:26.37-04
Nature's MACE,"Nature's MACE Cat Repellent 1 Gallon Spray/Treats 3,000 Sq. Ft. / Keep Cat Out of Your Lawn and Garden/Train Your Cat to Stay Out of Bushes/Safe to use Around Children & Plants",1.0,2021-09-21 08:40:13.168-04
Avon,"Avon SKIN-SO-SOFT Bug Guard PLUS IR3535® Insect Repellent Moisturizing Lotion - SPF 30 Gentle Breeze, 4 oz",5.0,2019-07-10 23:43:50.262-04
BuggyBands,"Mosquito Repellent Bracelets, 16 Pack Individually Wrapped Waterproof Insect & Bug Repellent Wristbands for Kids & Adults Outdoor Camping Fishing Traveling",5.0,2021-06-22 19:53:26.076-04
Avon,"Avon SKIN-SO-SOFT Bug Guard PLUS IR3535® Insect Repellent Moisturizing Lotion - SPF 30 Gentle Breeze, 4 oz",5.0,2017-07-01 11:43:48.155-04
Avon,"Avon SKIN-SO-SOFT Bug Guard PLUS IR3535® Insect Repellent Moisturizing Lotion - SPF 30 Gentle Breeze, 4 oz",4.0,2017-08-05 13:57:52.77-04
Avon,"Avon SKIN-SO-SOFT Bug Guard PLUS IR3535® Insect Repellent Moisturizing Lotion - SPF 30 Gentle Breeze, 4 oz",5.0,2015-06-08 10:58:25-04
Nature's MACE,"Nature's MACE Cat Repellent 1 Gallon Spray/Treats 3,000 Sq. Ft. / Keep Cat Out of Your Lawn and Garden/Train Your Cat to Stay Out of Bushes/Safe to use Around Children & Plants",1.0,2022-07-24 13:27:56.569-04
Nature's MACE,"Nature's MACE Cat Repellent 1 Gallon Spray/Treats 3,000 Sq. Ft. / Keep Cat Out of Your Lawn and Garden/Train Your Cat to Stay Out of Bushes/Safe to use Around Children & Plants",5.0,2019-07-30 18:01:31.287-04
Avon,"Avon SKIN-SO-SOFT Bug Guard PLUS IR3535® Insect Repellent Moisturizing Lotion - SPF 30 Gentle Breeze, 4 oz",5.0,2014-10-04 13:10:37-04
Avon,"Avon SKIN-SO-SOFT Bug Guard PLUS IR3535® Insect Repellent Moisturizing Lotion - SPF 30 Gentle Breeze, 4 oz",5.0,2019-10-06 13:57:19.766-04
Avon,"Avon SKIN-SO-SOFT Bug Guard PLUS IR3535® Insect Repellent Moisturizing Lotion - SPF 30 Gentle Breeze, 4 oz",5.0,2015-06-22 00:29:12-04
Avon,"Avon SKIN-SO-SOFT Bug Guard PLUS IR3535® Insect Repellent Moisturizing Lotion - SPF 30 Gentle Breeze, 4 oz",2.0,2017-09-24 00:18:33.094-04
Avon,"Avon SKIN-SO-SOFT Bug Guard PLUS IR3535® Insect Repellent Moisturizing Lotion - SPF 30 Gentle Breeze, 4 oz",5.0,2017-11-12 08:05:32.32-05
Avon,"Avon SKIN-SO-SOFT Bug Guard PLUS IR3535® Insect Repellent Moisturizing Lotion - SPF 30 Gentle Breeze, 4 oz",5.0,2022-06-17 22:45:37.566-04
Avon,"Avon SKIN-SO-SOFT Bug Guard PLUS IR3535® Insect Repellent Moisturizing Lotion - SPF 30 Gentle Breeze, 4 oz",5.0,2015-08-25 13:23:24-04
eHouse,AC12 Ultrasonic Pest Repeller - Electronic Plug in Best Repellent - Pest Control - Get Rid of - Rodents Squirrels Mice Rats Insects - Roaches Spiders Fleas Bed Bugs Flies Ants Mosquitos Fruit Fly!,3.0,2020-12-18 20:20:23.792-05
Avon,"Avon SKIN-SO-SOFT Bug Guard PLUS IR3535® Insect Repellent Moisturizing Lotion - SPF 30 Gentle Breeze, 4 oz",5.0,2021-11-10 19:24:11.081-05
Nature's MACE,"Nature's MACE Cat Repellent 1 Gallon Spray/Treats 3,000 Sq. Ft. / Keep Cat Out of Your Lawn and Garden/Train Your Cat to Stay Out of Bushes/Safe to use Around Children & Plants",4.0,2022-03-02 23:07:53.792-05
Avon,"Avon SKIN-SO-SOFT Bug Guard PLUS IR3535® Insect Repellent Moisturizing Lotion - SPF 30 Gentle Breeze, 4 oz",5.0,2015-09-21 20:43:45-04
ZGWJ,"4 Pack Ultrasonic Solar Mole Repeller, Pest Control Waterproof Solar Mole Deterrent & Repeller, Vole, Gopher, Snake for Outdoor Lawn Garden Yards",5.0,2021-04-10 20:56:17.555-04
Nature's MACE,"Nature's MACE Cat Repellent 1 Gallon Spray/Treats 3,000 Sq. Ft. / Keep Cat Out of Your Lawn and Garden/Train Your Cat to Stay Out of Bushes/Safe to use Around Children & Plants",5.0,2018-04-03 10:24:15.241-04
Nature's MACE,"Nature's MACE Cat Repellent 1 Gallon Spray/Treats 3,000 Sq. Ft. / Keep Cat Out of Your Lawn and Garden/Train Your Cat to Stay Out of Bushes/Safe to use Around Children & Plants",1.0,2023-03-06 14:01:10.993-05
Nature's MACE,"Nature's MACE Cat Repellent 1 Gallon Spray/Treats 3,000 Sq. Ft. / Keep Cat Out of Your Lawn and Garden/Train Your Cat to Stay Out of Bushes/Safe to use Around Children & Plants",1.0,2023-02-08 02:07:10.327-05
Nature's MACE,"Nature's MACE Cat Repellent 1 Gallon Spray/Treats 3,000 Sq. Ft. / Keep Cat Out of Your Lawn and Garden/Train Your Cat to Stay Out of Bushes/Safe to use Around Children & Plants",3.0,2021-05-16 11:59:05.301-04
Whemoalus,"Whemoalus Squirrel Repellent Outdoor,4-Pack Natural Squirrel Repellent for Attic,Cars,Squirrel Deterrent for Garden,Squirrel Repellent for Plants,Mint Squirrel Repellent Indoor Safe Around Kid & Pets",3.0,2022-09-08 14:22:01.255-04
Avon,"Avon SKIN-SO-SOFT Bug Guard PLUS IR3535® Insect Repellent Moisturizing Lotion - SPF 30 Gentle Breeze, 4 oz",4.0,2016-07-17 14:55:43-04
Nature's MACE,"Nature's MACE Cat Repellent 1 Gallon Spray/Treats 3,000 Sq. Ft. / Keep Cat Out of Your Lawn and Garden/Train Your Cat to Stay Out of Bushes/Safe to use Around Children & Plants",5.0,2022-07-22 17:32:33.963-04
Avon,"Avon SKIN-SO-SOFT Bug Guard PLUS IR3535® Insect Repellent Moisturizing Lotion - SPF 30 Gentle Breeze, 4 oz",5.0,2016-07-25 19:42:02-04
Dwcom,"4 Pack Snake Repellent for Yard Powerful, Snake Away Repellent for Outdoor Indoor, Natural Plant Formula Pest Insect Control",1.0,2021-06-17 03:39:08.766-04
Avon,"Avon SKIN-SO-SOFT Bug Guard PLUS IR3535® Insect Repellent Moisturizing Lotion - SPF 30 Gentle Breeze, 4 oz",2.0,2021-04-20 19:36:54.137-04
SEALUXE,"SEALUXE Rodent Repellent Packs,Mouse Repellent,Peppermint Oil to Repel Mice, Mice Repellent Peppermint,Natural Rat Repellent,Insect Repellent with Peppermint Oil 6-Pack",5.0,2021-01-02 00:42:41.479-05
Avon,"Avon SKIN-SO-SOFT Bug Guard PLUS IR3535® Insect Repellent Moisturizing Lotion - SPF 30 Gentle Breeze, 4 oz",2.0,2015-08-04 14:27:32-04
Avon,"Avon SKIN-SO-SOFT Bug Guard PLUS IR3535® Insect Repellent Moisturizing Lotion - SPF 30 Gentle Breeze, 4 oz",5.0,2015-10-30 12:18:05-04
Green Goo,"Green Goo Bugs Be Gone, All-Natural Essential Oil Tick, Fly & Insect Repellent, Safe to Spray On Skin, 4.5 Oz",5.0,2020-08-07 14:51:35.028-04
Nature's MACE,"Nature's MACE Cat Repellent 1 Gallon Spray/Treats 3,000 Sq. Ft. / Keep Cat Out of Your Lawn and Garden/Train Your Cat to Stay Out of Bushes/Safe to use Around Children & Plants",4.0,2018-05-14 15:19:51.493-04
Grandpa Gus's,"Grandpa Gus's Extra-Strength Mouse Repellent Pouches + Potent Mouse Repellent Spray, Peppermint/Cinnamon Oils Repel Mouse From Home/RV, Boat/Car Storage & Machinery, 4 x 1.76oz Pouches + 1 x 8oz Spray",5.0,2020-10-05 13:32:41.184-04
Wskvlcg,"Mosquito Repellent Bracelet, Ultrasonic Mosquito Repellent Bracelet Watch USB Rechargeable Anti Mosquito Repeller Wristband, Essential for Outdoor Camping (2 Pack, Black)",3.0,2022-09-18 02:27:21.316-04
Avon,"Avon SKIN-SO-SOFT Bug Guard PLUS IR3535® Insect Repellent Moisturizing Lotion - SPF 30 Gentle Breeze, 4 oz",4.0,2013-08-19 16:23:27-04
Nature's MACE,"Nature's MACE Cat Repellent 1 Gallon Spray/Treats 3,000 Sq. Ft. / Keep Cat Out of Your Lawn and Garden/Train Your Cat to Stay Out of Bushes/Safe to use Around Children & Plants",5.0,2020-01-08 19:35:40.469-05
Avon,"Avon SKIN-SO-SOFT Bug Guard PLUS IR3535® Insect Repellent Moisturizing Lotion - SPF 30 Gentle Breeze, 4 oz",5.0,2022-09-15 17:09:45.375-04
Nature's MACE,"Nature's MACE Cat Repellent 1 Gallon Spray/Treats 3,000 Sq. Ft. / Keep Cat Out of Your Lawn and Garden/Train Your Cat to Stay Out of Bushes/Safe to use Around Children & Plants",3.0,2019-07-02 08:15:56.693-04
Avon,"Avon SKIN-SO-SOFT Bug Guard PLUS IR3535® Insect Repellent Moisturizing Lotion - SPF 30 Gentle Breeze, 4 oz",5.0,2016-02-15 18:14:26-05
eHouse,AC12g Ultrasonic Pest Repeller - Electronic Plug in Best Repellent - Pest Control - Get Rid of - Rodents Squirrels Rats Mice Insects - Roaches Spiders Mosquitos Fleas Fruit Fly Bed Bugs Flies Ants!,5.0,2021-07-13 18:16:52.986-04
Avon,"Avon SKIN-SO-SOFT Bug Guard PLUS IR3535® Insect Repellent Moisturizing Lotion - SPF 30 Gentle Breeze, 4 oz",5.0,2017-05-15 14:30:43-04
Natural Armor,Natural Armor Lizard & Gecko Repellent Spray - Powerful Peppermint Formulation Repels All Types of Lizards & Geckos and Works Better Than Ultrasonic Gimmicks – 128 fl oz - Gallon Ready to Use,1.0,2022-08-10 04:20:56.401-04
Avon,"Avon SKIN-SO-SOFT Bug Guard PLUS IR3535® Insect Repellent Moisturizing Lotion - SPF 30 Gentle Breeze, 4 oz",5.0,2019-07-16 08:23:36.039-04
Grandpa Gus's,"Grandpa Gus's Extra-Strength Mouse Repellent Pouches + Potent Mouse Repellent Spray, Peppermint/Cinnamon Oils Repel Mouse From Home/RV, Boat/Car Storage & Machinery, 4 x 1.76oz Pouches + 1 x 8oz Spray",5.0,2022-02-07 10:13:15.734-05
Avon,"Avon SKIN-SO-SOFT Bug Guard PLUS IR3535® Insect Repellent Moisturizing Lotion - SPF 30 Gentle Breeze, 4 oz",1.0,2022-06-13 14:24:43.927-04
Avon,"Avon SKIN-SO-SOFT Bug Guard PLUS IR3535® Insect Repellent Moisturizing Lotion - SPF 30 Gentle Breeze, 4 oz",5.0,2021-06-29 19:32:23.678-04
Grandpa Gus's,"Grandpa Gus's Extra-Strength Mouse Repellent Pouches + Potent Mouse Repellent Spray, Peppermint/Cinnamon Oils Repel Mouse From Home/RV, Boat/Car Storage & Machinery, 4 x 1.76oz Pouches + 1 x 8oz Spray",5.0,2021-04-05 17:49:08.597-04
Avon,"Avon SKIN-SO-SOFT Bug Guard PLUS IR3535® Insect Repellent Moisturizing Lotion - SPF 30 Gentle Breeze, 4 oz",5.0,2012-09-07 14:10:23-04
Avon,"Avon SKIN-SO-SOFT Bug Guard PLUS IR3535® Insect Repellent Moisturizing Lotion - SPF 30 Gentle Breeze, 4 oz",3.0,2014-10-29 16:48:35-04
Avon,"Avon SKIN-SO-SOFT Bug Guard PLUS IR3535® Insect Repellent Moisturizing Lotion - SPF 30 Gentle Breeze, 4 oz",3.0,2014-12-11 20:29:27-05
Avon,"Avon SKIN-SO-SOFT Bug Guard PLUS IR3535® Insect Repellent Moisturizing Lotion - SPF 30 Gentle Breeze, 4 oz",4.0,2014-11-06 10:26:01-05
Nature's MACE,"Nature's MACE Cat Repellent 1 Gallon Spray/Treats 3,000 Sq. Ft. / Keep Cat Out of Your Lawn and Garden/Train Your Cat to Stay Out of Bushes/Safe to use Around Children & Plants",5.0,2019-02-04 11:19:12.952-05
Avon,"Avon SKIN-SO-SOFT Bug Guard PLUS IR3535® Insect Repellent Moisturizing Lotion - SPF 30 Gentle Breeze, 4 oz",5.0,2018-01-01 20:32:43.744-05
Avon,"Avon SKIN-SO-SOFT Bug Guard PLUS IR3535® Insect Repellent Moisturizing Lotion - SPF 30 Gentle Breeze, 4 oz",2.0,2014-08-03 09:01:25-04
Nature's MACE,"Nature's MACE Cat Repellent 1 Gallon Spray/Treats 3,000 Sq. Ft. / Keep Cat Out of Your Lawn and Garden/Train Your Cat to Stay Out of Bushes/Safe to use Around Children & Plants",5.0,2020-02-05 11:55:24.33-05
Avon,"Avon SKIN-SO-SOFT Bug Guard PLUS IR3535® Insect Repellent Moisturizing Lotion - SPF 30 Gentle Breeze, 4 oz",5.0,2015-12-22 22:32:05-05
Avon,"Avon SKIN-SO-SOFT Bug Guard PLUS IR3535® Insect Repellent Moisturizing Lotion - SPF 30 Gentle Breeze, 4 oz",2.0,2019-06-01 15:03:54.341-04
Avon,"Avon SKIN-SO-SOFT Bug Guard PLUS IR3535® Insect Repellent Moisturizing Lotion - SPF 30 Gentle Breeze, 4 oz",5.0,2017-06-01 16:51:35-04
Avon,"Avon SKIN-SO-SOFT Bug Guard PLUS IR3535® Insect Repellent Moisturizing Lotion - SPF 30 Gentle Breeze, 4 oz",5.0,2015-08-25 13:05:09-04
Avon,"Avon SKIN-SO-SOFT Bug Guard PLUS IR3535® Insect Repellent Moisturizing Lotion - SPF 30 Gentle Breeze, 4 oz",5.0,2016-08-19 18:04:49-04
Nature's MACE,"Nature's MACE Cat Repellent 1 Gallon Spray/Treats 3,000 Sq. Ft. / Keep Cat Out of Your Lawn and Garden/Train Your Cat to Stay Out of Bushes/Safe to use Around Children & Plants",1.0,2019-09-27 16:56:52.202-04
Nature's MACE,"Nature's MACE Cat Repellent 1 Gallon Spray/Treats 3,000 Sq. Ft. / Keep Cat Out of Your Lawn and Garden/Train Your Cat to Stay Out of Bushes/Safe to use Around Children & Plants",5.0,2021-09-06 06:00:22.031-04
Avon,"Avon SKIN-SO-SOFT Bug Guard PLUS IR3535® Insect Repellent Moisturizing Lotion - SPF 30 Gentle Breeze, 4 oz",5.0,2017-02-24 18:23:57-05
Avon,"Avon SKIN-SO-SOFT Bug Guard PLUS IR3535® Insect Repellent Moisturizing Lotion - SPF 30 Gentle Breeze, 4 oz",4.0,2016-09-02 23:51:12-04
Nature's MACE,"Nature's MACE Cat Repellent 1 Gallon Spray/Treats 3,000 Sq. Ft. / Keep Cat Out of Your Lawn and Garden/Train Your Cat to Stay Out of Bushes/Safe to use Around Children & Plants",5.0,2019-12-16 21:39:52.9-05
Avon,"Avon SKIN-SO-SOFT Bug Guard PLUS IR3535® Insect Repellent Moisturizing Lotion - SPF 30 Gentle Breeze, 4 oz",4.0,2018-12-06 12:10:54.737-05
Avon,"Avon SKIN-SO-SOFT Bug Guard PLUS IR3535® Insect Repellent Moisturizing Lotion - SPF 30 Gentle Breeze, 4 oz",5.0,2020-08-06 16:32:05.747-04
Nature's MACE,"Nature's MACE Cat Repellent 1 Gallon Spray/Treats 3,000 Sq. Ft. / Keep Cat Out of Your Lawn and Garden/Train Your Cat to Stay Out of Bushes/Safe to use Around Children & Plants",1.0,2019-11-24 16:30:21.7-05
Foundation Armor,5 GAL Armor SC25 Penetrating Concrete Sealer and Water Repellent Salt Guard,5.0,2017-04-10 11:40:22-04
Nature's MACE,"Nature's MACE Cat Repellent 1 Gallon Spray/Treats 3,000 Sq. Ft. / Keep Cat Out of Your Lawn and Garden/Train Your Cat to Stay Out of Bushes/Safe to use Around Children & Plants",4.0,2018-09-08 11:32:49.495-04
Green Goo,"Green Goo Bugs Be Gone, All-Natural Essential Oil Tick, Fly & Insect Repellent, Safe to Spray On Skin, 4.5 Oz",4.0,2017-03-01 18:18:29-05
Avon,"Avon SKIN-SO-SOFT Bug Guard PLUS IR3535® Insect Repellent Moisturizing Lotion - SPF 30 Gentle Breeze, 4 oz",5.0,2015-01-19 08:01:58-05
Avon,"Avon SKIN-SO-SOFT Bug Guard PLUS IR3535® Insect Repellent Moisturizing Lotion - SPF 30 Gentle Breeze, 4 oz",3.0,2016-01-15 20:19:27-05
Avon,"Avon SKIN-SO-SOFT Bug Guard PLUS IR3535® Insect Repellent Moisturizing Lotion - SPF 30 Gentle Breeze, 4 oz",4.0,2014-12-29 18:49:32-05
Avon,"Avon SKIN-SO-SOFT Bug Guard PLUS IR3535® Insect Repellent Moisturizing Lotion - SPF 30 Gentle Breeze, 4 oz",4.0,2016-08-10 21:38:44-04
Avon,"Avon SKIN-SO-SOFT Bug Guard PLUS IR3535® Insect Repellent Moisturizing Lotion - SPF 30 Gentle Breeze, 4 oz",5.0,2017-09-05 08:42:06.998-04
Avon,"Avon SKIN-SO-SOFT Bug Guard PLUS IR3535® Insect Repellent Moisturizing Lotion - SPF 30 Gentle Breeze, 4 oz",5.0,2016-09-02 14:01:36-04
Nature's MACE,"Nature's MACE Cat Repellent 1 Gallon Spray/Treats 3,000 Sq. Ft. / Keep Cat Out of Your Lawn and Garden/Train Your Cat to Stay Out of Bushes/Safe to use Around Children & Plants",5.0,2018-08-27 09:55:01.726-04
Avon,"Avon SKIN-SO-SOFT Bug Guard PLUS IR3535® Insect Repellent Moisturizing Lotion - SPF 30 Gentle Breeze, 4 oz",5.0,2013-10-04 10:54:36-04
Avon,"Avon SKIN-SO-SOFT Bug Guard PLUS IR3535® Insect Repellent Moisturizing Lotion - SPF 30 Gentle Breeze, 4 oz",2.0,2017-08-14 20:43:17.335-04
Natural Armor,Natural Armor Lizard & Gecko Repellent Spray - Powerful Peppermint Formulation Repels All Types of Lizards & Geckos and Works Better Than Ultrasonic Gimmicks – 128 fl oz - Gallon Ready to Use,3.0,2022-11-16 11:36:11.109-05
Nature's MACE,"Nature's MACE Cat Repellent 1 Gallon Spray/Treats 3,000 Sq. Ft. / Keep Cat Out of Your Lawn and Garden/Train Your Cat to Stay Out of Bushes/Safe to use Around Children & Plants",4.0,2021-06-26 17:19:00.253-04
Wskvlcg,"Mosquito Repellent Bracelet, Ultrasonic Mosquito Repellent Bracelet Watch USB Rechargeable Anti Mosquito Repeller Wristband, Essential for Outdoor Camping (1 Pack, Black + White)",1.0,2022-07-15 17:07:31.68-04
Avon,"Avon SKIN-SO-SOFT Bug Guard PLUS IR3535® Insect Repellent Moisturizing Lotion - SPF 30 Gentle Breeze, 4 oz",3.0,2016-11-01 22:14:14-04
Nature's MACE,"Nature's MACE Cat Repellent 1 Gallon Spray/Treats 3,000 Sq. Ft. / Keep Cat Out of Your Lawn and Garden/Train Your Cat to Stay Out of Bushes/Safe to use Around Children & Plants",5.0,2018-11-12 09:44:55.802-05
Nature's MACE,"Nature's MACE Cat Repellent 1 Gallon Spray/Treats 3,000 Sq. Ft. / Keep Cat Out of Your Lawn and Garden/Train Your Cat to Stay Out of Bushes/Safe to use Around Children & Plants",1.0,2018-08-18 22:11:54.383-04
Avon,"Avon SKIN-SO-SOFT Bug Guard PLUS IR3535® Insect Repellent Moisturizing Lotion - SPF 30 Gentle Breeze, 4 oz",3.0,2014-11-16 18:37:57-05
Natural Armor,Natural Armor Lizard & Gecko Repellent Spray - Powerful Peppermint Formulation Repels All Types of Lizards & Geckos and Works Better Than Ultrasonic Gimmicks – 128 fl oz - Gallon Ready to Use,4.0,2022-09-24 13:48:20.897-04
Nature's MACE,"Nature's MACE Cat Repellent 1 Gallon Spray/Treats 3,000 Sq. Ft. / Keep Cat Out of Your Lawn and Garden/Train Your Cat to Stay Out of Bushes/Safe to use Around Children & Plants",1.0,2018-03-01 08:31:23.61-05
Avon,"Avon SKIN-SO-SOFT Bug Guard PLUS IR3535® Insect Repellent Moisturizing Lotion - SPF 30 Gentle Breeze, 4 oz",5.0,2019-08-10 19:20:28.944-04
Avon,"Avon SKIN-SO-SOFT Bug Guard PLUS IR3535® Insect Repellent Moisturizing Lotion - SPF 30 Gentle Breeze, 4 oz",5.0,2021-02-27 21:11:16.4-05
Avon,"Avon SKIN-SO-SOFT Bug Guard PLUS IR3535® Insect Repellent Moisturizing Lotion - SPF 30 Gentle Breeze, 4 oz",5.0,2016-11-13 09:26:04-05
Avon,"Avon SKIN-SO-SOFT Bug Guard PLUS IR3535® Insect Repellent Moisturizing Lotion - SPF 30 Gentle Breeze, 4 oz",5.0,2015-02-23 17:56:48-05
Avon,"Avon SKIN-SO-SOFT Bug Guard PLUS IR3535® Insect Repellent Moisturizing Lotion - SPF 30 Gentle Breeze, 4 oz",1.0,2013-07-10 00:13:03-04
Nature's MACE,"Nature's MACE Cat Repellent 1 Gallon Spray/Treats 3,000 Sq. Ft. / Keep Cat Out of Your Lawn and Garden/Train Your Cat to Stay Out of Bushes/Safe to use Around Children & Plants",4.0,2022-02-25 10:24:25.555-05
Pets vv,"No Scratch Spray for Cats, Cat Repellent Spray for Indoor Outdoor Use, Cat Deterrent Spray Protect Plants, Furniture & Floors",1.0,2021-04-25 20:13:27.13-04
Zevo,Zevo Wasp Hornet Bee and Yellow Jacket Stinging Insect Killer | Instant Action Aerosol 10Oz. Spray | Multi Insect Killer Repellent | Indoor Outdoor Use | Pet People Friendly Safe,5.0,2019-10-10 17:37:00.545-04
Whemoalus,"Whemoalus Squirrel Repellent Outdoor,4-Pack Natural Squirrel Repellent for Attic,Cars,Squirrel Deterrent for Garden,Squirrel Repellent for Plants,Mint Squirrel Repellent Indoor Safe Around Kid & Pets",1.0,2022-07-24 11:20:37.822-04
Avon,"Avon SKIN-SO-SOFT Bug Guard PLUS IR3535® Insect Repellent Moisturizing Lotion - SPF 30 Gentle Breeze, 4 oz",2.0,2016-07-26 09:20:14-04
Avon,"Avon SKIN-SO-SOFT Bug Guard PLUS IR3535® Insect Repellent Moisturizing Lotion - SPF 30 Gentle Breeze, 4 oz",5.0,2015-04-07 21:38:55-04
Sally's Organics,"10ml Organic Peppermint Essential Oil - Pure Therapeutic Grade - Works Best for Aromatherapy, Natural Soap, Shampoo, Hair, Lotion, Bath Melts, Body, Mice Repellent, and Air Freshener (Spray)",5.0,2018-03-21 17:59:07.008-04
Nature's MACE,"Nature's MACE Cat Repellent 1 Gallon Spray/Treats 3,000 Sq. Ft. / Keep Cat Out of Your Lawn and Garden/Train Your Cat to Stay Out of Bushes/Safe to use Around Children & Plants",1.0,2019-05-17 13:45:52.023-04
Avon,"Avon SKIN-SO-SOFT Bug Guard PLUS IR3535® Insect Repellent Moisturizing Lotion - SPF 30 Gentle Breeze, 4 oz",4.0,2020-07-24 23:11:23.283-04
Avon,"Avon SKIN-SO-SOFT Bug Guard PLUS IR3535® Insect Repellent Moisturizing Lotion - SPF 30 Gentle Breeze, 4 oz",5.0,2021-07-09 10:35:33.317-04
Nature's MACE,"Nature's MACE Cat Repellent 1 Gallon Spray/Treats 3,000 Sq. Ft. / Keep Cat Out of Your Lawn and Garden/Train Your Cat to Stay Out of Bushes/Safe to use Around Children & Plants",2.0,2020-03-01 17:35:35.707-05
Avon,"Avon SKIN-SO-SOFT Bug Guard PLUS IR3535® Insect Repellent Moisturizing Lotion - SPF 30 Gentle Breeze, 4 oz",5.0,2015-01-16 14:59:14-05
Nature's MACE,"Nature's MACE Cat Repellent 1 Gallon Spray/Treats 3,000 Sq. Ft. / Keep Cat Out of Your Lawn and Garden/Train Your Cat to Stay Out of Bushes/Safe to use Around Children & Plants",5.0,2018-07-16 21:28:58.42-04
Nature's MACE,"Nature's MACE Cat Repellent 1 Gallon Spray/Treats 3,000 Sq. Ft. / Keep Cat Out of Your Lawn and Garden/Train Your Cat to Stay Out of Bushes/Safe to use Around Children & Plants",3.0,2022-01-03 17:25:15.461-05
Avon,"Avon SKIN-SO-SOFT Bug Guard PLUS IR3535® Insect Repellent Moisturizing Lotion - SPF 30 Gentle Breeze, 4 oz",5.0,2016-06-30 15:01:17-04
Avon,"Avon SKIN-SO-SOFT Bug Guard PLUS IR3535® Insect Repellent Moisturizing Lotion - SPF 30 Gentle Breeze, 4 oz",2.0,2015-01-18 22:16:55-05
Nature's MACE,"Nature's MACE Cat Repellent 1 Gallon Spray/Treats 3,000 Sq. Ft. / Keep Cat Out of Your Lawn and Garden/Train Your Cat to Stay Out of Bushes/Safe to use Around Children & Plants",5.0,2019-02-09 08:41:30.661-05
Nature's MACE,"Nature's MACE Cat Repellent 1 Gallon Spray/Treats 3,000 Sq. Ft. / Keep Cat Out of Your Lawn and Garden/Train Your Cat to Stay Out of Bushes/Safe to use Around Children & Plants",2.0,2022-09-15 13:39:31.828-04
Nature's MACE,"Nature's MACE Cat Repellent 1 Gallon Spray/Treats 3,000 Sq. Ft. / Keep Cat Out of Your Lawn and Garden/Train Your Cat to Stay Out of Bushes/Safe to use Around Children & Plants",1.0,2019-07-11 17:01:30.876-04
Avon,"Avon SKIN-SO-SOFT Bug Guard PLUS IR3535® Insect Repellent Moisturizing Lotion - SPF 30 Gentle Breeze, 4 oz",5.0,2015-06-30 22:21:17-04
Nature's MACE,"Nature's MACE Cat Repellent 1 Gallon Spray/Treats 3,000 Sq. Ft. / Keep Cat Out of Your Lawn and Garden/Train Your Cat to Stay Out of Bushes/Safe to use Around Children & Plants",5.0,2022-06-03 08:15:49.42-04
Avon,"Avon SKIN-SO-SOFT Bug Guard PLUS IR3535® Insect Repellent Moisturizing Lotion - SPF 30 Gentle Breeze, 4 oz",5.0,2016-11-24 16:36:33-05
Nature's MACE,"Nature's MACE Cat Repellent 1 Gallon Spray/Treats 3,000 Sq. Ft. / Keep Cat Out of Your Lawn and Garden/Train Your Cat to Stay Out of Bushes/Safe to use Around Children & Plants",2.0,2022-01-19 20:24:30.341-05
Avon,"Avon SKIN-SO-SOFT Bug Guard PLUS IR3535® Insect Repellent Moisturizing Lotion - SPF 30 Gentle Breeze, 4 oz",5.0,2018-04-27 00:14:33.451-04
Avon,"Avon SKIN-SO-SOFT Bug Guard PLUS IR3535® Insect Repellent Moisturizing Lotion - SPF 30 Gentle Breeze, 4 oz",5.0,2017-10-12 11:15:38.564-04
Nature's MACE,"Nature's MACE Cat Repellent 1 Gallon Spray/Treats 3,000 Sq. Ft. / Keep Cat Out of Your Lawn and Garden/Train Your Cat to Stay Out of Bushes/Safe to use Around Children & Plants",1.0,2023-01-25 09:15:48.631-05
Avon,"Avon SKIN-SO-SOFT Bug Guard PLUS IR3535® Insect Repellent Moisturizing Lotion - SPF 30 Gentle Breeze, 4 oz",5.0,2020-06-20 14:42:02.095-04
Avon,"Avon SKIN-SO-SOFT Bug Guard PLUS IR3535® Insect Repellent Moisturizing Lotion - SPF 30 Gentle Breeze, 4 oz",5.0,2019-07-08 19:41:01.867-04
Avon,"Avon SKIN-SO-SOFT Bug Guard PLUS IR3535® Insect Repellent Moisturizing Lotion - SPF 30 Gentle Breeze, 4 oz",4.0,2014-08-17 20:57:39-04
Avon,"Avon SKIN-SO-SOFT Bug Guard PLUS IR3535® Insect Repellent Moisturizing Lotion - SPF 30 Gentle Breeze, 4 oz",5.0,2016-06-30 14:46:37-04
Avon,"Avon SKIN-SO-SOFT Bug Guard PLUS IR3535® Insect Repellent Moisturizing Lotion - SPF 30 Gentle Breeze, 4 oz",5.0,2016-10-01 22:31:29-04
Avon,"Avon SKIN-SO-SOFT Bug Guard PLUS IR3535® Insect Repellent Moisturizing Lotion - SPF 30 Gentle Breeze, 4 oz",5.0,2014-12-01 13:18:47-05
Foundation Armor,5 GAL Armor SC25 Penetrating Concrete Sealer and Water Repellent Salt Guard,5.0,2022-11-10 17:23:06.41-05
JNxcel Salon Products,"JNxcel Premium Quality Black Water Repellent & Stain Resistant All-Purpose Nylon/Polyester Fabric Hair Salon & Barber Hair Cutting, Shampoo & Chemical Cape with Snap Closure …",5.0,2023-02-07 13:31:09.177-05
Nature's MACE,"Nature's MACE Cat Repellent 1 Gallon Spray/Treats 3,000 Sq. Ft. / Keep Cat Out of Your Lawn and Garden/Train Your Cat to Stay Out of Bushes/Safe to use Around Children & Plants",5.0,2018-05-15 12:53:36.808-04
Nature's MACE,"Nature's MACE Cat Repellent 1 Gallon Spray/Treats 3,000 Sq. Ft. / Keep Cat Out of Your Lawn and Garden/Train Your Cat to Stay Out of Bushes/Safe to use Around Children & Plants",4.0,2019-05-03 10:49:16.192-04
Avon,"Avon SKIN-SO-SOFT Bug Guard PLUS IR3535® Insect Repellent Moisturizing Lotion - SPF 30 Gentle Breeze, 4 oz",5.0,2012-07-12 13:48:23-04
Avon,"Avon SKIN-SO-SOFT Bug Guard PLUS IR3535® Insect Repellent Moisturizing Lotion - SPF 30 Gentle Breeze, 4 oz",5.0,2014-12-31 16:19:37-05
Avon,"Avon SKIN-SO-SOFT Bug Guard PLUS IR3535® Insect Repellent Moisturizing Lotion - SPF 30 Gentle Breeze, 4 oz",3.0,2016-07-14 23:21:32-04
Avon,"Avon SKIN-SO-SOFT Bug Guard PLUS IR3535® Insect Repellent Moisturizing Lotion - SPF 30 Gentle Breeze, 4 oz",2.0,2015-07-17 09:37:12-04
Nature's MACE,"Nature's MACE Cat Repellent 1 Gallon Spray/Treats 3,000 Sq. Ft. / Keep Cat Out of Your Lawn and Garden/Train Your Cat to Stay Out of Bushes/Safe to use Around Children & Plants",1.0,2021-12-22 04:20:27.862-05
Avon,"Avon SKIN-SO-SOFT Bug Guard PLUS IR3535® Insect Repellent Moisturizing Lotion - SPF 30 Gentle Breeze, 4 oz",3.0,2019-07-01 06:30:57.923-04
Avon,"Avon SKIN-SO-SOFT Bug Guard PLUS IR3535® Insect Repellent Moisturizing Lotion - SPF 30 Gentle Breeze, 4 oz",2.0,2015-08-13 10:48:08-04
Avon,"Avon SKIN-SO-SOFT Bug Guard PLUS IR3535® Insect Repellent Moisturizing Lotion - SPF 30 Gentle Breeze, 4 oz",5.0,2015-02-17 14:03:45-05
Nature's MACE,"Nature's MACE Cat Repellent 1 Gallon Spray/Treats 3,000 Sq. Ft. / Keep Cat Out of Your Lawn and Garden/Train Your Cat to Stay Out of Bushes/Safe to use Around Children & Plants",1.0,2022-04-19 08:08:24.408-04
Avon,"Avon SKIN-SO-SOFT Bug Guard PLUS IR3535® Insect Repellent Moisturizing Lotion - SPF 30 Gentle Breeze, 4 oz",5.0,2016-01-09 16:31:53-05
eHouse,AC12 Ultrasonic Pest Repeller - Electronic Plug in Best Repellent - Pest Control - Get Rid of - Rodents Squirrels Mice Rats Insects - Roaches Spiders Fleas Bed Bugs Flies Ants Mosquitos Fruit Fly!,5.0,2020-06-19 11:43:25.409-04
eHouse,AC12g Ultrasonic Pest Repeller - Electronic Plug in Best Repellent - Pest Control - Get Rid of - Rodents Squirrels Rats Mice Insects - Roaches Spiders Mosquitos Fleas Fruit Fly Bed Bugs Flies Ants!,5.0,2020-08-21 21:06:40.509-04
Nature's MACE,"Nature's MACE Cat Repellent 1 Gallon Spray/Treats 3,000 Sq. Ft. / Keep Cat Out of Your Lawn and Garden/Train Your Cat to Stay Out of Bushes/Safe to use Around Children & Plants",4.0,2021-02-12 10:18:09.437-05
Nature's MACE,"Nature's MACE Cat Repellent 1 Gallon Spray/Treats 3,000 Sq. Ft. / Keep Cat Out of Your Lawn and Garden/Train Your Cat to Stay Out of Bushes/Safe to use Around Children & Plants",2.0,2019-10-11 11:26:41.123-04
Avon,"Avon SKIN-SO-SOFT Bug Guard PLUS IR3535® Insect Repellent Moisturizing Lotion - SPF 30 Gentle Breeze, 4 oz",5.0,2019-08-12 11:29:29.503-04
eHouse,AC12g Ultrasonic Pest Repeller - Electronic Plug in Best Repellent - Pest Control - Get Rid of - Rodents Squirrels Rats Mice Insects - Roaches Spiders Mosquitos Fleas Fruit Fly Bed Bugs Flies Ants!,2.0,2020-08-26 21:51:56.805-04
Avon,"Avon SKIN-SO-SOFT Bug Guard PLUS IR3535® Insect Repellent Moisturizing Lotion - SPF 30 Gentle Breeze, 4 oz",5.0,2015-02-10 03:53:56-05
Avon,"Avon SKIN-SO-SOFT Bug Guard PLUS IR3535® Insect Repellent Moisturizing Lotion - SPF 30 Gentle Breeze, 4 oz",4.0,2013-07-01 08:44:25-04
Avon,"Avon SKIN-SO-SOFT Bug Guard PLUS IR3535® Insect Repellent Moisturizing Lotion - SPF 30 Gentle Breeze, 4 oz",5.0,2014-08-10 14:41:58-04
Avon,"Avon SKIN-SO-SOFT Bug Guard PLUS IR3535® Insect Repellent Moisturizing Lotion - SPF 30 Gentle Breeze, 4 oz",5.0,2013-09-10 23:21:18-04
Zevo,Zevo Wasp Hornet Bee and Yellow Jacket Stinging Insect Killer | Instant Action Aerosol 10Oz. Spray | Multi Insect Killer Repellent | Indoor Outdoor Use | Pet People Friendly Safe,5.0,2020-11-05 05:55:51.037-05
Cutter,"Cutter Natural Fogger Insect Repellent, 3 pk./14 oz.each can",3.0,2017-12-18 06:38:12.764-05
Avon,"Avon SKIN-SO-SOFT Bug Guard PLUS IR3535® Insect Repellent Moisturizing Lotion - SPF 30 Gentle Breeze, 4 oz",4.0,2015-07-15 15:16:14-04
Avon,"Avon SKIN-SO-SOFT Bug Guard PLUS IR3535® Insect Repellent Moisturizing Lotion - SPF 30 Gentle Breeze, 4 oz",2.0,2013-04-16 08:16:15-04
Avon,"Avon SKIN-SO-SOFT Bug Guard PLUS IR3535® Insect Repellent Moisturizing Lotion - SPF 30 Gentle Breeze, 4 oz",5.0,2013-08-06 16:29:42-04
Avon,"Avon SKIN-SO-SOFT Bug Guard PLUS IR3535® Insect Repellent Moisturizing Lotion - SPF 30 Gentle Breeze, 4 oz",5.0,2015-05-29 16:20:09-04
SEALUXE,"SEALUXE Rodent Repellent Packs,Mouse Repellent,Peppermint Oil to Repel Mice, Mice Repellent Peppermint,Natural Rat Repellent,Insect Repellent with Peppermint Oil 4-Pack",3.0,2021-01-02 11:32:52.46-05
Nature's MACE,"Nature's MACE Cat Repellent 1 Gallon Spray/Treats 3,000 Sq. Ft. / Keep Cat Out of Your Lawn and Garden/Train Your Cat to Stay Out of Bushes/Safe to use Around Children & Plants",1.0,2022-10-08 03:02:21.081-04
Avon,"Avon SKIN-SO-SOFT Bug Guard PLUS IR3535® Insect Repellent Moisturizing Lotion - SPF 30 Gentle Breeze, 4 oz",4.0,2012-12-04 10:34:48-05
Avon,"Avon SKIN-SO-SOFT Bug Guard PLUS IR3535® Insect Repellent Moisturizing Lotion - SPF 30 Gentle Breeze, 4 oz",5.0,2015-11-22 13:47:11-05
Nature's MACE,"Nature's MACE Cat Repellent 1 Gallon Spray/Treats 3,000 Sq. Ft. / Keep Cat Out of Your Lawn and Garden/Train Your Cat to Stay Out of Bushes/Safe to use Around Children & Plants",1.0,2022-01-12 17:00:35.733-05
Avon,"Avon SKIN-SO-SOFT Bug Guard PLUS IR3535® Insect Repellent Moisturizing Lotion - SPF 30 Gentle Breeze, 4 oz",5.0,2017-06-20 15:36:15.16-04
Avon,"Avon SKIN-SO-SOFT Bug Guard PLUS IR3535® Insect Repellent Moisturizing Lotion - SPF 30 Gentle Breeze, 4 oz",5.0,2020-07-26 08:24:01.584-04
Avon,"Avon SKIN-SO-SOFT Bug Guard PLUS IR3535® Insect Repellent Moisturizing Lotion - SPF 30 Gentle Breeze, 4 oz",1.0,2015-06-06 13:41:40-04
Avon,"Avon SKIN-SO-SOFT Bug Guard PLUS IR3535® Insect Repellent Moisturizing Lotion - SPF 30 Gentle Breeze, 4 oz",5.0,2016-06-22 16:53:55-04
Natural Armor,Natural Armor Lizard & Gecko Repellent Spray - Powerful Peppermint Formulation Repels All Types of Lizards & Geckos and Works Better Than Ultrasonic Gimmicks – 128 fl oz - Gallon Ready to Use,5.0,2021-11-04 14:01:23.779-04
Avon,"Avon SKIN-SO-SOFT Bug Guard PLUS IR3535® Insect Repellent Moisturizing Lotion - SPF 30 Gentle Breeze, 4 oz",5.0,2014-09-02 16:01:48-04
Nature's MACE,"Nature's MACE Cat Repellent 1 Gallon Spray/Treats 3,000 Sq. Ft. / Keep Cat Out of Your Lawn and Garden/Train Your Cat to Stay Out of Bushes/Safe to use Around Children & Plants",4.0,2023-01-16 19:20:38.558-05
Avon,"Avon SKIN-SO-SOFT Bug Guard PLUS IR3535® Insect Repellent Moisturizing Lotion - SPF 30 Gentle Breeze, 4 oz",5.0,2015-06-30 07:25:36-04
Nature's MACE,"Nature's MACE Cat Repellent 1 Gallon Spray/Treats 3,000 Sq. Ft. / Keep Cat Out of Your Lawn and Garden/Train Your Cat to Stay Out of Bushes/Safe to use Around Children & Plants",5.0,2018-09-06 16:22:36.165-04
Avon,"Avon SKIN-SO-SOFT Bug Guard PLUS IR3535® Insect Repellent Moisturizing Lotion - SPF 30 Gentle Breeze, 4 oz",5.0,2017-06-23 15:40:14.169-04
HONGXIAN,Gopher Repeller Ultrasonic Solar Mole Repellent 4 Pack Solar Mole Repellent & Gopher Repellent Ultrasonic Solar Powered Waterproof for Yard & Garden,5.0,2022-12-04 14:50:38.612-05
Avon,"Avon SKIN-SO-SOFT Bug Guard PLUS IR3535® Insect Repellent Moisturizing Lotion - SPF 30 Gentle Breeze, 4 oz",5.0,2017-08-09 15:12:07.932-04
Grandpa Gus's,"Grandpa Gus's Extra-Strength Mouse Repellent Pouches + Potent Mouse Repellent Spray, Peppermint/Cinnamon Oils Repel Mouse From Home/RV, Boat/Car Storage & Machinery, 4 x 1.76oz Pouches + 1 x 8oz Spray",5.0,2023-01-01 11:19:33.295-05
Nature's MACE,"Nature's MACE Cat Repellent 1 Gallon Spray/Treats 3,000 Sq. Ft. / Keep Cat Out of Your Lawn and Garden/Train Your Cat to Stay Out of Bushes/Safe to use Around Children & Plants",1.0,2020-09-15 22:07:32.168-04
Nature's MACE,"Nature's MACE Cat Repellent 1 Gallon Spray/Treats 3,000 Sq. Ft. / Keep Cat Out of Your Lawn and Garden/Train Your Cat to Stay Out of Bushes/Safe to use Around Children & Plants",5.0,2019-04-14 15:53:49.384-04
Grandpa Gus's,"Grandpa Gus's Extra-Strength Mouse Repellent Pouches + Potent Mouse Repellent Spray, Peppermint/Cinnamon Oils Repel Mouse From Home/RV, Boat/Car Storage & Machinery, 4 x 1.76oz Pouches + 1 x 8oz Spray",5.0,2019-08-16 17:49:52.936-04
Nature's MACE,"Nature's MACE Cat Repellent 1 Gallon Spray/Treats 3,000 Sq. Ft. / Keep Cat Out of Your Lawn and Garden/Train Your Cat to Stay Out of Bushes/Safe to use Around Children & Plants",4.0,2019-02-15 09:48:10.157-05
Avon,"Avon SKIN-SO-SOFT Bug Guard PLUS IR3535® Insect Repellent Moisturizing Lotion - SPF 30 Gentle Breeze, 4 oz",5.0,2020-06-05 20:07:46.709-04
NATURAL OUST,NATURAL OUST Peppermint Oil Spider Repellent Spray - Eco Friendly Indoor Outdoor - Effective Spider Control,5.0,2021-12-07 16:55:19.789-05
Avon,"Avon SKIN-SO-SOFT Bug Guard PLUS IR3535® Insect Repellent Moisturizing Lotion - SPF 30 Gentle Breeze, 4 oz",5.0,2017-01-06 14:09:15-05
JNxcel Salon Products,JNxcel Premium Quality Water Repellent Nylon/Polyester Fabric Hair Salon & Barber Hair Cutting & Shampoo Cape with Snap Closure (Silver Slate) …,5.0,2018-12-14 16:50:15.276-05
Nature's MACE,"Nature's MACE Cat Repellent 1 Gallon Spray/Treats 3,000 Sq. Ft. / Keep Cat Out of Your Lawn and Garden/Train Your Cat to Stay Out of Bushes/Safe to use Around Children & Plants",1.0,2019-05-15 18:33:22.655-04
Avon,"Avon SKIN-SO-SOFT Bug Guard PLUS IR3535® Insect Repellent Moisturizing Lotion - SPF 30 Gentle Breeze, 4 oz",3.0,2016-01-27 16:22:40-05
Avon,"Avon SKIN-SO-SOFT Bug Guard PLUS IR3535® Insect Repellent Moisturizing Lotion - SPF 30 Gentle Breeze, 4 oz",3.0,2017-03-29 19:22:24-04
Avon,"Avon SKIN-SO-SOFT Bug Guard PLUS IR3535® Insect Repellent Moisturizing Lotion - SPF 30 Gentle Breeze, 4 oz",5.0,2021-03-29 17:38:34.458-04
Nature's MACE,"Nature's MACE Cat Repellent 1 Gallon Spray/Treats 3,000 Sq. Ft. / Keep Cat Out of Your Lawn and Garden/Train Your Cat to Stay Out of Bushes/Safe to use Around Children & Plants",3.0,2020-05-19 14:50:13.365-04
Avon,"Avon SKIN-SO-SOFT Bug Guard PLUS IR3535® Insect Repellent Moisturizing Lotion - SPF 30 Gentle Breeze, 4 oz",5.0,2014-11-10 09:12:23-05
Avon,"Avon SKIN-SO-SOFT Bug Guard PLUS IR3535® Insect Repellent Moisturizing Lotion - SPF 30 Gentle Breeze, 4 oz",5.0,2019-08-19 23:30:06.409-04
eHouse,AC12 Ultrasonic Pest Repeller - Electronic Plug in Best Repellent - Pest Control - Get Rid of - Rodents Squirrels Mice Rats Insects - Roaches Spiders Fleas Bed Bugs Flies Ants Mosquitos Fruit Fly!,1.0,2020-07-15 14:59:29.304-04
Nature's MACE,"Nature's MACE Cat Repellent 1 Gallon Spray/Treats 3,000 Sq. Ft. / Keep Cat Out of Your Lawn and Garden/Train Your Cat to Stay Out of Bushes/Safe to use Around Children & Plants",1.0,2021-06-12 15:45:32.871-04
Avon,"Avon SKIN-SO-SOFT Bug Guard PLUS IR3535® Insect Repellent Moisturizing Lotion - SPF 30 Gentle Breeze, 4 oz",1.0,2018-07-20 21:11:21.471-04
Avon,"Avon SKIN-SO-SOFT Bug Guard PLUS IR3535® Insect Repellent Moisturizing Lotion - SPF 30 Gentle Breeze, 4 oz",5.0,2016-08-14 14:38:57-04
Nature's MACE,"Nature's MACE Cat Repellent 1 Gallon Spray/Treats 3,000 Sq. Ft. / Keep Cat Out of Your Lawn and Garden/Train Your Cat to Stay Out of Bushes/Safe to use Around Children & Plants",5.0,2022-06-17 11:31:29.726-04
CHOMP!,"CHOMP! Shower Door Water Repellent: Healthier Home ShowerDoorMagic 6 in 1 Hard Water Stain Preventer for Glass, Fiberglass, Tile & More- Spot, Soap Scum, Calcium & Limescale Prevention 32 oz.",1.0,2021-12-04 18:22:39.392-05
Avon,"Avon SKIN-SO-SOFT Bug Guard PLUS IR3535® Insect Repellent Moisturizing Lotion - SPF 30 Gentle Breeze, 4 oz",4.0,2013-09-21 00:28:35-04
Nature's MACE,"Nature's MACE Cat Repellent 1 Gallon Spray/Treats 3,000 Sq. Ft. / Keep Cat Out of Your Lawn and Garden/Train Your Cat to Stay Out of Bushes/Safe to use Around Children & Plants",5.0,2018-04-11 14:41:36.391-04
Nature's MACE,"Nature's MACE Cat Repellent 1 Gallon Spray/Treats 3,000 Sq. Ft. / Keep Cat Out of Your Lawn and Garden/Train Your Cat to Stay Out of Bushes/Safe to use Around Children & Plants",1.0,2018-04-25 11:09:04.131-04
Avon,"Avon SKIN-SO-SOFT Bug Guard PLUS IR3535® Insect Repellent Moisturizing Lotion - SPF 30 Gentle Breeze, 4 oz",2.0,2015-08-13 10:48:06-04
Avon,"Avon SKIN-SO-SOFT Bug Guard PLUS IR3535® Insect Repellent Moisturizing Lotion - SPF 30 Gentle Breeze, 4 oz",5.0,2016-06-15 11:14:04-04
Avon,"Avon SKIN-SO-SOFT Bug Guard PLUS IR3535® Insect Repellent Moisturizing Lotion - SPF 30 Gentle Breeze, 4 oz",5.0,2013-03-13 20:50:00-04
DeerScram,Epic 02118 Wild Hog Repellent Granular Bucket - 10-Lbs,1.0,2022-10-07 18:39:48.372-04
eHouse,AC12 Ultrasonic Pest Repeller - Electronic Plug in Best Repellent - Pest Control - Get Rid of - Rodents Squirrels Mice Rats Insects - Roaches Spiders Fleas Bed Bugs Flies Ants Mosquitos Fruit Fly!,5.0,2020-07-01 06:20:41.044-04
Nature's MACE,"Nature's MACE Cat Repellent 1 Gallon Spray/Treats 3,000 Sq. Ft. / Keep Cat Out of Your Lawn and Garden/Train Your Cat to Stay Out of Bushes/Safe to use Around Children & Plants",2.0,2018-03-03 14:35:31.302-05
RepelWell,"RepelWell Multi-Protect Stain & Water Repellent (24oz) Eco-Friendly, Pet-Safe Spray for Upholstery, Leather, Footwear & More",5.0,2022-10-04 14:08:28.514-04
JNxcel Salon Products,"JNxcel Premium Quality Black Water Repellent & Stain Resistant All-Purpose Nylon/Polyester Fabric Hair Salon & Barber Hair Cutting, Shampoo & Chemical Cape with Snap Closure …",5.0,2020-01-25 10:58:54.98-05
Avon,"Avon SKIN-SO-SOFT Bug Guard PLUS IR3535® Insect Repellent Moisturizing Lotion - SPF 30 Gentle Breeze, 4 oz",5.0,2016-07-11 18:16:25-04
Avon,"Avon SKIN-SO-SOFT Bug Guard PLUS IR3535® Insect Repellent Moisturizing Lotion - SPF 30 Gentle Breeze, 4 oz",4.0,2016-09-18 18:27:54-04
Avon,"Avon SKIN-SO-SOFT Bug Guard PLUS IR3535® Insect Repellent Moisturizing Lotion - SPF 30 Gentle Breeze, 4 oz",5.0,2019-07-16 15:00:47.06-04
Avon,"Avon SKIN-SO-SOFT Bug Guard PLUS IR3535® Insect Repellent Moisturizing Lotion - SPF 30 Gentle Breeze, 4 oz",3.0,2021-08-17 09:36:49.103-04
Avon,"Avon SKIN-SO-SOFT Bug Guard PLUS IR3535® Insect Repellent Moisturizing Lotion - SPF 30 Gentle Breeze, 4 oz",1.0,2018-01-18 18:19:45.987-05
Avon,"Avon SKIN-SO-SOFT Bug Guard PLUS IR3535® Insect Repellent Moisturizing Lotion - SPF 30 Gentle Breeze, 4 oz",5.0,2017-07-29 11:27:27.122-04
Avon,"Avon SKIN-SO-SOFT Bug Guard PLUS IR3535® Insect Repellent Moisturizing Lotion - SPF 30 Gentle Breeze, 4 oz",5.0,2017-08-10 09:53:31.752-04
Nature's MACE,"Nature's MACE Cat Repellent 1 Gallon Spray/Treats 3,000 Sq. Ft. / Keep Cat Out of Your Lawn and Garden/Train Your Cat to Stay Out of Bushes/Safe to use Around Children & Plants",4.0,2019-08-25 12:57:38.964-04
Avon,"Avon SKIN-SO-SOFT Bug Guard PLUS IR3535® Insect Repellent Moisturizing Lotion - SPF 30 Gentle Breeze, 4 oz",5.0,2016-01-19 13:32:35-05
Cutter,"Cutter Natural Fogger Insect Repellent, 3 pk./14 oz.each can",5.0,2018-11-05 10:41:52.579-05
Nature's MACE,"Nature's MACE Cat Repellent 1 Gallon Spray/Treats 3,000 Sq. Ft. / Keep Cat Out of Your Lawn and Garden/Train Your Cat to Stay Out of Bushes/Safe to use Around Children & Plants",5.0,2018-03-30 20:10:32.587-04
Nature's MACE,"Nature's MACE Cat Repellent 1 Gallon Spray/Treats 3,000 Sq. Ft. / Keep Cat Out of Your Lawn and Garden/Train Your Cat to Stay Out of Bushes/Safe to use Around Children & Plants",5.0,2021-04-07 13:04:37.792-04
Avon,"Avon SKIN-SO-SOFT Bug Guard PLUS IR3535® Insect Repellent Moisturizing Lotion - SPF 30 Gentle Breeze, 4 oz",5.0,2017-11-21 16:24:50.176-05
Tender Ben's,Ben's 30% DEET Tick & Insect Repellent Wipes - 2 Pack,5.0,2014-06-10 17:44:49-04
Nature's MACE,"Nature's MACE Cat Repellent 1 Gallon Spray/Treats 3,000 Sq. Ft. / Keep Cat Out of Your Lawn and Garden/Train Your Cat to Stay Out of Bushes/Safe to use Around Children & Plants",5.0,2023-01-29 23:51:42.577-05
Avon,"Avon SKIN-SO-SOFT Bug Guard PLUS IR3535® Insect Repellent Moisturizing Lotion - SPF 30 Gentle Breeze, 4 oz",3.0,2016-12-25 10:14:27-05
Nature's MACE,"Nature's MACE Cat Repellent 1 Gallon Spray/Treats 3,000 Sq. Ft. / Keep Cat Out of Your Lawn and Garden/Train Your Cat to Stay Out of Bushes/Safe to use Around Children & Plants",4.0,2018-11-15 07:02:58.301-05
Avon,"Avon SKIN-SO-SOFT Bug Guard PLUS IR3535® Insect Repellent Moisturizing Lotion - SPF 30 Gentle Breeze, 4 oz",1.0,2016-08-12 00:49:37-04
Avon,"Avon SKIN-SO-SOFT Bug Guard PLUS IR3535® Insect Repellent Moisturizing Lotion - SPF 30 Gentle Breeze, 4 oz",5.0,2016-02-28 19:19:23-05
Avon,"Avon SKIN-SO-SOFT Bug Guard PLUS IR3535® Insect Repellent Moisturizing Lotion - SPF 30 Gentle Breeze, 4 oz",5.0,2016-08-15 15:16:22-04
Avon,"Avon SKIN-SO-SOFT Bug Guard PLUS IR3535® Insect Repellent Moisturizing Lotion - SPF 30 Gentle Breeze, 4 oz",5.0,2020-05-09 03:22:26.339-04
Tender Ben's,Ben's 30% DEET Tick & Insect Repellent Wipes - 2 Pack,4.0,2019-11-20 10:37:44.279-05
Grandpa Gus's,"Grandpa Gus's Extra-Strength Mouse Repellent Pouches + Potent Mouse Repellent Spray, Peppermint/Cinnamon Oils Repel Mouse From Home/RV, Boat/Car Storage & Machinery, 4 x 1.76oz Pouches + 1 x 8oz Spray",3.0,2020-10-20 15:07:55.05-04
MouseBlocker,"MouseBlocker 1000x Powerful Plug-in Ultrasonic Mouse and Rodent Deterrent for Buildings, Garages, Attics and More. Works with All Rodents. Ultrasonic Rodent Repeller",5.0,2022-10-28 11:47:56.863-04
Whemoalus,"Whemoalus Squirrel Repellent Outdoor,4-Pack Natural Squirrel Repellent for Attic,Cars,Squirrel Deterrent for Garden,Squirrel Repellent for Plants,Mint Squirrel Repellent Indoor Safe Around Kid & Pets",1.0,2022-06-14 18:05:16.256-04
Nature's MACE,"Nature's MACE Cat Repellent 1 Gallon Spray/Treats 3,000 Sq. Ft. / Keep Cat Out of Your Lawn and Garden/Train Your Cat to Stay Out of Bushes/Safe to use Around Children & Plants",5.0,2021-03-12 23:11:33.943-05
Avon,"Avon SKIN-SO-SOFT Bug Guard PLUS IR3535® Insect Repellent Moisturizing Lotion - SPF 30 Gentle Breeze, 4 oz",5.0,2013-06-15 06:36:31-04
Nature's MACE,"Nature's MACE Cat Repellent 1 Gallon Spray/Treats 3,000 Sq. Ft. / Keep Cat Out of Your Lawn and Garden/Train Your Cat to Stay Out of Bushes/Safe to use Around Children & Plants",2.0,2022-12-16 16:31:31.649-05
Avon,"Avon SKIN-SO-SOFT Bug Guard PLUS IR3535® Insect Repellent Moisturizing Lotion - SPF 30 Gentle Breeze, 4 oz",3.0,2018-06-28 14:14:38.11-04
Sally's Organics,"10ml Organic Peppermint Essential Oil - Pure Therapeutic Grade - Works Best for Aromatherapy, Natural Soap, Shampoo, Hair, Lotion, Bath Melts, Body, Mice Repellent, and Air Freshener (Spray)",5.0,2017-12-18 09:30:03.946-05
Nature's MACE,"Nature's MACE Cat Repellent 1 Gallon Spray/Treats 3,000 Sq. Ft. / Keep Cat Out of Your Lawn and Garden/Train Your Cat to Stay Out of Bushes/Safe to use Around Children & Plants",1.0,2021-12-21 10:55:49.638-05
Foundation Armor,5 GAL Armor SC25 Penetrating Concrete Sealer and Water Repellent Salt Guard,5.0,2020-05-02 12:36:41.218-04
Avon,"Avon SKIN-SO-SOFT Bug Guard PLUS IR3535® Insect Repellent Moisturizing Lotion - SPF 30 Gentle Breeze, 4 oz",5.0,2017-06-13 21:30:31.27-04
Zevo,Zevo Wasp Hornet Bee and Yellow Jacket Stinging Insect Killer | Instant Action Aerosol 10Oz. Spray | Multi Insect Killer Repellent | Indoor Outdoor Use | Pet People Friendly Safe,1.0,2021-07-20 05:47:16.946-04
Avon,"Avon SKIN-SO-SOFT Bug Guard PLUS IR3535® Insect Repellent Moisturizing Lotion - SPF 30 Gentle Breeze, 4 oz",5.0,2019-07-04 08:53:59.995-04
Nature's MACE,"Nature's MACE Cat Repellent 1 Gallon Spray/Treats 3,000 Sq. Ft. / Keep Cat Out of Your Lawn and Garden/Train Your Cat to Stay Out of Bushes/Safe to use Around Children & Plants",3.0,2021-03-10 11:49:02.745-05
Avon,"Avon SKIN-SO-SOFT Bug Guard PLUS IR3535® Insect Repellent Moisturizing Lotion - SPF 30 Gentle Breeze, 4 oz",5.0,2019-05-13 22:38:51.45-04
Nature's MACE,"Nature's MACE Cat Repellent 1 Gallon Spray/Treats 3,000 Sq. Ft. / Keep Cat Out of Your Lawn and Garden/Train Your Cat to Stay Out of Bushes/Safe to use Around Children & Plants",1.0,2022-12-26 19:52:56.427-05
Nature's MACE,"Nature's MACE Cat Repellent 1 Gallon Spray/Treats 3,000 Sq. Ft. / Keep Cat Out of Your Lawn and Garden/Train Your Cat to Stay Out of Bushes/Safe to use Around Children & Plants",2.0,2019-02-11 23:06:04.131-05
Nature's MACE,"Nature's MACE Cat Repellent 1 Gallon Spray/Treats 3,000 Sq. Ft. / Keep Cat Out of Your Lawn and Garden/Train Your Cat to Stay Out of Bushes/Safe to use Around Children & Plants",5.0,2019-07-09 13:41:13.924-04
THUMB THUMB NO THUMB! NATURAL & SAFE FOR KIDS,Thumb Thumb NO THUMB natural dentist approved thumb sucking deterrent for kids,1.0,2021-05-01 22:53:22.576-04
Avon,"Avon SKIN-SO-SOFT Bug Guard PLUS IR3535® Insect Repellent Moisturizing Lotion - SPF 30 Gentle Breeze, 4 oz",5.0,2013-06-20 08:32:37-04
Grandpa Gus's,"Grandpa Gus's Extra-Strength Mouse Repellent Pouches + Potent Mouse Repellent Spray, Peppermint/Cinnamon Oils Repel Mouse From Home/RV, Boat/Car Storage & Machinery, 4 x 1.76oz Pouches + 1 x 8oz Spray",1.0,2022-07-18 12:30:02.631-04
Avon,"Avon SKIN-SO-SOFT Bug Guard PLUS IR3535® Insect Repellent Moisturizing Lotion - SPF 30 Gentle Breeze, 4 oz",5.0,2019-11-13 18:18:36.206-05
Nature's MACE,"Nature's MACE Cat Repellent 1 Gallon Spray/Treats 3,000 Sq. Ft. / Keep Cat Out of Your Lawn and Garden/Train Your Cat to Stay Out of Bushes/Safe to use Around Children & Plants",1.0,2021-05-25 23:37:07.528-04
Nature's MACE,"Nature's MACE Cat Repellent 1 Gallon Spray/Treats 3,000 Sq. Ft. / Keep Cat Out of Your Lawn and Garden/Train Your Cat to Stay Out of Bushes/Safe to use Around Children & Plants",1.0,2018-05-17 12:57:14.548-04
Avon,"Avon SKIN-SO-SOFT Bug Guard PLUS IR3535® Insect Repellent Moisturizing Lotion - SPF 30 Gentle Breeze, 4 oz",5.0,2021-06-01 19:15:55.186-04
Avon,"Avon SKIN-SO-SOFT Bug Guard PLUS IR3535® Insect Repellent Moisturizing Lotion - SPF 30 Gentle Breeze, 4 oz",2.0,2021-10-24 14:31:45.867-04
Stay Away,"Stay Away Ants & Cockroaches Deterrent Pest Control Scent Pouches - All Natural, Environmentally Friendly, No Mess (4-Pack New Version)",2.0,2023-06-08 16:47:28.054-04
Grandpa Gus's,"Grandpa Gus's Extra-Strength Mouse Repellent Pouches + Potent Mouse Repellent Spray, Peppermint/Cinnamon Oils Repel Mouse From Home/RV, Boat/Car Storage & Machinery, 4 x 1.76oz Pouches + 1 x 8oz Spray",1.0,2022-10-31 18:58:53.607-04
CHOMP!,"CHOMP! Shower Door Water Repellent: Healthier Home ShowerDoorMagic 6 in 1 Hard Water Stain Preventer for Glass, Fiberglass, Tile & More- Spot, Soap Scum, Calcium & Limescale Prevention 32 oz.",1.0,2023-03-17 13:02:53.246-04
eHouse,AC12 Ultrasonic Pest Repeller - Electronic Plug in Best Repellent - Pest Control - Get Rid of - Rodents Squirrels Mice Rats Insects - Roaches Spiders Fleas Bed Bugs Flies Ants Mosquitos Fruit Fly!,5.0,2020-07-26 15:58:26.355-04
SEALUXE,"SEALUXE Rodent Repellent Packs,Mouse Repellent,Peppermint Oil to Repel Mice, Mice Repellent Peppermint,Natural Rat Repellent,Insect Repellent with Peppermint Oil 4-Pack",1.0,2021-08-31 01:59:36.133-04
Natural Armor,Natural Armor Lizard & Gecko Repellent Spray - Powerful Peppermint Formulation Repels All Types of Lizards & Geckos and Works Better Than Ultrasonic Gimmicks – 128 fl oz - Gallon Ready to Use,1.0,2021-06-27 17:41:00.337-04
Natural Armor,Natural Armor Lizard & Gecko Repellent Spray - Powerful Peppermint Formulation Repels All Types of Lizards & Geckos and Works Better Than Ultrasonic Gimmicks – 128 fl oz - Gallon Ready to Use,1.0,2021-10-09 16:59:45.911-04
Natural Armor,Natural Armor Lizard & Gecko Repellent Spray - Powerful Peppermint Formulation Repels All Types of Lizards & Geckos and Works Better Than Ultrasonic Gimmicks – 128 fl oz - Gallon Ready to Use,1.0,2022-08-06 15:19:09.334-04
Avon,"Avon SKIN-SO-SOFT Bug Guard PLUS IR3535® Insect Repellent Moisturizing Lotion - SPF 30 Gentle Breeze, 4 oz",4.0,2015-08-04 01:07:55-04
Avon,"Avon SKIN-SO-SOFT Bug Guard PLUS IR3535® Insect Repellent Moisturizing Lotion - SPF 30 Gentle Breeze, 4 oz",5.0,2019-07-07 15:50:41.928-04
Avon,"Avon SKIN-SO-SOFT Bug Guard PLUS IR3535® Insect Repellent Moisturizing Lotion - SPF 30 Gentle Breeze, 4 oz",1.0,2017-08-21 06:57:32.398-04
Avon,"Avon SKIN-SO-SOFT Bug Guard PLUS IR3535® Insect Repellent Moisturizing Lotion - SPF 30 Gentle Breeze, 4 oz",5.0,2018-09-12 21:08:04.031-04
Avon,"Avon SKIN-SO-SOFT Bug Guard PLUS IR3535® Insect Repellent Moisturizing Lotion - SPF 30 Gentle Breeze, 4 oz",3.0,2017-07-19 09:28:42.667-04
Natural Armor,Natural Armor Lizard & Gecko Repellent Spray - Powerful Peppermint Formulation Repels All Types of Lizards & Geckos and Works Better Than Ultrasonic Gimmicks – 128 fl oz - Gallon Ready to Use,5.0,2022-09-06 16:55:05.934-04
Solere,"Solar powered Mole repellent, ultrasonic Pest repellers. Sonic Gopher repeller outdoor Vole, Chipmunk, Snake repeller, Garden repeller, Pet safe. 4pcs",5.0,2021-06-13 10:33:10.379-04
Avon,"Avon SKIN-SO-SOFT Bug Guard PLUS IR3535® Insect Repellent Moisturizing Lotion - SPF 30 Gentle Breeze, 4 oz",5.0,2015-09-18 15:42:48-04
Natural Armor,Natural Armor Lizard & Gecko Repellent Spray - Powerful Peppermint Formulation Repels All Types of Lizards & Geckos and Works Better Than Ultrasonic Gimmicks – 128 fl oz - Gallon Ready to Use,1.0,2021-05-17 04:31:51.645-04
Avon,"Avon SKIN-SO-SOFT Bug Guard PLUS IR3535® Insect Repellent Moisturizing Lotion - SPF 30 Gentle Breeze, 4 oz",5.0,2016-08-07 14:23:50-04
Avon,"Avon SKIN-SO-SOFT Bug Guard PLUS IR3535® Insect Repellent Moisturizing Lotion - SPF 30 Gentle Breeze, 4 oz",5.0,2016-10-02 14:09:31-04
NATURAL OUST,NATURAL OUST Peppermint Oil Spider Repellent Spray - Eco Friendly Indoor Outdoor - Effective Spider Control,2.0,2021-08-19 21:08:08.462-04
Grandpa Gus's,"Grandpa Gus's Extra-Strength Mouse Repellent Pouches + Potent Mouse Repellent Spray, Peppermint/Cinnamon Oils Repel Mouse From Home/RV, Boat/Car Storage & Machinery, 4 x 1.76oz Pouches + 1 x 8oz Spray",5.0,2021-09-06 13:26:00.201-04
Avon,"Avon SKIN-SO-SOFT Bug Guard PLUS IR3535® Insect Repellent Moisturizing Lotion - SPF 30 Gentle Breeze, 4 oz",5.0,2016-10-29 12:42:08-04
Avon,"Avon SKIN-SO-SOFT Bug Guard PLUS IR3535® Insect Repellent Moisturizing Lotion - SPF 30 Gentle Breeze, 4 oz",3.0,2019-09-17 16:02:04.911-04
Tysonir,"Tysonir Mole Repellent,Mole Repellent Solar Powered Groundhog Repeller ,Gopher Repellent Ultrasonic,Get Rid of Mole Gophers Voles for Outdoor Garden Yard 2Pack",4.0,2022-05-15 07:10:00.19-04
Avon,"Avon SKIN-SO-SOFT Bug Guard PLUS IR3535® Insect Repellent Moisturizing Lotion - SPF 30 Gentle Breeze, 4 oz",5.0,2016-05-19 13:49:22-04
Natural Armor,Natural Armor Lizard & Gecko Repellent Spray - Powerful Peppermint Formulation Repels All Types of Lizards & Geckos and Works Better Than Ultrasonic Gimmicks – 128 fl oz - Gallon Ready to Use,1.0,2022-08-17 10:47:13.773-04
Avon,"Avon SKIN-SO-SOFT Bug Guard PLUS IR3535® Insect Repellent Moisturizing Lotion - SPF 30 Gentle Breeze, 4 oz",5.0,2015-06-23 16:15:29-04
Avon,"Avon SKIN-SO-SOFT Bug Guard PLUS IR3535® Insect Repellent Moisturizing Lotion - SPF 30 Gentle Breeze, 4 oz",5.0,2017-04-28 16:38:47-04
Avon,"Avon SKIN-SO-SOFT Bug Guard PLUS IR3535® Insect Repellent Moisturizing Lotion - SPF 30 Gentle Breeze, 4 oz",5.0,2014-07-29 15:32:52-04
Avon,"Avon SKIN-SO-SOFT Bug Guard PLUS IR3535® Insect Repellent Moisturizing Lotion - SPF 30 Gentle Breeze, 4 oz",5.0,2016-07-22 13:33:00-04
MasonrySaver,MasonrySaver All-Purpose Heavy Duty Water Repellent 5gal,5.0,2020-09-24 14:19:18.63-04
Avon,"Avon SKIN-SO-SOFT Bug Guard PLUS IR3535® Insect Repellent Moisturizing Lotion - SPF 30 Gentle Breeze, 4 oz",5.0,2017-07-30 23:09:32.256-04
Avon,"Avon SKIN-SO-SOFT Bug Guard PLUS IR3535® Insect Repellent Moisturizing Lotion - SPF 30 Gentle Breeze, 4 oz",4.0,2015-08-04 22:21:54-04
Nature's MACE,"Nature's MACE Cat Repellent 1 Gallon Spray/Treats 3,000 Sq. Ft. / Keep Cat Out of Your Lawn and Garden/Train Your Cat to Stay Out of Bushes/Safe to use Around Children & Plants",3.0,2023-04-14 21:15:10.004-04
Avon,"Avon SKIN-SO-SOFT Bug Guard PLUS IR3535® Insect Repellent Moisturizing Lotion - SPF 30 Gentle Breeze, 4 oz",4.0,2014-08-14 09:34:28-04
Avon,"Avon SKIN-SO-SOFT Bug Guard PLUS IR3535® Insect Repellent Moisturizing Lotion - SPF 30 Gentle Breeze, 4 oz",5.0,2020-01-31 17:00:03.684-05
Avon,"Avon SKIN-SO-SOFT Bug Guard PLUS IR3535® Insect Repellent Moisturizing Lotion - SPF 30 Gentle Breeze, 4 oz",5.0,2020-03-08 10:14:28.254-04
Avon,"Avon SKIN-SO-SOFT Bug Guard PLUS IR3535® Insect Repellent Moisturizing Lotion - SPF 30 Gentle Breeze, 4 oz",5.0,2017-09-18 01:56:23.951-04
Avon,"Avon SKIN-SO-SOFT Bug Guard PLUS IR3535® Insect Repellent Moisturizing Lotion - SPF 30 Gentle Breeze, 4 oz",5.0,2015-06-22 09:02:31-04
Avon,"Avon SKIN-SO-SOFT Bug Guard PLUS IR3535® Insect Repellent Moisturizing Lotion - SPF 30 Gentle Breeze, 4 oz",5.0,2016-12-31 13:54:58-05
Avon,"Avon SKIN-SO-SOFT Bug Guard PLUS IR3535® Insect Repellent Moisturizing Lotion - SPF 30 Gentle Breeze, 4 oz",2.0,2017-10-17 22:51:29.74-04
Grandpa Gus's,"Grandpa Gus's Extra-Strength Mouse Repellent Pouches + Potent Mouse Repellent Spray, Peppermint/Cinnamon Oils Repel Mouse From Home/RV, Boat/Car Storage & Machinery, 4 x 1.76oz Pouches + 1 x 8oz Spray",5.0,2022-10-22 09:49:47.177-04
Avon,"Avon SKIN-SO-SOFT Bug Guard PLUS IR3535® Insect Repellent Moisturizing Lotion - SPF 30 Gentle Breeze, 4 oz",5.0,2011-08-28 11:36:13-04
Avon,"Avon SKIN-SO-SOFT Bug Guard PLUS IR3535® Insect Repellent Moisturizing Lotion - SPF 30 Gentle Breeze, 4 oz",5.0,2019-07-12 19:08:03.656-04
Avon,"Avon SKIN-SO-SOFT Bug Guard PLUS IR3535® Insect Repellent Moisturizing Lotion - SPF 30 Gentle Breeze, 4 oz",5.0,2019-08-04 19:19:20.055-04
Grandpa Gus's,"Grandpa Gus's Extra-Strength Mouse Repellent Pouches + Potent Mouse Repellent Spray, Peppermint/Cinnamon Oils Repel Mouse From Home/RV, Boat/Car Storage & Machinery, 4 x 1.76oz Pouches + 1 x 8oz Spray",5.0,2022-11-22 14:07:39.875-05
Avon,"Avon SKIN-SO-SOFT Bug Guard PLUS IR3535® Insect Repellent Moisturizing Lotion - SPF 30 Gentle Breeze, 4 oz",1.0,2020-08-20 16:03:27.146-04
Avon,"Avon SKIN-SO-SOFT Bug Guard PLUS IR3535® Insect Repellent Moisturizing Lotion - SPF 30 Gentle Breeze, 4 oz",5.0,2016-05-16 17:07:12-04
Natural Armor,Natural Armor Lizard & Gecko Repellent Spray - Powerful Peppermint Formulation Repels All Types of Lizards & Geckos and Works Better Than Ultrasonic Gimmicks – 128 fl oz - Gallon Ready to Use,1.0,2022-06-07 15:56:03.861-04
Avon,"Avon SKIN-SO-SOFT Bug Guard PLUS IR3535® Insect Repellent Moisturizing Lotion - SPF 30 Gentle Breeze, 4 oz",5.0,2015-06-23 16:26:00-04
Avon,"Avon SKIN-SO-SOFT Bug Guard PLUS IR3535® Insect Repellent Moisturizing Lotion - SPF 30 Gentle Breeze, 4 oz",5.0,2019-07-24 14:16:56.893-04
Ezoon,"Bird Spikes, 20 Pack Bird Deterrent Spikes for Small Birds Pigeons and Squirrel, Plastic Pigeon Spikes for Outside Roof Railing and Fence",1.0,2022-05-26 12:45:29.349-04
Avon,"Avon SKIN-SO-SOFT Bug Guard PLUS IR3535® Insect Repellent Moisturizing Lotion - SPF 30 Gentle Breeze, 4 oz",3.0,2015-09-29 13:35:11-04
Avon,"Avon SKIN-SO-SOFT Bug Guard PLUS IR3535® Insect Repellent Moisturizing Lotion - SPF 30 Gentle Breeze, 4 oz",5.0,2013-08-03 21:55:37-04
Avon,"Avon SKIN-SO-SOFT Bug Guard PLUS IR3535® Insect Repellent Moisturizing Lotion - SPF 30 Gentle Breeze, 4 oz",5.0,2016-03-30 22:12:32-04
Avon,"Avon SKIN-SO-SOFT Bug Guard PLUS IR3535® Insect Repellent Moisturizing Lotion - SPF 30 Gentle Breeze, 4 oz",1.0,2022-06-27 07:32:59.532-04
Avon,"Avon SKIN-SO-SOFT Bug Guard PLUS IR3535® Insect Repellent Moisturizing Lotion - SPF 30 Gentle Breeze, 4 oz",3.0,2017-10-11 06:32:19.719-04
Avon,"Avon SKIN-SO-SOFT Bug Guard PLUS IR3535® Insect Repellent Moisturizing Lotion - SPF 30 Gentle Breeze, 4 oz",5.0,2014-08-02 11:42:07-04
Avon,"Avon SKIN-SO-SOFT Bug Guard PLUS IR3535® Insect Repellent Moisturizing Lotion - SPF 30 Gentle Breeze, 4 oz",4.0,2016-11-30 17:00:49-05
Grandpa Gus's,"Grandpa Gus's Extra-Strength Mouse Repellent Pouches + Potent Mouse Repellent Spray, Peppermint/Cinnamon Oils Repel Mouse From Home/RV, Boat/Car Storage & Machinery, 4 x 1.76oz Pouches + 1 x 8oz Spray",5.0,2022-12-21 20:20:46.275-05
Avon,"Avon SKIN-SO-SOFT Bug Guard PLUS IR3535® Insect Repellent Moisturizing Lotion - SPF 30 Gentle Breeze, 4 oz",5.0,2017-04-28 15:52:34-04
Avon,"Avon SKIN-SO-SOFT Bug Guard PLUS IR3535® Insect Repellent Moisturizing Lotion - SPF 30 Gentle Breeze, 4 oz",4.0,2014-07-20 09:32:51-04
Avon,"Avon SKIN-SO-SOFT Bug Guard PLUS IR3535® Insect Repellent Moisturizing Lotion - SPF 30 Gentle Breeze, 4 oz",5.0,2017-01-22 20:51:55-05
Avon,"Avon SKIN-SO-SOFT Bug Guard PLUS IR3535® Insect Repellent Moisturizing Lotion - SPF 30 Gentle Breeze, 4 oz",5.0,2019-09-05 19:13:33.535-04
Avon,"Avon SKIN-SO-SOFT Bug Guard PLUS IR3535® Insect Repellent Moisturizing Lotion - SPF 30 Gentle Breeze, 4 oz",3.0,2017-08-04 12:00:59.943-04
Avon,"Avon SKIN-SO-SOFT Bug Guard PLUS IR3535® Insect Repellent Moisturizing Lotion - SPF 30 Gentle Breeze, 4 oz",5.0,2021-07-18 20:13:21.251-04
Avon,"Avon SKIN-SO-SOFT Bug Guard PLUS IR3535® Insect Repellent Moisturizing Lotion - SPF 30 Gentle Breeze, 4 oz",1.0,2021-10-24 18:25:13.672-04
Avon,"Avon SKIN-SO-SOFT Bug Guard PLUS IR3535® Insect Repellent Moisturizing Lotion - SPF 30 Gentle Breeze, 4 oz",4.0,2022-10-07 13:53:55.512-04
Avon,"Avon SKIN-SO-SOFT Bug Guard PLUS IR3535® Insect Repellent Moisturizing Lotion - SPF 30 Gentle Breeze, 4 oz",4.0,2018-05-30 08:19:37.24-04
Green Goo,"Green Goo Bugs Be Gone, All-Natural Essential Oil Tick, Fly & Insect Repellent, Safe to Spray On Skin, 4.5 Oz",5.0,2016-12-25 22:50:38-05
BuggyBands,"6 Pack Mosquito Repellent Bracelets, Natural and Waterproof Wrist Bands for Adults, Kids, Pets - [Individually Wrapped], Travel Protection Outdoor – Indoor",2.0,2020-08-18 18:13:59.426-04
Sally's Organics,"10ml Organic Peppermint Essential Oil - Pure Therapeutic Grade - Works Best for Aromatherapy, Natural Soap, Shampoo, Hair, Lotion, Bath Melts, Body, Mice Repellent, and Air Freshener (Spray)",5.0,2017-11-15 14:32:58.372-05
SEALUXE,"SEALUXE Rodent Repellent Packs,Mouse Repellent,Peppermint Oil to Repel Mice, Mice Repellent Peppermint,Natural Rat Repellent,Insect Repellent with Peppermint Oil 6-Pack",3.0,2021-02-11 14:49:08.88-05
Avon,"Avon SKIN-SO-SOFT Bug Guard PLUS IR3535® Insect Repellent Moisturizing Lotion - SPF 30 Gentle Breeze, 4 oz",5.0,2015-05-21 13:44:42-04
Avon,"Avon SKIN-SO-SOFT Bug Guard PLUS IR3535® Insect Repellent Moisturizing Lotion - SPF 30 Gentle Breeze, 4 oz",5.0,2014-12-05 18:16:20-05
Avon,"Avon SKIN-SO-SOFT Bug Guard PLUS IR3535® Insect Repellent Moisturizing Lotion - SPF 30 Gentle Breeze, 4 oz",3.0,2019-07-08 15:30:28.104-04
Avon,"Avon SKIN-SO-SOFT Bug Guard PLUS IR3535® Insect Repellent Moisturizing Lotion - SPF 30 Gentle Breeze, 4 oz",5.0,2016-09-07 07:45:41-04
Avon,"Avon SKIN-SO-SOFT Bug Guard PLUS IR3535® Insect Repellent Moisturizing Lotion - SPF 30 Gentle Breeze, 4 oz",4.0,2017-02-01 16:22:13-05
Avon,"Avon SKIN-SO-SOFT Bug Guard PLUS IR3535® Insect Repellent Moisturizing Lotion - SPF 30 Gentle Breeze, 4 oz",5.0,2015-07-04 18:37:01-04
Avon,"Avon SKIN-SO-SOFT Bug Guard PLUS IR3535® Insect Repellent Moisturizing Lotion - SPF 30 Gentle Breeze, 4 oz",5.0,2015-10-31 20:31:28-04
Tender Ben's,Ben's 30% DEET Tick & Insect Repellent Wipes - 2 Pack,5.0,2017-09-15 17:56:25.562-04
Avon,"Avon SKIN-SO-SOFT Bug Guard PLUS IR3535® Insect Repellent Moisturizing Lotion - SPF 30 Gentle Breeze, 4 oz",5.0,2014-10-22 00:27:10-04
Avon,"Avon SKIN-SO-SOFT Bug Guard PLUS IR3535® Insect Repellent Moisturizing Lotion - SPF 30 Gentle Breeze, 4 oz",5.0,2015-09-12 00:32:05-04
Avon,"Avon SKIN-SO-SOFT Bug Guard PLUS IR3535® Insect Repellent Moisturizing Lotion - SPF 30 Gentle Breeze, 4 oz",5.0,2015-10-18 10:49:48-04
Avon,"Avon SKIN-SO-SOFT Bug Guard PLUS IR3535® Insect Repellent Moisturizing Lotion - SPF 30 Gentle Breeze, 4 oz",5.0,2016-02-10 08:50:30-05
Avon,"Avon SKIN-SO-SOFT Bug Guard PLUS IR3535® Insect Repellent Moisturizing Lotion - SPF 30 Gentle Breeze, 4 oz",5.0,2011-11-18 23:25:50-05
Avon,"Avon SKIN-SO-SOFT Bug Guard PLUS IR3535® Insect Repellent Moisturizing Lotion - SPF 30 Gentle Breeze, 4 oz",5.0,2014-10-21 13:56:19-04
Avon,"Avon SKIN-SO-SOFT Bug Guard PLUS IR3535® Insect Repellent Moisturizing Lotion - SPF 30 Gentle Breeze, 4 oz",5.0,2015-08-24 18:09:56-04
Avon,"Avon SKIN-SO-SOFT Bug Guard PLUS IR3535® Insect Repellent Moisturizing Lotion - SPF 30 Gentle Breeze, 4 oz",5.0,2014-12-15 16:37:45-05
Avon,"Avon SKIN-SO-SOFT Bug Guard PLUS IR3535® Insect Repellent Moisturizing Lotion - SPF 30 Gentle Breeze, 4 oz",5.0,2016-11-21 10:34:33-05
Avon,"Avon SKIN-SO-SOFT Bug Guard PLUS IR3535® Insect Repellent Moisturizing Lotion - SPF 30 Gentle Breeze, 4 oz",4.0,2016-01-13 15:05:24-05
Nature's MACE,"Nature's MACE Cat Repellent 1 Gallon Spray/Treats 3,000 Sq. Ft. / Keep Cat Out of Your Lawn and Garden/Train Your Cat to Stay Out of Bushes/Safe to use Around Children & Plants",5.0,2018-07-14 23:28:07.952-04
Avon,"Avon SKIN-SO-SOFT Bug Guard PLUS IR3535® Insect Repellent Moisturizing Lotion - SPF 30 Gentle Breeze, 4 oz",2.0,2020-10-13 23:24:49.569-04
Grandpa Gus's,"Grandpa Gus's Extra-Strength Mouse Repellent Pouches + Potent Mouse Repellent Spray, Peppermint/Cinnamon Oils Repel Mouse From Home/RV, Boat/Car Storage & Machinery, 4 x 1.76oz Pouches + 1 x 8oz Spray",5.0,2021-01-30 14:21:06.597-05
Sally's Organics,"10ml Organic Peppermint Essential Oil - Pure Therapeutic Grade - Works Best for Aromatherapy, Natural Soap, Shampoo, Hair, Lotion, Bath Melts, Body, Mice Repellent, and Air Freshener (Spray)",5.0,2020-06-05 16:57:58.004-04
Natural Armor,Natural Armor Lizard & Gecko Repellent Spray - Powerful Peppermint Formulation Repels All Types of Lizards & Geckos and Works Better Than Ultrasonic Gimmicks – 128 fl oz - Gallon Ready to Use,2.0,2022-09-13 12:19:48.187-04
Spectrum,"Cutter Dry Insect Repellent, 4-Ounce ( Pack of 3 )",4.0,2018-11-11 16:55:05.427-05
Avon,"Avon SKIN-SO-SOFT Bug Guard PLUS IR3535® Insect Repellent Moisturizing Lotion - SPF 30 Gentle Breeze, 4 oz",5.0,2019-06-23 20:45:31.379-04
Avon,"Avon SKIN-SO-SOFT Bug Guard PLUS IR3535® Insect Repellent Moisturizing Lotion - SPF 30 Gentle Breeze, 4 oz",5.0,2016-12-19 21:05:52-05
Grandpa Gus's,"Grandpa Gus's Extra-Strength Mouse Repellent Pouches + Potent Mouse Repellent Spray, Peppermint/Cinnamon Oils Repel Mouse From Home/RV, Boat/Car Storage & Machinery, 4 x 1.76oz Pouches + 1 x 8oz Spray",5.0,2020-10-17 09:13:55.363-04
Green Goo,"Green Goo Bugs Be Gone, All-Natural Essential Oil Tick, Fly & Insect Repellent, Safe to Spray On Skin, 4.5 Oz",5.0,2017-07-31 22:39:23.53-04
Avon,"Avon SKIN-SO-SOFT Bug Guard PLUS IR3535® Insect Repellent Moisturizing Lotion - SPF 30 Gentle Breeze, 4 oz",5.0,2015-09-07 04:04:58-04
Grandpa Gus's,"Grandpa Gus's Extra-Strength Mouse Repellent Pouches + Potent Mouse Repellent Spray, Peppermint/Cinnamon Oils Repel Mouse From Home/RV, Boat/Car Storage & Machinery, 4 x 1.76oz Pouches + 1 x 8oz Spray",4.0,2021-09-30 14:32:47.405-04
Avon,"Avon SKIN-SO-SOFT Bug Guard PLUS IR3535® Insect Repellent Moisturizing Lotion - SPF 30 Gentle Breeze, 4 oz",5.0,2016-08-08 13:50:05-04
eHouse,AC12 Ultrasonic Pest Repeller - Electronic Plug in Best Repellent - Pest Control - Get Rid of - Rodents Squirrels Mice Rats Insects - Roaches Spiders Fleas Bed Bugs Flies Ants Mosquitos Fruit Fly!,4.0,2020-09-17 19:18:15.993-04
Avon,"Avon SKIN-SO-SOFT Bug Guard PLUS IR3535® Insect Repellent Moisturizing Lotion - SPF 30 Gentle Breeze, 4 oz",5.0,2012-12-25 11:27:39-05
eHouse,AC12g Ultrasonic Pest Repeller - Electronic Plug in Best Repellent - Pest Control - Get Rid of - Rodents Squirrels Rats Mice Insects - Roaches Spiders Mosquitos Fleas Fruit Fly Bed Bugs Flies Ants!,5.0,2020-06-28 16:03:04.446-04
Tender Ben's,Ben's 30% DEET Tick & Insect Repellent Wipes - 2 Pack,4.0,2018-05-09 10:56:29.757-04
Zevo,Zevo Wasp Hornet Bee and Yellow Jacket Stinging Insect Killer | Instant Action Aerosol 10Oz. Spray | Multi Insect Killer Repellent | Indoor Outdoor Use | Pet People Friendly Safe,5.0,2019-07-04 12:27:12.861-04
Avon,"Avon SKIN-SO-SOFT Bug Guard PLUS IR3535® Insect Repellent Moisturizing Lotion - SPF 30 Gentle Breeze, 4 oz",1.0,2014-02-18 16:28:27-05
Avon,"Avon SKIN-SO-SOFT Bug Guard PLUS IR3535® Insect Repellent Moisturizing Lotion - SPF 30 Gentle Breeze, 4 oz",5.0,2016-10-07 22:36:39-04
Avon,"Avon SKIN-SO-SOFT Bug Guard PLUS IR3535® Insect Repellent Moisturizing Lotion - SPF 30 Gentle Breeze, 4 oz",3.0,2019-09-02 04:07:41.165-04
eHouse,AC12g Ultrasonic Pest Repeller - Electronic Plug in Best Repellent - Pest Control - Get Rid of - Rodents Squirrels Rats Mice Insects - Roaches Spiders Mosquitos Fleas Fruit Fly Bed Bugs Flies Ants!,3.0,2020-10-01 01:35:53.728-04
Avon,"Avon SKIN-SO-SOFT Bug Guard PLUS IR3535® Insect Repellent Moisturizing Lotion - SPF 30 Gentle Breeze, 4 oz",5.0,2012-10-15 23:17:53-04
CHOMP!,"CHOMP! Shower Door Water Repellent: Healthier Home ShowerDoorMagic 6 in 1 Hard Water Stain Preventer for Glass, Fiberglass, Tile & More- Spot, Soap Scum, Calcium & Limescale Prevention 32 oz.",1.0,2020-07-19 18:28:34.942-04
Natural Armor,Natural Armor Lizard & Gecko Repellent Spray - Powerful Peppermint Formulation Repels All Types of Lizards & Geckos and Works Better Than Ultrasonic Gimmicks – 128 fl oz - Gallon Ready to Use,5.0,2021-11-18 10:46:45.582-05
Avon,"Avon SKIN-SO-SOFT Bug Guard PLUS IR3535® Insect Repellent Moisturizing Lotion - SPF 30 Gentle Breeze, 4 oz",4.0,2018-04-09 09:25:02.483-04
Grandpa Gus's,"Grandpa Gus's Extra-Strength Mouse Repellent Pouches + Potent Mouse Repellent Spray, Peppermint/Cinnamon Oils Repel Mouse From Home/RV, Boat/Car Storage & Machinery, 4 x 1.76oz Pouches + 1 x 8oz Spray",1.0,2019-11-11 19:29:55.199-05
eHouse,AC12g Ultrasonic Pest Repeller - Electronic Plug in Best Repellent - Pest Control - Get Rid of - Rodents Squirrels Rats Mice Insects - Roaches Spiders Mosquitos Fleas Fruit Fly Bed Bugs Flies Ants!,1.0,2020-09-30 09:47:24.397-04
Avon,"Avon SKIN-SO-SOFT Bug Guard PLUS IR3535® Insect Repellent Moisturizing Lotion - SPF 30 Gentle Breeze, 4 oz",5.0,2014-09-11 22:01:42-04
Avon,"Avon SKIN-SO-SOFT Bug Guard PLUS IR3535® Insect Repellent Moisturizing Lotion - SPF 30 Gentle Breeze, 4 oz",5.0,2016-06-06 07:22:22-04
eHouse,AC12g Ultrasonic Pest Repeller - Electronic Plug in Best Repellent - Pest Control - Get Rid of - Rodents Squirrels Rats Mice Insects - Roaches Spiders Mosquitos Fleas Fruit Fly Bed Bugs Flies Ants!,2.0,2020-09-08 00:38:25.84-04
eHouse,AC12g Ultrasonic Pest Repeller - Electronic Plug in Best Repellent - Pest Control - Get Rid of - Rodents Squirrels Rats Mice Insects - Roaches Spiders Mosquitos Fleas Fruit Fly Bed Bugs Flies Ants!,5.0,2020-06-24 11:37:33.481-04
Avon,"Avon SKIN-SO-SOFT Bug Guard PLUS IR3535® Insect Repellent Moisturizing Lotion - SPF 30 Gentle Breeze, 4 oz",5.0,2016-09-07 12:00:41-04
eHouse,AC12g Ultrasonic Pest Repeller - Electronic Plug in Best Repellent - Pest Control - Get Rid of - Rodents Squirrels Rats Mice Insects - Roaches Spiders Mosquitos Fleas Fruit Fly Bed Bugs Flies Ants!,5.0,2021-02-01 13:38:26.977-05
Avon,"Avon SKIN-SO-SOFT Bug Guard PLUS IR3535® Insect Repellent Moisturizing Lotion - SPF 30 Gentle Breeze, 4 oz",5.0,2022-08-31 18:37:43.69-04
Avon,"Avon SKIN-SO-SOFT Bug Guard PLUS IR3535® Insect Repellent Moisturizing Lotion - SPF 30 Gentle Breeze, 4 oz",5.0,2018-08-05 19:22:32.155-04
Avon,"Avon SKIN-SO-SOFT Bug Guard PLUS IR3535® Insect Repellent Moisturizing Lotion - SPF 30 Gentle Breeze, 4 oz",5.0,2017-05-23 09:59:31-04
Avon,"Avon SKIN-SO-SOFT Bug Guard PLUS IR3535® Insect Repellent Moisturizing Lotion - SPF 30 Gentle Breeze, 4 oz",5.0,2016-03-13 23:44:27-04
Avon,"Avon SKIN-SO-SOFT Bug Guard PLUS IR3535® Insect Repellent Moisturizing Lotion - SPF 30 Gentle Breeze, 4 oz",1.0,2017-09-04 14:02:49.132-04
Whemoalus,"Whemoalus Squirrel Repellent Outdoor,4-Pack Natural Squirrel Repellent for Attic,Cars,Squirrel Deterrent for Garden,Squirrel Repellent for Plants,Mint Squirrel Repellent Indoor Safe Around Kid & Pets",1.0,2022-05-30 08:48:04.777-04
Avon,"Avon SKIN-SO-SOFT Bug Guard PLUS IR3535® Insect Repellent Moisturizing Lotion - SPF 30 Gentle Breeze, 4 oz",5.0,2021-06-08 14:51:39.242-04
MouseBlocker,"MouseBlocker 1000x Powerful Plug-in Ultrasonic Mouse and Rodent Deterrent for Buildings, Garages, Attics and More. Works with All Rodents. Ultrasonic Rodent Repeller",1.0,2022-07-02 13:38:01.515-04
Avon,"Avon SKIN-SO-SOFT Bug Guard PLUS IR3535® Insect Repellent Moisturizing Lotion - SPF 30 Gentle Breeze, 4 oz",5.0,2022-03-26 21:34:17.018-04
Avon,"Avon SKIN-SO-SOFT Bug Guard PLUS IR3535® Insect Repellent Moisturizing Lotion - SPF 30 Gentle Breeze, 4 oz",5.0,2016-04-14 10:10:56-04
Avon,"Avon SKIN-SO-SOFT Bug Guard PLUS IR3535® Insect Repellent Moisturizing Lotion - SPF 30 Gentle Breeze, 4 oz",5.0,2015-07-15 15:33:52-04
eHouse,AC12 Ultrasonic Pest Repeller - Electronic Plug in Best Repellent - Pest Control - Get Rid of - Rodents Squirrels Mice Rats Insects - Roaches Spiders Fleas Bed Bugs Flies Ants Mosquitos Fruit Fly!,5.0,2020-09-02 02:26:17.49-04
Natural Armor,Natural Armor Lizard & Gecko Repellent Spray - Powerful Peppermint Formulation Repels All Types of Lizards & Geckos and Works Better Than Ultrasonic Gimmicks – 128 fl oz - Gallon Ready to Use,2.0,2021-06-07 14:54:11.444-04
Avon,"Avon SKIN-SO-SOFT Bug Guard PLUS IR3535® Insect Repellent Moisturizing Lotion - SPF 30 Gentle Breeze, 4 oz",5.0,2015-06-22 18:22:30-04
Avon,"Avon SKIN-SO-SOFT Bug Guard PLUS IR3535® Insect Repellent Moisturizing Lotion - SPF 30 Gentle Breeze, 4 oz",5.0,2022-06-07 07:16:06.304-04
Avon,"Avon SKIN-SO-SOFT Bug Guard PLUS IR3535® Insect Repellent Moisturizing Lotion - SPF 30 Gentle Breeze, 4 oz",5.0,2020-08-22 06:27:47.822-04
Avon,"Avon SKIN-SO-SOFT Bug Guard PLUS IR3535® Insect Repellent Moisturizing Lotion - SPF 30 Gentle Breeze, 4 oz",3.0,2014-01-29 13:43:56-05
Avon,"Avon SKIN-SO-SOFT Bug Guard PLUS IR3535® Insect Repellent Moisturizing Lotion - SPF 30 Gentle Breeze, 4 oz",5.0,2016-07-02 10:54:03-04
eHouse,AC12g Ultrasonic Pest Repeller - Electronic Plug in Best Repellent - Pest Control - Get Rid of - Rodents Squirrels Rats Mice Insects - Roaches Spiders Mosquitos Fleas Fruit Fly Bed Bugs Flies Ants!,5.0,2020-06-20 05:27:42.983-04
SCHOME,"SCHOME Stainless Steel Bird Spikes Kit, 10 Pack (2.4Metre) Perfect Bird Gel Deterrent Easy to Install, Bird Deterrent Fence Spikes, Repels Pigeons, Crows and Seagulls",5.0,2019-10-14 18:16:05.006-04
Grandpa Gus's,"Grandpa Gus's Extra-Strength Mouse Repellent Pouches + Potent Mouse Repellent Spray, Peppermint/Cinnamon Oils Repel Mouse From Home/RV, Boat/Car Storage & Machinery, 4 x 1.76oz Pouches + 1 x 8oz Spray",5.0,2023-02-21 07:44:24.629-05
Green Goo,"Green Goo Bugs Be Gone, All-Natural Essential Oil Tick, Fly & Insect Repellent, Safe to Spray On Skin, 4.5 Oz",5.0,2020-08-16 10:40:36.329-04
Avon,"Avon SKIN-SO-SOFT Bug Guard PLUS IR3535® Insect Repellent Moisturizing Lotion - SPF 30 Gentle Breeze, 4 oz",5.0,2015-06-09 12:44:43-04
Avon,"Avon SKIN-SO-SOFT Bug Guard PLUS IR3535® Insect Repellent Moisturizing Lotion - SPF 30 Gentle Breeze, 4 oz",1.0,2020-10-21 09:45:59.209-04
SCHOME,"SCHOME Stainless Steel Bird Spikes Kit, 10 Pack (2.4Metre) Perfect Bird Gel Deterrent Easy to Install, Bird Deterrent Fence Spikes, Repels Pigeons, Crows and Seagulls",4.0,2019-06-22 19:47:00.393-04
Avon,"Avon SKIN-SO-SOFT Bug Guard PLUS IR3535® Insect Repellent Moisturizing Lotion - SPF 30 Gentle Breeze, 4 oz",5.0,2015-03-26 21:53:21-04
SEALUXE,"SEALUXE Rodent Repellent Packs,Mouse Repellent,Peppermint Oil to Repel Mice, Mice Repellent Peppermint,Natural Rat Repellent,Insect Repellent with Peppermint Oil 4-Pack",1.0,2020-12-29 04:27:47.136-05
Grandpa Gus's,"Grandpa Gus's Extra-Strength Mouse Repellent Pouches + Potent Mouse Repellent Spray, Peppermint/Cinnamon Oils Repel Mouse From Home/RV, Boat/Car Storage & Machinery, 4 x 1.76oz Pouches + 1 x 8oz Spray",5.0,2021-12-13 08:34:22.319-05
Natural Armor,Natural Armor Lizard & Gecko Repellent Spray - Powerful Peppermint Formulation Repels All Types of Lizards & Geckos and Works Better Than Ultrasonic Gimmicks – 128 fl oz - Gallon Ready to Use,5.0,2022-07-09 19:53:04.019-04
Avon,"Avon SKIN-SO-SOFT Bug Guard PLUS IR3535® Insect Repellent Moisturizing Lotion - SPF 30 Gentle Breeze, 4 oz",4.0,2016-12-01 09:33:49-05
Avon,"Avon SKIN-SO-SOFT Bug Guard PLUS IR3535® Insect Repellent Moisturizing Lotion - SPF 30 Gentle Breeze, 4 oz",5.0,2017-06-23 17:21:53.008-04
Grandpa Gus's,"Grandpa Gus's Extra-Strength Mouse Repellent Pouches + Potent Mouse Repellent Spray, Peppermint/Cinnamon Oils Repel Mouse From Home/RV, Boat/Car Storage & Machinery, 4 x 1.76oz Pouches + 1 x 8oz Spray",1.0,2020-07-24 15:30:59.527-04
Beamshot,Beamshot BR100 Bird Repellent Tool,1.0,2020-12-26 18:55:19.856-05
Avon,"Avon SKIN-SO-SOFT Bug Guard PLUS IR3535® Insect Repellent Moisturizing Lotion - SPF 30 Gentle Breeze, 4 oz",3.0,2013-12-01 19:18:51-05
Avon,"Avon SKIN-SO-SOFT Bug Guard PLUS IR3535® Insect Repellent Moisturizing Lotion - SPF 30 Gentle Breeze, 4 oz",5.0,2018-08-08 13:41:21.941-04
Avon,"Avon SKIN-SO-SOFT Bug Guard PLUS IR3535® Insect Repellent Moisturizing Lotion - SPF 30 Gentle Breeze, 4 oz",3.0,2016-01-21 11:25:28-05
Avon,"Avon SKIN-SO-SOFT Bug Guard PLUS IR3535® Insect Repellent Moisturizing Lotion - SPF 30 Gentle Breeze, 4 oz",5.0,2014-07-28 15:14:04-04
Natural Armor,Natural Armor Lizard & Gecko Repellent Spray - Powerful Peppermint Formulation Repels All Types of Lizards & Geckos and Works Better Than Ultrasonic Gimmicks – 128 fl oz - Gallon Ready to Use,5.0,2022-09-26 21:27:49.819-04
JNxcel Salon Products,"JNxcel Premium Quality Black Water Repellent & Stain Resistant All-Purpose Nylon/Polyester Fabric Hair Salon & Barber Hair Cutting, Shampoo & Chemical Cape with Snap Closure …",5.0,2019-02-11 20:18:07.791-05
Avon,"Avon SKIN-SO-SOFT Bug Guard PLUS IR3535® Insect Repellent Moisturizing Lotion - SPF 30 Gentle Breeze, 4 oz",4.0,2018-04-02 21:36:45.257-04
Avon,"Avon SKIN-SO-SOFT Bug Guard PLUS IR3535® Insect Repellent Moisturizing Lotion - SPF 30 Gentle Breeze, 4 oz",5.0,2017-01-23 12:51:43-05
Avon,"Avon SKIN-SO-SOFT Bug Guard PLUS IR3535® Insect Repellent Moisturizing Lotion - SPF 30 Gentle Breeze, 4 oz",5.0,2014-08-11 08:17:41-04
BuggyBands,"6 Pack Mosquito Repellent Bracelets, Natural and Waterproof Wrist Bands for Adults, Kids, Pets - [Individually Wrapped], Travel Protection Outdoor – Indoor",3.0,2020-06-20 11:11:34.863-04
Avon,"Avon SKIN-SO-SOFT Bug Guard PLUS IR3535® Insect Repellent Moisturizing Lotion - SPF 30 Gentle Breeze, 4 oz",5.0,2019-06-03 17:40:09.742-04
Avon,"Avon SKIN-SO-SOFT Bug Guard PLUS IR3535® Insect Repellent Moisturizing Lotion - SPF 30 Gentle Breeze, 4 oz",5.0,2019-06-17 00:18:05.256-04
Avon,"Avon SKIN-SO-SOFT Bug Guard PLUS IR3535® Insect Repellent Moisturizing Lotion - SPF 30 Gentle Breeze, 4 oz",5.0,2019-09-10 11:28:35.269-04
Avon,"Avon SKIN-SO-SOFT Bug Guard PLUS IR3535® Insect Repellent Moisturizing Lotion - SPF 30 Gentle Breeze, 4 oz",1.0,2015-06-12 07:02:34-04
Avon,"Avon SKIN-SO-SOFT Bug Guard PLUS IR3535® Insect Repellent Moisturizing Lotion - SPF 30 Gentle Breeze, 4 oz",1.0,2015-06-12 07:01:09-04
Avon,"Avon SKIN-SO-SOFT Bug Guard PLUS IR3535® Insect Repellent Moisturizing Lotion - SPF 30 Gentle Breeze, 4 oz",5.0,2019-04-23 21:17:24.795-04
Avon,"Avon SKIN-SO-SOFT Bug Guard PLUS IR3535® Insect Repellent Moisturizing Lotion - SPF 30 Gentle Breeze, 4 oz",5.0,2016-05-11 09:43:20-04
NATURAL OUST,NATURAL OUST Peppermint Oil Spider Repellent Spray - Eco Friendly Indoor Outdoor - Effective Spider Control,3.0,2021-07-03 12:06:23.997-04
Avon,"Avon SKIN-SO-SOFT Bug Guard PLUS IR3535® Insect Repellent Moisturizing Lotion - SPF 30 Gentle Breeze, 4 oz",4.0,2015-07-23 14:24:26-04
Avon,"Avon SKIN-SO-SOFT Bug Guard PLUS IR3535® Insect Repellent Moisturizing Lotion - SPF 30 Gentle Breeze, 4 oz",4.0,2014-05-23 22:18:27-04
Pets vv,"No Scratch Spray for Cats, Cat Repellent Spray for Indoor Outdoor Use, Cat Deterrent Spray Protect Plants, Furniture & Floors",1.0,2021-05-12 13:58:53.634-04
Avon,"Avon SKIN-SO-SOFT Bug Guard PLUS IR3535® Insect Repellent Moisturizing Lotion - SPF 30 Gentle Breeze, 4 oz",5.0,2015-09-10 21:30:02-04
Avon,"Avon SKIN-SO-SOFT Bug Guard PLUS IR3535® Insect Repellent Moisturizing Lotion - SPF 30 Gentle Breeze, 4 oz",5.0,2021-08-05 18:48:57.107-04
Avon,"Avon SKIN-SO-SOFT Bug Guard PLUS IR3535® Insect Repellent Moisturizing Lotion - SPF 30 Gentle Breeze, 4 oz",2.0,2017-11-15 14:01:07.153-05
Avon,"Avon SKIN-SO-SOFT Bug Guard PLUS IR3535® Insect Repellent Moisturizing Lotion - SPF 30 Gentle Breeze, 4 oz",5.0,2015-10-05 14:56:13-04
Avon,"Avon SKIN-SO-SOFT Bug Guard PLUS IR3535® Insect Repellent Moisturizing Lotion - SPF 30 Gentle Breeze, 4 oz",5.0,2019-09-02 11:57:54.34-04
BuggyBands,"6 Pack Mosquito Repellent Bracelets, Natural and Waterproof Wrist Bands for Adults, Kids, Pets - [Individually Wrapped], Travel Protection Outdoor – Indoor",1.0,2020-10-13 14:59:29.18-04
Avon,"Avon SKIN-SO-SOFT Bug Guard PLUS IR3535® Insect Repellent Moisturizing Lotion - SPF 30 Gentle Breeze, 4 oz",2.0,2019-07-18 20:30:24.262-04
ZELKON,"2-Pack Solar Animal Repeller, Ultrasonic Animal Repellent, Outdoor Cat Repellent,Motion Detection, LED Flashing Light,Alarm Sound Scare Away Dog,Rodent,Fox,Deer,Squirrel,Raccoon,Skunk,Rabbit,etc.",1.0,2023-03-31 19:34:11.411-04
Avon,"Avon SKIN-SO-SOFT Bug Guard PLUS IR3535® Insect Repellent Moisturizing Lotion - SPF 30 Gentle Breeze, 4 oz",5.0,2013-07-27 14:06:21-04
SEALUXE,"SEALUXE Rodent Repellent Packs,Mouse Repellent,Peppermint Oil to Repel Mice, Mice Repellent Peppermint,Natural Rat Repellent,Insect Repellent with Peppermint Oil 6-Pack",1.0,2021-03-01 14:08:11.115-05
Avon,"Avon SKIN-SO-SOFT Bug Guard PLUS IR3535® Insect Repellent Moisturizing Lotion - SPF 30 Gentle Breeze, 4 oz",5.0,2014-07-06 12:15:00-04
Avon,"Avon SKIN-SO-SOFT Bug Guard PLUS IR3535® Insect Repellent Moisturizing Lotion - SPF 30 Gentle Breeze, 4 oz",5.0,2015-12-02 16:10:44-05
Avon,"Avon SKIN-SO-SOFT Bug Guard PLUS IR3535® Insect Repellent Moisturizing Lotion - SPF 30 Gentle Breeze, 4 oz",5.0,2016-08-08 00:09:18-04
Avon,"Avon SKIN-SO-SOFT Bug Guard PLUS IR3535® Insect Repellent Moisturizing Lotion - SPF 30 Gentle Breeze, 4 oz",5.0,2015-12-12 23:42:09-05
Avon,"Avon SKIN-SO-SOFT Bug Guard PLUS IR3535® Insect Repellent Moisturizing Lotion - SPF 30 Gentle Breeze, 4 oz",5.0,2005-10-20 00:37:50-04
Avon,"Avon SKIN-SO-SOFT Bug Guard PLUS IR3535® Insect Repellent Moisturizing Lotion - SPF 30 Gentle Breeze, 4 oz",4.0,2017-07-11 00:30:16.571-04
Avon,"Avon SKIN-SO-SOFT Bug Guard PLUS IR3535® Insect Repellent Moisturizing Lotion - SPF 30 Gentle Breeze, 4 oz",5.0,2022-05-01 21:21:40.917-04
Avon,"Avon SKIN-SO-SOFT Bug Guard PLUS IR3535® Insect Repellent Moisturizing Lotion - SPF 30 Gentle Breeze, 4 oz",1.0,2016-06-21 07:01:31-04
JNxcel Salon Products,JNxcel Premium Quality Water Repellent Nylon/Polyester Fabric Hair Salon & Barber Hair Cutting & Shampoo Cape with Snap Closure (Purple Plum) …,5.0,2021-03-31 09:28:26.312-04
Avon,"Avon SKIN-SO-SOFT Bug Guard PLUS IR3535® Insect Repellent Moisturizing Lotion - SPF 30 Gentle Breeze, 4 oz",5.0,2014-08-24 12:27:38-04
Avon,"Avon SKIN-SO-SOFT Bug Guard PLUS IR3535® Insect Repellent Moisturizing Lotion - SPF 30 Gentle Breeze, 4 oz",2.0,2022-04-10 10:48:07.116-04
Avon,"Avon SKIN-SO-SOFT Bug Guard PLUS IR3535® Insect Repellent Moisturizing Lotion - SPF 30 Gentle Breeze, 4 oz",5.0,2016-07-27 23:12:57-04
OFF!,OFF! Deep Woods and Deep Woods Dry Mosquito Insect Repellent Combo Pack,5.0,2021-07-31 18:33:07.213-04
Avon,"Avon SKIN-SO-SOFT Bug Guard PLUS IR3535® Insect Repellent Moisturizing Lotion - SPF 30 Gentle Breeze, 4 oz",5.0,2015-08-13 14:29:41-04
Avon,"Avon SKIN-SO-SOFT Bug Guard PLUS IR3535® Insect Repellent Moisturizing Lotion - SPF 30 Gentle Breeze, 4 oz",5.0,2019-07-17 13:05:18.617-04
Avon,"Avon SKIN-SO-SOFT Bug Guard PLUS IR3535® Insect Repellent Moisturizing Lotion - SPF 30 Gentle Breeze, 4 oz",5.0,2019-07-10 23:01:38.496-04
Avon,"Avon SKIN-SO-SOFT Bug Guard PLUS IR3535® Insect Repellent Moisturizing Lotion - SPF 30 Gentle Breeze, 4 oz",5.0,2016-05-30 05:07:45-04
Avon,"Avon SKIN-SO-SOFT Bug Guard PLUS IR3535® Insect Repellent Moisturizing Lotion - SPF 30 Gentle Breeze, 4 oz",5.0,2021-04-07 17:15:05.579-04
eHouse,AC12 Ultrasonic Pest Repeller - Electronic Plug in Best Repellent - Pest Control - Get Rid of - Rodents Squirrels Mice Rats Insects - Roaches Spiders Fleas Bed Bugs Flies Ants Mosquitos Fruit Fly!,1.0,2020-09-05 12:45:09.932-04
NATURAL OUST,NATURAL OUST Peppermint Oil Spider Repellent Spray - Eco Friendly Indoor Outdoor - Effective Spider Control,5.0,2021-05-24 18:48:57.843-04
Natural Armor,Natural Armor Lizard & Gecko Repellent Spray - Powerful Peppermint Formulation Repels All Types of Lizards & Geckos and Works Better Than Ultrasonic Gimmicks – 128 fl oz - Gallon Ready to Use,1.0,2023-04-20 21:10:44.021-04
Avon,"Avon SKIN-SO-SOFT Bug Guard PLUS IR3535® Insect Repellent Moisturizing Lotion - SPF 30 Gentle Breeze, 4 oz",5.0,2017-08-30 13:37:48.053-04
Grandpa Gus's,"Grandpa Gus's Extra-Strength Mouse Repellent Pouches + Potent Mouse Repellent Spray, Peppermint/Cinnamon Oils Repel Mouse From Home/RV, Boat/Car Storage & Machinery, 4 x 1.76oz Pouches + 1 x 8oz Spray",1.0,2019-12-22 11:02:00.165-05
Whemoalus,"Whemoalus Squirrel Repellent Outdoor,4-Pack Natural Squirrel Repellent for Attic,Cars,Squirrel Deterrent for Garden,Squirrel Repellent for Plants,Mint Squirrel Repellent Indoor Safe Around Kid & Pets",1.0,2022-06-13 13:05:42.409-04
Zevo,Zevo Wasp Hornet Bee and Yellow Jacket Stinging Insect Killer | Instant Action Aerosol 10Oz. Spray | Multi Insect Killer Repellent | Indoor Outdoor Use | Pet People Friendly Safe,3.0,2020-08-08 19:25:12.294-04
Nature's MACE,"Nature's MACE Cat Repellent 1 Gallon Spray/Treats 3,000 Sq. Ft. / Keep Cat Out of Your Lawn and Garden/Train Your Cat to Stay Out of Bushes/Safe to use Around Children & Plants",1.0,2023-04-04 17:37:38.119-04
Grandpa Gus's,"Grandpa Gus's Extra-Strength Mouse Repellent Pouches + Potent Mouse Repellent Spray, Peppermint/Cinnamon Oils Repel Mouse From Home/RV, Boat/Car Storage & Machinery, 4 x 1.76oz Pouches + 1 x 8oz Spray",5.0,2021-10-25 06:51:19.272-04
Avon,"Avon SKIN-SO-SOFT Bug Guard PLUS IR3535® Insect Repellent Moisturizing Lotion - SPF 30 Gentle Breeze, 4 oz",5.0,2016-05-09 20:58:09-04
Avon,"Avon SKIN-SO-SOFT Bug Guard PLUS IR3535® Insect Repellent Moisturizing Lotion - SPF 30 Gentle Breeze, 4 oz",4.0,2017-07-07 16:29:42.63-04
Avon,"Avon SKIN-SO-SOFT Bug Guard PLUS IR3535® Insect Repellent Moisturizing Lotion - SPF 30 Gentle Breeze, 4 oz",5.0,2015-08-23 16:34:24-04
Pets vv,"No Scratch Spray for Cats, Cat Repellent Spray for Indoor Outdoor Use, Cat Deterrent Spray Protect Plants, Furniture & Floors",1.0,2021-05-26 00:32:04.408-04
Natural Armor,Natural Armor Lizard & Gecko Repellent Spray - Powerful Peppermint Formulation Repels All Types of Lizards & Geckos and Works Better Than Ultrasonic Gimmicks – 128 fl oz - Gallon Ready to Use,2.0,2021-06-18 17:47:29.29-04
Tender Ben's,Ben's 30% DEET Tick & Insect Repellent Wipes - 2 Pack,5.0,2020-10-09 23:58:46.417-04
Avon,"Avon SKIN-SO-SOFT Bug Guard PLUS IR3535® Insect Repellent Moisturizing Lotion - SPF 30 Gentle Breeze, 4 oz",5.0,2019-06-06 15:46:06.11-04
MouseBlocker,"MouseBlocker 1000x Powerful Plug-in Ultrasonic Mouse and Rodent Deterrent for Buildings, Garages, Attics and More. Works with All Rodents. Ultrasonic Rodent Repeller",5.0,2022-03-01 10:34:22.742-05
Avon,"Avon SKIN-SO-SOFT Bug Guard PLUS IR3535® Insect Repellent Moisturizing Lotion - SPF 30 Gentle Breeze, 4 oz",5.0,2019-08-22 06:58:40.482-04
Avon,"Avon SKIN-SO-SOFT Bug Guard PLUS IR3535® Insect Repellent Moisturizing Lotion - SPF 30 Gentle Breeze, 4 oz",5.0,2016-10-17 17:34:47-04
Avon,"Avon SKIN-SO-SOFT Bug Guard PLUS IR3535® Insect Repellent Moisturizing Lotion - SPF 30 Gentle Breeze, 4 oz",4.0,2014-07-04 13:01:10-04
Avon,"Avon SKIN-SO-SOFT Bug Guard PLUS IR3535® Insect Repellent Moisturizing Lotion - SPF 30 Gentle Breeze, 4 oz",4.0,2014-08-06 11:21:06-04
Avon,"Avon SKIN-SO-SOFT Bug Guard PLUS IR3535® Insect Repellent Moisturizing Lotion - SPF 30 Gentle Breeze, 4 oz",5.0,2015-09-05 08:06:30-04
eHouse,AC12 Ultrasonic Pest Repeller - Electronic Plug in Best Repellent - Pest Control - Get Rid of - Rodents Squirrels Mice Rats Insects - Roaches Spiders Fleas Bed Bugs Flies Ants Mosquitos Fruit Fly!,5.0,2020-07-01 23:46:28.708-04
Avon,"Avon SKIN-SO-SOFT Bug Guard PLUS IR3535® Insect Repellent Moisturizing Lotion - SPF 30 Gentle Breeze, 4 oz",5.0,2018-11-04 13:57:47.242-05
Avon,"Avon SKIN-SO-SOFT Bug Guard PLUS IR3535® Insect Repellent Moisturizing Lotion - SPF 30 Gentle Breeze, 4 oz",5.0,2013-10-03 05:03:29-04
Avon,"Avon SKIN-SO-SOFT Bug Guard PLUS IR3535® Insect Repellent Moisturizing Lotion - SPF 30 Gentle Breeze, 4 oz",5.0,2014-07-29 14:36:54-04
Avon,"Avon SKIN-SO-SOFT Bug Guard PLUS IR3535® Insect Repellent Moisturizing Lotion - SPF 30 Gentle Breeze, 4 oz",5.0,2014-08-11 07:40:28-04
Avon,"Avon SKIN-SO-SOFT Bug Guard PLUS IR3535® Insect Repellent Moisturizing Lotion - SPF 30 Gentle Breeze, 4 oz",5.0,2014-08-27 21:12:56-04
Avon,"Avon SKIN-SO-SOFT Bug Guard PLUS IR3535® Insect Repellent Moisturizing Lotion - SPF 30 Gentle Breeze, 4 oz",1.0,2017-06-14 20:09:20.307-04
Avon,"Avon SKIN-SO-SOFT Bug Guard PLUS IR3535® Insect Repellent Moisturizing Lotion - SPF 30 Gentle Breeze, 4 oz",4.0,2014-10-09 22:28:19-04
ZGWJ,"4 Pack Ultrasonic Solar Mole Repeller, Pest Control Waterproof Solar Mole Deterrent & Repeller, Vole, Gopher, Snake for Outdoor Lawn Garden Yards",2.0,2021-09-10 17:45:25.97-04
Tender Ben's,Ben's 30% DEET Tick & Insect Repellent Wipes - 2 Pack,5.0,2016-11-03 11:06:06-04
eHouse,AC12g Ultrasonic Pest Repeller - Electronic Plug in Best Repellent - Pest Control - Get Rid of - Rodents Squirrels Rats Mice Insects - Roaches Spiders Mosquitos Fleas Fruit Fly Bed Bugs Flies Ants!,5.0,2020-08-22 09:22:51.868-04
Avon,"Avon SKIN-SO-SOFT Bug Guard PLUS IR3535® Insect Repellent Moisturizing Lotion - SPF 30 Gentle Breeze, 4 oz",5.0,2015-08-07 03:09:04-04
Spectrum,"Cutter Dry Insect Repellent, 4-Ounce ( Pack of 3 )",5.0,2018-07-29 01:44:41.576-04
Avon,"Avon SKIN-SO-SOFT Bug Guard PLUS IR3535® Insect Repellent Moisturizing Lotion - SPF 30 Gentle Breeze, 4 oz",5.0,2013-07-24 08:25:16-04
Grandpa Gus's,"Grandpa Gus's Extra-Strength Mouse Repellent Pouches + Potent Mouse Repellent Spray, Peppermint/Cinnamon Oils Repel Mouse From Home/RV, Boat/Car Storage & Machinery, 4 x 1.76oz Pouches + 1 x 8oz Spray",5.0,2021-09-08 11:06:13.458-04
Avon,"Avon SKIN-SO-SOFT Bug Guard PLUS IR3535® Insect Repellent Moisturizing Lotion - SPF 30 Gentle Breeze, 4 oz",5.0,2018-01-27 23:49:50.227-05
Natural Armor,Natural Armor Lizard & Gecko Repellent Spray - Powerful Peppermint Formulation Repels All Types of Lizards & Geckos and Works Better Than Ultrasonic Gimmicks – 128 fl oz - Gallon Ready to Use,5.0,2021-11-04 22:51:24.954-04
Avon,"Avon SKIN-SO-SOFT Bug Guard PLUS IR3535® Insect Repellent Moisturizing Lotion - SPF 30 Gentle Breeze, 4 oz",4.0,2016-03-29 13:19:09-04
Avon,"Avon SKIN-SO-SOFT Bug Guard PLUS IR3535® Insect Repellent Moisturizing Lotion - SPF 30 Gentle Breeze, 4 oz",1.0,2022-09-01 10:31:12.879-04
Avon,"Avon SKIN-SO-SOFT Bug Guard PLUS IR3535® Insect Repellent Moisturizing Lotion - SPF 30 Gentle Breeze, 4 oz",5.0,2019-07-13 09:01:26.172-04
Avon,"Avon SKIN-SO-SOFT Bug Guard PLUS IR3535® Insect Repellent Moisturizing Lotion - SPF 30 Gentle Breeze, 4 oz",2.0,2019-08-29 17:37:34.234-04
Grandpa Gus's,"Grandpa Gus's Extra-Strength Mouse Repellent Pouches + Potent Mouse Repellent Spray, Peppermint/Cinnamon Oils Repel Mouse From Home/RV, Boat/Car Storage & Machinery, 4 x 1.76oz Pouches + 1 x 8oz Spray",3.0,2021-10-13 18:40:41.043-04
Grandpa Gus's,"Grandpa Gus's Extra-Strength Mouse Repellent Pouches + Potent Mouse Repellent Spray, Peppermint/Cinnamon Oils Repel Mouse From Home/RV, Boat/Car Storage & Machinery, 4 x 1.76oz Pouches + 1 x 8oz Spray",5.0,2022-12-01 13:25:28.454-05
Grandpa Gus's,"Grandpa Gus's Extra-Strength Mouse Repellent Pouches + Potent Mouse Repellent Spray, Peppermint/Cinnamon Oils Repel Mouse From Home/RV, Boat/Car Storage & Machinery, 4 x 1.76oz Pouches + 1 x 8oz Spray",3.0,2021-08-26 11:30:47.599-04
Avon,"Avon SKIN-SO-SOFT Bug Guard PLUS IR3535® Insect Repellent Moisturizing Lotion - SPF 30 Gentle Breeze, 4 oz",1.0,2016-12-02 13:41:36-05
SEALUXE,"SEALUXE Rodent Repellent Packs,Mouse Repellent,Peppermint Oil to Repel Mice, Mice Repellent Peppermint,Natural Rat Repellent,Insect Repellent with Peppermint Oil 4-Pack",1.0,2021-02-01 19:34:26.14-05
Avon,"Avon SKIN-SO-SOFT Bug Guard PLUS IR3535® Insect Repellent Moisturizing Lotion - SPF 30 Gentle Breeze, 4 oz",1.0,2021-10-10 21:36:09.217-04
Avon,"Avon SKIN-SO-SOFT Bug Guard PLUS IR3535® Insect Repellent Moisturizing Lotion - SPF 30 Gentle Breeze, 4 oz",5.0,2017-09-10 16:20:11.733-04
Avon,"Avon SKIN-SO-SOFT Bug Guard PLUS IR3535® Insect Repellent Moisturizing Lotion - SPF 30 Gentle Breeze, 4 oz",4.0,2015-07-10 16:21:37-04
HONGXIAN,Gopher Repeller Ultrasonic Solar Mole Repellent 4 Pack Solar Mole Repellent & Gopher Repellent Ultrasonic Solar Powered Waterproof for Yard & Garden,5.0,2022-12-27 23:42:01.559-05
Avon,"Avon SKIN-SO-SOFT Bug Guard PLUS IR3535® Insect Repellent Moisturizing Lotion - SPF 30 Gentle Breeze, 4 oz",3.0,2019-07-14 21:32:07.768-04
Avon,"Avon SKIN-SO-SOFT Bug Guard PLUS IR3535® Insect Repellent Moisturizing Lotion - SPF 30 Gentle Breeze, 4 oz",5.0,2012-12-05 12:36:51-05
Meilen,"Rodent Repellent Ultrasonic Under Hood Rodent Repeller with Remote Control, Mouse Repellent Keep Rodents Out of Car Engine Battery Powered Rat Repellent Ultrasonic Mouse Deterrent for Car, House",1.0,2023-03-12 22:06:14.161-04
Avon,"Avon SKIN-SO-SOFT Bug Guard PLUS IR3535® Insect Repellent Moisturizing Lotion - SPF 30 Gentle Breeze, 4 oz",5.0,2015-06-23 15:46:48-04
Avon,"Avon SKIN-SO-SOFT Bug Guard PLUS IR3535® Insect Repellent Moisturizing Lotion - SPF 30 Gentle Breeze, 4 oz",5.0,2016-03-21 18:14:45-04
Avon,"Avon SKIN-SO-SOFT Bug Guard PLUS IR3535® Insect Repellent Moisturizing Lotion - SPF 30 Gentle Breeze, 4 oz",5.0,2015-02-22 21:10:16-05
Avon,"Avon SKIN-SO-SOFT Bug Guard PLUS IR3535® Insect Repellent Moisturizing Lotion - SPF 30 Gentle Breeze, 4 oz",5.0,2016-07-16 09:50:03-04
Natural Armor,Natural Armor Lizard & Gecko Repellent Spray - Powerful Peppermint Formulation Repels All Types of Lizards & Geckos and Works Better Than Ultrasonic Gimmicks – 128 fl oz - Gallon Ready to Use,5.0,2022-09-22 14:08:23.251-04
Avon,"Avon SKIN-SO-SOFT Bug Guard PLUS IR3535® Insect Repellent Moisturizing Lotion - SPF 30 Gentle Breeze, 4 oz",5.0,2016-07-31 08:51:48-04
DeerScram,Epic 02118 Wild Hog Repellent Granular Bucket - 10-Lbs,5.0,2020-11-13 07:22:27.107-05
Avon,"Avon SKIN-SO-SOFT Bug Guard PLUS IR3535® Insect Repellent Moisturizing Lotion - SPF 30 Gentle Breeze, 4 oz",5.0,2017-07-10 14:52:34.013-04
Avon,"Avon SKIN-SO-SOFT Bug Guard PLUS IR3535® Insect Repellent Moisturizing Lotion - SPF 30 Gentle Breeze, 4 oz",5.0,2017-06-26 14:21:15.445-04
Natural Armor,Natural Armor Lizard & Gecko Repellent Spray - Powerful Peppermint Formulation Repels All Types of Lizards & Geckos and Works Better Than Ultrasonic Gimmicks – 128 fl oz - Gallon Ready to Use,5.0,2021-05-24 21:42:07.522-04
Avon,"Avon SKIN-SO-SOFT Bug Guard PLUS IR3535® Insect Repellent Moisturizing Lotion - SPF 30 Gentle Breeze, 4 oz",5.0,2014-07-16 07:21:37-04
Avon,"Avon SKIN-SO-SOFT Bug Guard PLUS IR3535® Insect Repellent Moisturizing Lotion - SPF 30 Gentle Breeze, 4 oz",5.0,2013-05-16 15:38:30-04
Avon,"Avon SKIN-SO-SOFT Bug Guard PLUS IR3535® Insect Repellent Moisturizing Lotion - SPF 30 Gentle Breeze, 4 oz",5.0,2016-11-22 09:17:55-05
Avon,"Avon SKIN-SO-SOFT Bug Guard PLUS IR3535® Insect Repellent Moisturizing Lotion - SPF 30 Gentle Breeze, 4 oz",3.0,2019-07-03 16:34:20.675-04
Avon,"Avon SKIN-SO-SOFT Bug Guard PLUS IR3535® Insect Repellent Moisturizing Lotion - SPF 30 Gentle Breeze, 4 oz",5.0,2013-01-18 08:46:44-05
CHOMP!,"CHOMP! Shower Door Water Repellent: Healthier Home ShowerDoorMagic 6 in 1 Hard Water Stain Preventer for Glass, Fiberglass, Tile & More- Spot, Soap Scum, Calcium & Limescale Prevention 32 oz.",2.0,2020-07-18 12:11:26.627-04
Avon,"Avon SKIN-SO-SOFT Bug Guard PLUS IR3535® Insect Repellent Moisturizing Lotion - SPF 30 Gentle Breeze, 4 oz",4.0,2019-06-26 11:43:48.525-04
Avon,"Avon SKIN-SO-SOFT Bug Guard PLUS IR3535® Insect Repellent Moisturizing Lotion - SPF 30 Gentle Breeze, 4 oz",5.0,2015-06-05 12:08:36-04
eHouse,AC12g Ultrasonic Pest Repeller - Electronic Plug in Best Repellent - Pest Control - Get Rid of - Rodents Squirrels Rats Mice Insects - Roaches Spiders Mosquitos Fleas Fruit Fly Bed Bugs Flies Ants!,5.0,2020-10-19 16:24:01.454-04
Natural Armor,Natural Armor Lizard & Gecko Repellent Spray - Powerful Peppermint Formulation Repels All Types of Lizards & Geckos and Works Better Than Ultrasonic Gimmicks – 128 fl oz - Gallon Ready to Use,1.0,2022-08-20 07:20:27.814-04
Natural Armor,Natural Armor Lizard & Gecko Repellent Spray - Powerful Peppermint Formulation Repels All Types of Lizards & Geckos and Works Better Than Ultrasonic Gimmicks – 128 fl oz - Gallon Ready to Use,1.0,2023-02-26 11:29:33.614-05
Grandpa Gus's,"Grandpa Gus's Extra-Strength Mouse Repellent Pouches + Potent Mouse Repellent Spray, Peppermint/Cinnamon Oils Repel Mouse From Home/RV, Boat/Car Storage & Machinery, 4 x 1.76oz Pouches + 1 x 8oz Spray",5.0,2021-07-24 16:01:16.56-04
JNxcel Salon Products,JNxcel Premium Quality Water Repellent Nylon/Polyester Fabric Hair Salon & Barber Hair Cutting & Shampoo Cape with Snap Closure (Turquoise),5.0,2020-06-02 00:13:03.608-04
Avon,"Avon SKIN-SO-SOFT Bug Guard PLUS IR3535® Insect Repellent Moisturizing Lotion - SPF 30 Gentle Breeze, 4 oz",1.0,2018-07-20 23:22:09.47-04
Avon,"Avon SKIN-SO-SOFT Bug Guard PLUS IR3535® Insect Repellent Moisturizing Lotion - SPF 30 Gentle Breeze, 4 oz",5.0,2016-08-27 17:08:29-04
Enoz,"Enoz No Zone, Refills for Animal Repellent Stations 16 Refill Bag - Twin - White",4.0,2020-10-28 16:23:06.779-04
Avon,"Avon SKIN-SO-SOFT Bug Guard PLUS IR3535® Insect Repellent Moisturizing Lotion - SPF 30 Gentle Breeze, 4 oz",5.0,2012-05-09 19:36:27-04
Avon,"Avon SKIN-SO-SOFT Bug Guard PLUS IR3535® Insect Repellent Moisturizing Lotion - SPF 30 Gentle Breeze, 4 oz",5.0,2012-05-09 18:06:16-04
Avon,"Avon SKIN-SO-SOFT Bug Guard PLUS IR3535® Insect Repellent Moisturizing Lotion - SPF 30 Gentle Breeze, 4 oz",5.0,2016-05-21 06:31:28-04
Avon,"Avon SKIN-SO-SOFT Bug Guard PLUS IR3535® Insect Repellent Moisturizing Lotion - SPF 30 Gentle Breeze, 4 oz",5.0,2013-06-23 04:12:58-04
Nature's MACE,"Nature's MACE Cat Repellent 1 Gallon Spray/Treats 3,000 Sq. Ft. / Keep Cat Out of Your Lawn and Garden/Train Your Cat to Stay Out of Bushes/Safe to use Around Children & Plants",5.0,2023-03-19 22:57:08.39-04
Avon,"Avon SKIN-SO-SOFT Bug Guard PLUS IR3535® Insect Repellent Moisturizing Lotion - SPF 30 Gentle Breeze, 4 oz",5.0,2017-02-12 16:10:16-05
Grandpa Gus's,"Grandpa Gus's Extra-Strength Mouse Repellent Pouches + Potent Mouse Repellent Spray, Peppermint/Cinnamon Oils Repel Mouse From Home/RV, Boat/Car Storage & Machinery, 4 x 1.76oz Pouches + 1 x 8oz Spray",5.0,2022-11-04 18:11:18.245-04
Avon,"Avon SKIN-SO-SOFT Bug Guard PLUS IR3535® Insect Repellent Moisturizing Lotion - SPF 30 Gentle Breeze, 4 oz",5.0,2018-10-20 13:56:16.693-04
Avon,"Avon SKIN-SO-SOFT Bug Guard PLUS IR3535® Insect Repellent Moisturizing Lotion - SPF 30 Gentle Breeze, 4 oz",2.0,2014-10-10 11:02:24-04
Avon,"Avon SKIN-SO-SOFT Bug Guard PLUS IR3535® Insect Repellent Moisturizing Lotion - SPF 30 Gentle Breeze, 4 oz",5.0,2016-08-18 04:00:08-04
Avon,"Avon SKIN-SO-SOFT Bug Guard PLUS IR3535® Insect Repellent Moisturizing Lotion - SPF 30 Gentle Breeze, 4 oz",5.0,2019-08-01 14:57:24.616-04
Avon,"Avon SKIN-SO-SOFT Bug Guard PLUS IR3535® Insect Repellent Moisturizing Lotion - SPF 30 Gentle Breeze, 4 oz",1.0,2019-10-06 15:37:04.998-04
eHouse,AC12 Ultrasonic Pest Repeller - Electronic Plug in Best Repellent - Pest Control - Get Rid of - Rodents Squirrels Mice Rats Insects - Roaches Spiders Fleas Bed Bugs Flies Ants Mosquitos Fruit Fly!,5.0,2020-06-22 02:32:28.685-04
Avon,"Avon SKIN-SO-SOFT Bug Guard PLUS IR3535® Insect Repellent Moisturizing Lotion - SPF 30 Gentle Breeze, 4 oz",5.0,2014-11-24 18:59:48-05
Grandpa Gus's,"Grandpa Gus's Extra-Strength Mouse Repellent Pouches + Potent Mouse Repellent Spray, Peppermint/Cinnamon Oils Repel Mouse From Home/RV, Boat/Car Storage & Machinery, 4 x 1.76oz Pouches + 1 x 8oz Spray",4.0,2021-10-17 18:22:25.294-04
Avon,"Avon SKIN-SO-SOFT Bug Guard PLUS IR3535® Insect Repellent Moisturizing Lotion - SPF 30 Gentle Breeze, 4 oz",5.0,2012-08-15 22:02:20-04
SEALUXE,"SEALUXE Rodent Repellent Packs,Mouse Repellent,Peppermint Oil to Repel Mice, Mice Repellent Peppermint,Natural Rat Repellent,Insect Repellent with Peppermint Oil 4-Pack",1.0,2021-02-01 14:20:24.028-05
Avon,"Avon SKIN-SO-SOFT Bug Guard PLUS IR3535® Insect Repellent Moisturizing Lotion - SPF 30 Gentle Breeze, 4 oz",5.0,2022-09-05 09:23:39.652-04
Avon,"Avon SKIN-SO-SOFT Bug Guard PLUS IR3535® Insect Repellent Moisturizing Lotion - SPF 30 Gentle Breeze, 4 oz",5.0,2019-05-09 20:40:00.49-04
Avon,"Avon SKIN-SO-SOFT Bug Guard PLUS IR3535® Insect Repellent Moisturizing Lotion - SPF 30 Gentle Breeze, 4 oz",5.0,2018-02-26 15:27:33.934-05
HomeSweety,"HomeSweety Portable Electronic Mosquito Repellent Bracelet, Mosquito Wristband Watch USB Charging, Suitable for Adults Children Indoors and Outdoors 2022 Model",3.0,2022-11-01 21:02:33.833-04
Avon,"Avon SKIN-SO-SOFT Bug Guard PLUS IR3535® Insect Repellent Moisturizing Lotion - SPF 30 Gentle Breeze, 4 oz",5.0,2014-08-10 20:36:15-04
Avon,"Avon SKIN-SO-SOFT Bug Guard PLUS IR3535® Insect Repellent Moisturizing Lotion - SPF 30 Gentle Breeze, 4 oz",5.0,2019-08-22 19:55:03.935-04
Avon,"Avon SKIN-SO-SOFT Bug Guard PLUS IR3535® Insect Repellent Moisturizing Lotion - SPF 30 Gentle Breeze, 4 oz",5.0,2015-06-22 10:02:11-04
Avon,"Avon SKIN-SO-SOFT Bug Guard PLUS IR3535® Insect Repellent Moisturizing Lotion - SPF 30 Gentle Breeze, 4 oz",5.0,2014-12-11 10:15:38-05
Grandpa Gus's,"Grandpa Gus's Extra-Strength Mouse Repellent Pouches + Potent Mouse Repellent Spray, Peppermint/Cinnamon Oils Repel Mouse From Home/RV, Boat/Car Storage & Machinery, 4 x 1.76oz Pouches + 1 x 8oz Spray",5.0,2022-06-27 21:20:39.08-04
BuggyBands,"Mosquito Repellent Bracelets, 16 Pack Individually Wrapped Waterproof Insect & Bug Repellent Wristbands for Kids & Adults Outdoor Camping Fishing Traveling",1.0,2021-06-24 09:41:19.777-04
Avon,"Avon SKIN-SO-SOFT Bug Guard PLUS IR3535® Insect Repellent Moisturizing Lotion - SPF 30 Gentle Breeze, 4 oz",1.0,2022-07-07 14:11:10.138-04
SEALUXE,"SEALUXE Rodent Repellent Packs,Mouse Repellent,Peppermint Oil to Repel Mice, Mice Repellent Peppermint,Natural Rat Repellent,Insect Repellent with Peppermint Oil 6-Pack",1.0,2021-06-15 02:46:22.925-04
Avon,"Avon SKIN-SO-SOFT Bug Guard PLUS IR3535® Insect Repellent Moisturizing Lotion - SPF 30 Gentle Breeze, 4 oz",1.0,2017-08-22 11:33:46.699-04
Sally's Organics,"10ml Organic Peppermint Essential Oil - Pure Therapeutic Grade - Works Best for Aromatherapy, Natural Soap, Shampoo, Hair, Lotion, Bath Melts, Body, Mice Repellent, and Air Freshener (Spray)",5.0,2019-04-22 00:22:10.915-04
Natural Armor,Natural Armor Lizard & Gecko Repellent Spray - Powerful Peppermint Formulation Repels All Types of Lizards & Geckos and Works Better Than Ultrasonic Gimmicks – 128 fl oz - Gallon Ready to Use,3.0,2021-08-24 00:41:14.443-04
Avon,"Avon SKIN-SO-SOFT Bug Guard PLUS IR3535® Insect Repellent Moisturizing Lotion - SPF 30 Gentle Breeze, 4 oz",5.0,2015-09-16 22:33:51-04
Avon,"Avon SKIN-SO-SOFT Bug Guard PLUS IR3535® Insect Repellent Moisturizing Lotion - SPF 30 Gentle Breeze, 4 oz",5.0,2016-10-01 07:57:01-04
Avon,"Avon SKIN-SO-SOFT Bug Guard PLUS IR3535® Insect Repellent Moisturizing Lotion - SPF 30 Gentle Breeze, 4 oz",5.0,2016-04-24 01:17:20-04
PetUlove,"PetUlove Handheld Dog Repellent,Dog Trainer 100% Pet & Human Safe G",5.0,2016-02-01 17:31:38-05
Barber Strong,"Barber Strong The Barber Apron, Black, Hair Repellent, Ultra Lightweight",4.0,2021-03-21 01:39:12.134-04
Green Goo,"Green Goo Bugs Be Gone, All-Natural Essential Oil Tick, Fly & Insect Repellent, Safe to Spray On Skin, 4.5 Oz",2.0,2020-09-28 19:42:12.848-04
HONGXIAN,Gopher Repeller Ultrasonic Solar Mole Repellent 4 Pack Solar Mole Repellent & Gopher Repellent Ultrasonic Solar Powered Waterproof for Yard & Garden,5.0,2022-12-08 23:18:06.826-05
eHouse,AC12 Ultrasonic Pest Repeller - Electronic Plug in Best Repellent - Pest Control - Get Rid of - Rodents Squirrels Mice Rats Insects - Roaches Spiders Fleas Bed Bugs Flies Ants Mosquitos Fruit Fly!,5.0,2020-07-20 13:38:25.436-04
Avon,"Avon SKIN-SO-SOFT Bug Guard PLUS IR3535® Insect Repellent Moisturizing Lotion - SPF 30 Gentle Breeze, 4 oz",5.0,2016-09-26 15:17:22-04
Epic,Epic 02112 All Natural Eco-Friendly Grandular Goose Scram Repellent - 10-lbs,1.0,2021-06-06 07:03:31.203-04
Avon,"Avon SKIN-SO-SOFT Bug Guard PLUS IR3535® Insect Repellent Moisturizing Lotion - SPF 30 Gentle Breeze, 4 oz",5.0,2015-08-17 11:25:56-04
Avon,"Avon SKIN-SO-SOFT Bug Guard PLUS IR3535® Insect Repellent Moisturizing Lotion - SPF 30 Gentle Breeze, 4 oz",5.0,2012-07-21 10:31:34-04
Avon,"Avon SKIN-SO-SOFT Bug Guard PLUS IR3535® Insect Repellent Moisturizing Lotion - SPF 30 Gentle Breeze, 4 oz",5.0,2018-07-31 17:37:24.217-04
Avon,"Avon SKIN-SO-SOFT Bug Guard PLUS IR3535® Insect Repellent Moisturizing Lotion - SPF 30 Gentle Breeze, 4 oz",5.0,2014-05-27 12:08:09-04
Avon,"Avon SKIN-SO-SOFT Bug Guard PLUS IR3535® Insect Repellent Moisturizing Lotion - SPF 30 Gentle Breeze, 4 oz",4.0,2016-07-13 22:50:33-04
Avon,"Avon SKIN-SO-SOFT Bug Guard PLUS IR3535® Insect Repellent Moisturizing Lotion - SPF 30 Gentle Breeze, 4 oz",5.0,2012-11-28 17:14:24-05
Avon,"Avon SKIN-SO-SOFT Bug Guard PLUS IR3535® Insect Repellent Moisturizing Lotion - SPF 30 Gentle Breeze, 4 oz",1.0,2016-09-15 09:05:57-04
Foundation Armor,5 GAL Armor SC25 Penetrating Concrete Sealer and Water Repellent Salt Guard,5.0,2019-10-08 16:52:03.388-04
Grandpa Gus's,"Grandpa Gus's Extra-Strength Mouse Repellent Pouches + Potent Mouse Repellent Spray, Peppermint/Cinnamon Oils Repel Mouse From Home/RV, Boat/Car Storage & Machinery, 4 x 1.76oz Pouches + 1 x 8oz Spray",1.0,2019-11-27 15:35:29.755-05
Grangers,"Grangers Footwear Repel Water Repellent Treatment, 275ml",1.0,2021-11-26 10:16:57.912-05
Avon,"Avon SKIN-SO-SOFT Bug Guard PLUS IR3535® Insect Repellent Moisturizing Lotion - SPF 30 Gentle Breeze, 4 oz",4.0,2017-01-03 13:47:56-05
Avon,"Avon SKIN-SO-SOFT Bug Guard PLUS IR3535® Insect Repellent Moisturizing Lotion - SPF 30 Gentle Breeze, 4 oz",5.0,2018-01-24 09:12:17.415-05
Barber Strong,"Barber Strong The Barber Apron, Black, Hair Repellent, Ultra Lightweight",5.0,2019-06-23 03:43:54.833-04
Avon,"Avon SKIN-SO-SOFT Bug Guard PLUS IR3535® Insect Repellent Moisturizing Lotion - SPF 30 Gentle Breeze, 4 oz",5.0,2014-12-24 01:12:37-05
SEALUXE,"SEALUXE Rodent Repellent Packs,Mouse Repellent,Peppermint Oil to Repel Mice, Mice Repellent Peppermint,Natural Rat Repellent,Insect Repellent with Peppermint Oil 4-Pack",1.0,2021-03-05 11:53:47.718-05
Grandpa Gus's,"Grandpa Gus's Extra-Strength Mouse Repellent Pouches + Potent Mouse Repellent Spray, Peppermint/Cinnamon Oils Repel Mouse From Home/RV, Boat/Car Storage & Machinery, 4 x 1.76oz Pouches + 1 x 8oz Spray",5.0,2021-09-15 08:02:09.018-04
Avon,"Avon SKIN-SO-SOFT Bug Guard PLUS IR3535® Insect Repellent Moisturizing Lotion - SPF 30 Gentle Breeze, 4 oz",4.0,2017-09-27 13:20:26.405-04
Avon,"Avon SKIN-SO-SOFT Bug Guard PLUS IR3535® Insect Repellent Moisturizing Lotion - SPF 30 Gentle Breeze, 4 oz",5.0,2016-07-25 22:29:41-04
JNxcel Salon Products,"JNxcel Premium Quality Black Water Repellent & Stain Resistant All-Purpose Nylon/Polyester Fabric Hair Salon & Barber Hair Cutting, Shampoo & Chemical Cape with Snap Closure …",5.0,2021-07-05 10:12:08.927-04
Avon,"Avon SKIN-SO-SOFT Bug Guard PLUS IR3535® Insect Repellent Moisturizing Lotion - SPF 30 Gentle Breeze, 4 oz",5.0,2015-06-17 11:22:39-04
NATURAL OUST,NATURAL OUST Peppermint Oil Spider Repellent Spray - Eco Friendly Indoor Outdoor - Effective Spider Control,5.0,2021-12-16 08:01:44.236-05
Avon,"Avon SKIN-SO-SOFT Bug Guard PLUS IR3535® Insect Repellent Moisturizing Lotion - SPF 30 Gentle Breeze, 4 oz",5.0,2015-11-01 18:36:53-05
Avon,"Avon SKIN-SO-SOFT Bug Guard PLUS IR3535® Insect Repellent Moisturizing Lotion - SPF 30 Gentle Breeze, 4 oz",5.0,2016-10-14 17:11:49-04
Avon,"Avon SKIN-SO-SOFT Bug Guard PLUS IR3535® Insect Repellent Moisturizing Lotion - SPF 30 Gentle Breeze, 4 oz",5.0,2009-05-30 14:13:53-04
Avon,"Avon SKIN-SO-SOFT Bug Guard PLUS IR3535® Insect Repellent Moisturizing Lotion - SPF 30 Gentle Breeze, 4 oz",5.0,2019-05-28 16:04:09.431-04
Palcont,"Mosquito Sticks, All Natural and DEET Free Insect Repellent, Eco Friendly, Non Toxic, Bamboo Infused with Citronella, Lemongrass & Grapefruit Peel, for Outdoor Garden Yard and Indoor (Pack of 30)",5.0,2020-02-21 19:32:03.664-05
Avon,"Avon SKIN-SO-SOFT Bug Guard PLUS IR3535® Insect Repellent Moisturizing Lotion - SPF 30 Gentle Breeze, 4 oz",4.0,2015-07-05 17:55:30-04
Avon,"Avon SKIN-SO-SOFT Bug Guard PLUS IR3535® Insect Repellent Moisturizing Lotion - SPF 30 Gentle Breeze, 4 oz",4.0,2016-05-02 21:43:24-04
,Apello Pack of 6 Mole Repellent,5.0,2019-07-17 08:53:37.316-04
Avon,"Avon SKIN-SO-SOFT Bug Guard PLUS IR3535® Insect Repellent Moisturizing Lotion - SPF 30 Gentle Breeze, 4 oz",5.0,2016-08-30 13:59:40-04
Avon,"Avon SKIN-SO-SOFT Bug Guard PLUS IR3535® Insect Repellent Moisturizing Lotion - SPF 30 Gentle Breeze, 4 oz",5.0,2015-04-29 13:26:08-04
Tender Ben's,Ben's 30% DEET Tick & Insect Repellent Wipes - 2 Pack,5.0,2021-07-18 21:22:55.962-04
Avon,"Avon SKIN-SO-SOFT Bug Guard PLUS IR3535® Insect Repellent Moisturizing Lotion - SPF 30 Gentle Breeze, 4 oz",2.0,2018-09-08 18:27:30.106-04
Avon,"Avon SKIN-SO-SOFT Bug Guard PLUS IR3535® Insect Repellent Moisturizing Lotion - SPF 30 Gentle Breeze, 4 oz",5.0,2019-06-11 22:28:04.116-04
Avon,"Avon SKIN-SO-SOFT Bug Guard PLUS IR3535® Insect Repellent Moisturizing Lotion - SPF 30 Gentle Breeze, 4 oz",5.0,2016-08-24 11:00:39-04
Avon,"Avon SKIN-SO-SOFT Bug Guard PLUS IR3535® Insect Repellent Moisturizing Lotion - SPF 30 Gentle Breeze, 4 oz",5.0,2016-12-08 14:38:35-05
Avon,"Avon SKIN-SO-SOFT Bug Guard PLUS IR3535® Insect Repellent Moisturizing Lotion - SPF 30 Gentle Breeze, 4 oz",5.0,2016-07-31 18:35:29-04
Whemoalus,"Whemoalus Squirrel Repellent Outdoor,4-Pack Natural Squirrel Repellent for Attic,Cars,Squirrel Deterrent for Garden,Squirrel Repellent for Plants,Mint Squirrel Repellent Indoor Safe Around Kid & Pets",1.0,2022-06-08 21:45:19.107-04
Avon,"Avon SKIN-SO-SOFT Bug Guard PLUS IR3535® Insect Repellent Moisturizing Lotion - SPF 30 Gentle Breeze, 4 oz",5.0,2013-08-02 11:50:07-04
Grandpa Gus's,"Grandpa Gus's Extra-Strength Mouse Repellent Pouches + Potent Mouse Repellent Spray, Peppermint/Cinnamon Oils Repel Mouse From Home/RV, Boat/Car Storage & Machinery, 4 x 1.76oz Pouches + 1 x 8oz Spray",3.0,2020-09-07 15:28:54.99-04
Nature's MACE,"Nature's MACE Cat Repellent 1 Gallon Spray/Treats 3,000 Sq. Ft. / Keep Cat Out of Your Lawn and Garden/Train Your Cat to Stay Out of Bushes/Safe to use Around Children & Plants",5.0,2023-03-24 08:21:00.862-04
Avon,"Avon SKIN-SO-SOFT Bug Guard PLUS IR3535® Insect Repellent Moisturizing Lotion - SPF 30 Gentle Breeze, 4 oz",5.0,2015-10-23 20:17:23-04
JNxcel Salon Products,"JNxcel Premium Quality Black Water Repellent & Stain Resistant All-Purpose Nylon/Polyester Fabric Hair Salon & Barber Hair Cutting, Shampoo & Chemical Cape with Snap Closure …",4.0,2019-04-12 22:58:18.176-04
Avon,"Avon SKIN-SO-SOFT Bug Guard PLUS IR3535® Insect Repellent Moisturizing Lotion - SPF 30 Gentle Breeze, 4 oz",5.0,2014-09-28 15:49:50-04
Avon,"Avon SKIN-SO-SOFT Bug Guard PLUS IR3535® Insect Repellent Moisturizing Lotion - SPF 30 Gentle Breeze, 4 oz",4.0,2019-05-07 06:01:10.168-04
Grandpa Gus's,"Grandpa Gus's Extra-Strength Mouse Repellent Pouches + Potent Mouse Repellent Spray, Peppermint/Cinnamon Oils Repel Mouse From Home/RV, Boat/Car Storage & Machinery, 4 x 1.76oz Pouches + 1 x 8oz Spray",4.0,2021-08-30 16:47:47.096-04
Foundation Armor,5 GAL Armor SC25 Penetrating Concrete Sealer and Water Repellent Salt Guard,5.0,2017-10-30 09:59:14.434-04
Avon,"Avon SKIN-SO-SOFT Bug Guard PLUS IR3535® Insect Repellent Moisturizing Lotion - SPF 30 Gentle Breeze, 4 oz",2.0,2014-07-27 10:50:49-04
Avon,"Avon SKIN-SO-SOFT Bug Guard PLUS IR3535® Insect Repellent Moisturizing Lotion - SPF 30 Gentle Breeze, 4 oz",5.0,2014-07-26 11:10:35-04
Avon,"Avon SKIN-SO-SOFT Bug Guard PLUS IR3535® Insect Repellent Moisturizing Lotion - SPF 30 Gentle Breeze, 4 oz",5.0,2018-08-15 18:50:22.956-04
Avon,"Avon SKIN-SO-SOFT Bug Guard PLUS IR3535® Insect Repellent Moisturizing Lotion - SPF 30 Gentle Breeze, 4 oz",5.0,2013-08-04 18:14:52-04
Avon,"Avon SKIN-SO-SOFT Bug Guard PLUS IR3535® Insect Repellent Moisturizing Lotion - SPF 30 Gentle Breeze, 4 oz",5.0,2013-06-23 13:22:39-04
Avon,"Avon SKIN-SO-SOFT Bug Guard PLUS IR3535® Insect Repellent Moisturizing Lotion - SPF 30 Gentle Breeze, 4 oz",5.0,2020-07-29 19:17:26.116-04
Avon,"Avon SKIN-SO-SOFT Bug Guard PLUS IR3535® Insect Repellent Moisturizing Lotion - SPF 30 Gentle Breeze, 4 oz",5.0,2014-11-02 23:08:09-05
Avon,"Avon SKIN-SO-SOFT Bug Guard PLUS IR3535® Insect Repellent Moisturizing Lotion - SPF 30 Gentle Breeze, 4 oz",5.0,2014-06-08 11:34:51-04
Avon,"Avon SKIN-SO-SOFT Bug Guard PLUS IR3535® Insect Repellent Moisturizing Lotion - SPF 30 Gentle Breeze, 4 oz",5.0,2022-09-05 22:09:46.837-04
Avon,"Avon SKIN-SO-SOFT Bug Guard PLUS IR3535® Insect Repellent Moisturizing Lotion - SPF 30 Gentle Breeze, 4 oz",1.0,2018-07-05 22:09:51.004-04
Avon,"Avon SKIN-SO-SOFT Bug Guard PLUS IR3535® Insect Repellent Moisturizing Lotion - SPF 30 Gentle Breeze, 4 oz",5.0,2014-04-12 11:23:55-04
Whemoalus,"Whemoalus Squirrel Repellent Outdoor,4-Pack Natural Squirrel Repellent for Attic,Cars,Squirrel Deterrent for Garden,Squirrel Repellent for Plants,Mint Squirrel Repellent Indoor Safe Around Kid & Pets",1.0,2022-06-22 13:49:52.223-04
Avon,"Avon SKIN-SO-SOFT Bug Guard PLUS IR3535® Insect Repellent Moisturizing Lotion - SPF 30 Gentle Breeze, 4 oz",2.0,2016-12-26 21:40:55-05
Grandpa Gus's,"Grandpa Gus's Extra-Strength Mouse Repellent Pouches + Potent Mouse Repellent Spray, Peppermint/Cinnamon Oils Repel Mouse From Home/RV, Boat/Car Storage & Machinery, 4 x 1.76oz Pouches + 1 x 8oz Spray",1.0,2022-10-20 11:04:52.937-04
Avon,"Avon SKIN-SO-SOFT Bug Guard PLUS IR3535® Insect Repellent Moisturizing Lotion - SPF 30 Gentle Breeze, 4 oz",5.0,2016-07-15 19:44:12-04
Avon,"Avon SKIN-SO-SOFT Bug Guard PLUS IR3535® Insect Repellent Moisturizing Lotion - SPF 30 Gentle Breeze, 4 oz",3.0,2016-09-23 17:48:16-04
Avon,"Avon SKIN-SO-SOFT Bug Guard PLUS IR3535® Insect Repellent Moisturizing Lotion - SPF 30 Gentle Breeze, 4 oz",5.0,2017-09-24 23:48:14.382-04
Avon,"Avon SKIN-SO-SOFT Bug Guard PLUS IR3535® Insect Repellent Moisturizing Lotion - SPF 30 Gentle Breeze, 4 oz",5.0,2022-08-23 21:19:42.229-04
Avon,"Avon SKIN-SO-SOFT Bug Guard PLUS IR3535® Insect Repellent Moisturizing Lotion - SPF 30 Gentle Breeze, 4 oz",5.0,2015-07-30 11:36:05-04
Avon,"Avon SKIN-SO-SOFT Bug Guard PLUS IR3535® Insect Repellent Moisturizing Lotion - SPF 30 Gentle Breeze, 4 oz",5.0,2019-09-17 06:35:15.581-04
Avon,"Avon SKIN-SO-SOFT Bug Guard PLUS IR3535® Insect Repellent Moisturizing Lotion - SPF 30 Gentle Breeze, 4 oz",5.0,2018-06-05 16:51:26.65-04
Avon,"Avon SKIN-SO-SOFT Bug Guard PLUS IR3535® Insect Repellent Moisturizing Lotion - SPF 30 Gentle Breeze, 4 oz",5.0,2017-04-30 15:01:17-04
Avon,"Avon SKIN-SO-SOFT Bug Guard PLUS IR3535® Insect Repellent Moisturizing Lotion - SPF 30 Gentle Breeze, 4 oz",5.0,2019-07-04 15:16:40.593-04
Green Goo,"Green Goo Bugs Be Gone, All-Natural Essential Oil Tick, Fly & Insect Repellent, Safe to Spray On Skin, 4.5 Oz",5.0,2018-08-10 23:02:46.099-04
Avon,"Avon SKIN-SO-SOFT Bug Guard PLUS IR3535® Insect Repellent Moisturizing Lotion - SPF 30 Gentle Breeze, 4 oz",5.0,2019-02-02 18:51:03.531-05
Avon,"Avon SKIN-SO-SOFT Bug Guard PLUS IR3535® Insect Repellent Moisturizing Lotion - SPF 30 Gentle Breeze, 4 oz",5.0,2017-10-11 20:36:41.24-04
Natural Armor,Natural Armor Lizard & Gecko Repellent Spray - Powerful Peppermint Formulation Repels All Types of Lizards & Geckos and Works Better Than Ultrasonic Gimmicks – 128 fl oz - Gallon Ready to Use,1.0,2022-05-15 10:51:45.946-04
Natural Armor,Natural Armor Lizard & Gecko Repellent Spray - Powerful Peppermint Formulation Repels All Types of Lizards & Geckos and Works Better Than Ultrasonic Gimmicks – 128 fl oz - Gallon Ready to Use,1.0,2021-06-22 14:43:28.719-04
SEALUXE,"SEALUXE Rodent Repellent Packs,Mouse Repellent,Peppermint Oil to Repel Mice, Mice Repellent Peppermint,Natural Rat Repellent,Insect Repellent with Peppermint Oil 6-Pack",1.0,2021-01-29 14:38:34.53-05
MouseBlocker,"MouseBlocker 1000x Powerful Plug-in Ultrasonic Mouse and Rodent Deterrent for Buildings, Garages, Attics and More. Works with All Rodents. Ultrasonic Rodent Repeller",5.0,2022-07-12 14:36:15.962-04
Natural Armor,Natural Armor Lizard & Gecko Repellent Spray - Powerful Peppermint Formulation Repels All Types of Lizards & Geckos and Works Better Than Ultrasonic Gimmicks – 128 fl oz - Gallon Ready to Use,1.0,2022-09-10 16:18:40.938-04
Barber Strong,"Barber Strong The Barber Apron, Black, Hair Repellent, Ultra Lightweight",2.0,2020-02-20 00:29:51.049-05
Avon,"Avon SKIN-SO-SOFT Bug Guard PLUS IR3535® Insect Repellent Moisturizing Lotion - SPF 30 Gentle Breeze, 4 oz",1.0,2018-07-17 08:08:37.277-04
eHouse,AC12 Ultrasonic Pest Repeller - Electronic Plug in Best Repellent - Pest Control - Get Rid of - Rodents Squirrels Mice Rats Insects - Roaches Spiders Fleas Bed Bugs Flies Ants Mosquitos Fruit Fly!,1.0,2021-04-04 10:27:12.558-04
Avon,"Avon SKIN-SO-SOFT Bug Guard PLUS IR3535® Insect Repellent Moisturizing Lotion - SPF 30 Gentle Breeze, 4 oz",5.0,2016-09-08 22:48:43-04
Avon,"Avon SKIN-SO-SOFT Bug Guard PLUS IR3535® Insect Repellent Moisturizing Lotion - SPF 30 Gentle Breeze, 4 oz",5.0,2016-09-27 09:28:02-04
Avon,"Avon SKIN-SO-SOFT Bug Guard PLUS IR3535® Insect Repellent Moisturizing Lotion - SPF 30 Gentle Breeze, 4 oz",4.0,2019-06-30 21:09:52.704-04
Avon,"Avon SKIN-SO-SOFT Bug Guard PLUS IR3535® Insect Repellent Moisturizing Lotion - SPF 30 Gentle Breeze, 4 oz",4.0,2019-07-01 12:29:47.803-04
Natural Armor,Natural Armor Lizard & Gecko Repellent Spray - Powerful Peppermint Formulation Repels All Types of Lizards & Geckos and Works Better Than Ultrasonic Gimmicks – 128 fl oz - Gallon Ready to Use,1.0,2021-12-16 04:23:18.275-05
Whemoalus,"Whemoalus Squirrel Repellent Outdoor,4-Pack Natural Squirrel Repellent for Attic,Cars,Squirrel Deterrent for Garden,Squirrel Repellent for Plants,Mint Squirrel Repellent Indoor Safe Around Kid & Pets",1.0,2022-06-09 21:02:32.586-04
Cutter,"Cutter Natural Fogger Insect Repellent, 3 pk./14 oz.each can",5.0,2018-11-14 22:18:49.702-05
Grandpa Gus's,"Grandpa Gus's Extra-Strength Mouse Repellent Pouches + Potent Mouse Repellent Spray, Peppermint/Cinnamon Oils Repel Mouse From Home/RV, Boat/Car Storage & Machinery, 4 x 1.76oz Pouches + 1 x 8oz Spray",5.0,2021-06-25 08:54:18.652-04
Avon,"Avon SKIN-SO-SOFT Bug Guard PLUS IR3535® Insect Repellent Moisturizing Lotion - SPF 30 Gentle Breeze, 4 oz",4.0,2013-06-06 10:03:20-04
Enoz,"Enoz No Zone, Refills for Animal Repellent Stations 16 Refill Bag - Twin - White",2.0,2020-12-09 10:06:25.914-05
Avon,"Avon SKIN-SO-SOFT Bug Guard PLUS IR3535® Insect Repellent Moisturizing Lotion - SPF 30 Gentle Breeze, 4 oz",4.0,2020-09-07 19:36:42.14-04
Rain-X,Rain-X 6 Pack 5080233 2-in-1 Foaming Glass Cleaner with Rain Repellent - 18 oz,5.0,2018-06-23 12:19:48.652-04
eHouse,AC12g Ultrasonic Pest Repeller - Electronic Plug in Best Repellent - Pest Control - Get Rid of - Rodents Squirrels Rats Mice Insects - Roaches Spiders Mosquitos Fleas Fruit Fly Bed Bugs Flies Ants!,5.0,2020-06-26 17:36:14.928-04
Zevo,Zevo Wasp Hornet Bee and Yellow Jacket Stinging Insect Killer | Instant Action Aerosol 10Oz. Spray | Multi Insect Killer Repellent | Indoor Outdoor Use | Pet People Friendly Safe,5.0,2020-07-31 01:53:14.609-04
Natural Armor,Natural Armor Lizard & Gecko Repellent Spray - Powerful Peppermint Formulation Repels All Types of Lizards & Geckos and Works Better Than Ultrasonic Gimmicks – 128 fl oz - Gallon Ready to Use,1.0,2021-06-09 14:18:49.294-04
Avon,"Avon SKIN-SO-SOFT Bug Guard PLUS IR3535® Insect Repellent Moisturizing Lotion - SPF 30 Gentle Breeze, 4 oz",5.0,2016-04-27 20:30:23-04
Avon,"Avon SKIN-SO-SOFT Bug Guard PLUS IR3535® Insect Repellent Moisturizing Lotion - SPF 30 Gentle Breeze, 4 oz",4.0,2016-06-11 01:06:45-04
Avon,"Avon SKIN-SO-SOFT Bug Guard PLUS IR3535® Insect Repellent Moisturizing Lotion - SPF 30 Gentle Breeze, 4 oz",4.0,2020-08-18 20:56:41.963-04
Green Goo,"Green Goo Bugs Be Gone, All-Natural Essential Oil Tick, Fly & Insect Repellent, Safe to Spray On Skin, 4.5 Oz",5.0,2016-07-03 06:20:56-04
Avon,"Avon SKIN-SO-SOFT Bug Guard PLUS IR3535® Insect Repellent Moisturizing Lotion - SPF 30 Gentle Breeze, 4 oz",5.0,2015-01-19 18:57:38-05
Avon,"Avon SKIN-SO-SOFT Bug Guard PLUS IR3535® Insect Repellent Moisturizing Lotion - SPF 30 Gentle Breeze, 4 oz",5.0,2016-09-06 10:35:22-04
Avon,"Avon SKIN-SO-SOFT Bug Guard PLUS IR3535® Insect Repellent Moisturizing Lotion - SPF 30 Gentle Breeze, 4 oz",5.0,2014-10-01 16:53:05-04
Avon,"Avon SKIN-SO-SOFT Bug Guard PLUS IR3535® Insect Repellent Moisturizing Lotion - SPF 30 Gentle Breeze, 4 oz",5.0,2014-08-11 11:35:31-04
Avon,"Avon SKIN-SO-SOFT Bug Guard PLUS IR3535® Insect Repellent Moisturizing Lotion - SPF 30 Gentle Breeze, 4 oz",5.0,2019-07-06 17:47:47.178-04
Solere,"Solar powered Mole repellent, ultrasonic Pest repellers. Sonic Gopher repeller outdoor Vole, Chipmunk, Snake repeller, Garden repeller, Pet safe. 4pcs",5.0,2021-02-11 12:51:51.869-05
Avon,"Avon SKIN-SO-SOFT Bug Guard PLUS IR3535® Insect Repellent Moisturizing Lotion - SPF 30 Gentle Breeze, 4 oz",5.0,2013-06-10 21:46:10-04
Green Goo,"Green Goo Bugs Be Gone, All-Natural Essential Oil Tick, Fly & Insect Repellent, Safe to Spray On Skin, 4.5 Oz",2.0,2021-06-20 15:16:49.618-04
Avon,"Avon SKIN-SO-SOFT Bug Guard PLUS IR3535® Insect Repellent Moisturizing Lotion - SPF 30 Gentle Breeze, 4 oz",5.0,2016-11-23 17:22:11-05
Natural Armor,Natural Armor Lizard & Gecko Repellent Spray - Powerful Peppermint Formulation Repels All Types of Lizards & Geckos and Works Better Than Ultrasonic Gimmicks – 128 fl oz - Gallon Ready to Use,2.0,2021-09-04 22:15:46.595-04
Avon,"Avon SKIN-SO-SOFT Bug Guard PLUS IR3535® Insect Repellent Moisturizing Lotion - SPF 30 Gentle Breeze, 4 oz",5.0,2022-06-02 00:15:40.684-04
Avon,"Avon SKIN-SO-SOFT Bug Guard PLUS IR3535® Insect Repellent Moisturizing Lotion - SPF 30 Gentle Breeze, 4 oz",5.0,2013-11-03 10:53:14-05
Avon,"Avon SKIN-SO-SOFT Bug Guard PLUS IR3535® Insect Repellent Moisturizing Lotion - SPF 30 Gentle Breeze, 4 oz",4.0,2016-10-13 21:46:08-04
Avon,"Avon SKIN-SO-SOFT Bug Guard PLUS IR3535® Insect Repellent Moisturizing Lotion - SPF 30 Gentle Breeze, 4 oz",5.0,2015-01-26 16:55:32-05
Avon,"Avon SKIN-SO-SOFT Bug Guard PLUS IR3535® Insect Repellent Moisturizing Lotion - SPF 30 Gentle Breeze, 4 oz",5.0,2016-09-09 08:13:39-04
Foundation Armor,5 GAL Armor SC25 Penetrating Concrete Sealer and Water Repellent Salt Guard,5.0,2019-08-22 08:54:36.464-04
Avon,"Avon SKIN-SO-SOFT Bug Guard PLUS IR3535® Insect Repellent Moisturizing Lotion - SPF 30 Gentle Breeze, 4 oz",5.0,2016-02-23 00:45:54-05
Avon,"Avon SKIN-SO-SOFT Bug Guard PLUS IR3535® Insect Repellent Moisturizing Lotion - SPF 30 Gentle Breeze, 4 oz",5.0,2016-06-27 11:07:40-04
Avon,"Avon SKIN-SO-SOFT Bug Guard PLUS IR3535® Insect Repellent Moisturizing Lotion - SPF 30 Gentle Breeze, 4 oz",1.0,2020-02-10 06:07:35.186-05
Grandpa Gus's,"Grandpa Gus's Extra-Strength Mouse Repellent Pouches + Potent Mouse Repellent Spray, Peppermint/Cinnamon Oils Repel Mouse From Home/RV, Boat/Car Storage & Machinery, 4 x 1.76oz Pouches + 1 x 8oz Spray",2.0,2022-12-29 05:32:12.248-05
Green Goo,"Green Goo Bugs Be Gone, All-Natural Essential Oil Tick, Fly & Insect Repellent, Safe to Spray On Skin, 4.5 Oz",5.0,2021-03-17 10:15:22.143-04
eHouse,AC12 Ultrasonic Pest Repeller - Electronic Plug in Best Repellent - Pest Control - Get Rid of - Rodents Squirrels Mice Rats Insects - Roaches Spiders Fleas Bed Bugs Flies Ants Mosquitos Fruit Fly!,5.0,2020-06-27 19:30:56.94-04
SEALUXE,"SEALUXE Rodent Repellent Packs,Mouse Repellent,Peppermint Oil to Repel Mice, Mice Repellent Peppermint,Natural Rat Repellent,Insect Repellent with Peppermint Oil 4-Pack",5.0,2021-02-26 06:57:08.212-05
Avon,"Avon SKIN-SO-SOFT Bug Guard PLUS IR3535® Insect Repellent Moisturizing Lotion - SPF 30 Gentle Breeze, 4 oz",5.0,2011-09-04 00:33:32-04
Avon,"Avon SKIN-SO-SOFT Bug Guard PLUS IR3535® Insect Repellent Moisturizing Lotion - SPF 30 Gentle Breeze, 4 oz",5.0,2017-03-03 11:53:25-05
Avon,"Avon SKIN-SO-SOFT Bug Guard PLUS IR3535® Insect Repellent Moisturizing Lotion - SPF 30 Gentle Breeze, 4 oz",1.0,2018-07-05 07:41:21.073-04
Avon,"Avon SKIN-SO-SOFT Bug Guard PLUS IR3535® Insect Repellent Moisturizing Lotion - SPF 30 Gentle Breeze, 4 oz",3.0,2012-07-12 10:38:47-04
Avon,"Avon SKIN-SO-SOFT Bug Guard PLUS IR3535® Insect Repellent Moisturizing Lotion - SPF 30 Gentle Breeze, 4 oz",5.0,2014-04-08 10:54:42-04
Tender Ben's,Ben's 30% DEET Tick & Insect Repellent Wipes - 2 Pack,5.0,2018-09-08 14:35:59.333-04
Avon,"Avon SKIN-SO-SOFT Bug Guard PLUS IR3535® Insect Repellent Moisturizing Lotion - SPF 30 Gentle Breeze, 4 oz",5.0,2014-08-15 11:47:20-04
BuggyBands,"6 Pack Mosquito Repellent Bracelets, Natural and Waterproof Wrist Bands for Adults, Kids, Pets - [Individually Wrapped], Travel Protection Outdoor – Indoor",5.0,2020-07-02 09:37:07.505-04
Avon,"Avon SKIN-SO-SOFT Bug Guard PLUS IR3535® Insect Repellent Moisturizing Lotion - SPF 30 Gentle Breeze, 4 oz",5.0,2016-09-08 14:26:23-04
Grandpa Gus's,"Grandpa Gus's Extra-Strength Mouse Repellent Pouches + Potent Mouse Repellent Spray, Peppermint/Cinnamon Oils Repel Mouse From Home/RV, Boat/Car Storage & Machinery, 4 x 1.76oz Pouches + 1 x 8oz Spray",3.0,2022-09-03 11:46:15.485-04
Avon,"Avon SKIN-SO-SOFT Bug Guard PLUS IR3535® Insect Repellent Moisturizing Lotion - SPF 30 Gentle Breeze, 4 oz",5.0,2016-11-14 14:55:32-05
Nature's MACE,"Nature's MACE Cat Repellent 1 Gallon Spray/Treats 3,000 Sq. Ft. / Keep Cat Out of Your Lawn and Garden/Train Your Cat to Stay Out of Bushes/Safe to use Around Children & Plants",3.0,2023-03-26 13:30:51.2-04
Foundation Armor,5 GAL Armor SC25 Penetrating Concrete Sealer and Water Repellent Salt Guard,5.0,2020-01-06 21:46:32.419-05
Avon,"Avon SKIN-SO-SOFT Bug Guard PLUS IR3535® Insect Repellent Moisturizing Lotion - SPF 30 Gentle Breeze, 4 oz",5.0,2017-07-29 14:23:36.719-04
Natural Armor,Natural Armor Lizard & Gecko Repellent Spray - Powerful Peppermint Formulation Repels All Types of Lizards & Geckos and Works Better Than Ultrasonic Gimmicks – 128 fl oz - Gallon Ready to Use,1.0,2023-03-04 20:39:58.52-05
Natural Armor,Natural Armor Lizard & Gecko Repellent Spray - Powerful Peppermint Formulation Repels All Types of Lizards & Geckos and Works Better Than Ultrasonic Gimmicks – 128 fl oz - Gallon Ready to Use,5.0,2022-07-21 08:02:08.197-04
eHouse,AC12 Ultrasonic Pest Repeller - Electronic Plug in Best Repellent - Pest Control - Get Rid of - Rodents Squirrels Mice Rats Insects - Roaches Spiders Fleas Bed Bugs Flies Ants Mosquitos Fruit Fly!,1.0,2021-03-04 18:15:48.766-05
Avon,"Avon SKIN-SO-SOFT Bug Guard PLUS IR3535® Insect Repellent Moisturizing Lotion - SPF 30 Gentle Breeze, 4 oz",5.0,2013-08-31 15:16:02-04
Avon,"Avon SKIN-SO-SOFT Bug Guard PLUS IR3535® Insect Repellent Moisturizing Lotion - SPF 30 Gentle Breeze, 4 oz",5.0,2014-04-23 14:20:34-04
Avon,"Avon SKIN-SO-SOFT Bug Guard PLUS IR3535® Insect Repellent Moisturizing Lotion - SPF 30 Gentle Breeze, 4 oz",1.0,2020-02-14 13:03:03.137-05
Avon,"Avon SKIN-SO-SOFT Bug Guard PLUS IR3535® Insect Repellent Moisturizing Lotion - SPF 30 Gentle Breeze, 4 oz",5.0,2019-07-19 01:27:04.166-04
SEALUXE,"SEALUXE Rodent Repellent Packs,Mouse Repellent,Peppermint Oil to Repel Mice, Mice Repellent Peppermint,Natural Rat Repellent,Insect Repellent with Peppermint Oil 6-Pack",1.0,2021-02-11 13:15:15.952-05
Cutter,"Cutter Natural Fogger Insect Repellent, 3 pk./14 oz.each can",5.0,2018-08-22 23:29:38.953-04
HONGXIAN,Gopher Repeller Ultrasonic Solar Mole Repellent 4 Pack Solar Mole Repellent & Gopher Repellent Ultrasonic Solar Powered Waterproof for Yard & Garden,5.0,2022-12-06 19:05:03.349-05
eHouse,AC12g Ultrasonic Pest Repeller - Electronic Plug in Best Repellent - Pest Control - Get Rid of - Rodents Squirrels Rats Mice Insects - Roaches Spiders Mosquitos Fleas Fruit Fly Bed Bugs Flies Ants!,1.0,2020-08-30 01:12:20.319-04
Avon,"Avon SKIN-SO-SOFT Bug Guard PLUS IR3535® Insect Repellent Moisturizing Lotion - SPF 30 Gentle Breeze, 4 oz",5.0,2017-02-26 17:28:00-05
SCHOME,"SCHOME Stainless Steel Bird Spikes Kit, 10 Pack (2.4Metre) Perfect Bird Gel Deterrent Easy to Install, Bird Deterrent Fence Spikes, Repels Pigeons, Crows and Seagulls",5.0,2019-06-05 09:47:55.358-04
Avon,"Avon SKIN-SO-SOFT Bug Guard PLUS IR3535® Insect Repellent Moisturizing Lotion - SPF 30 Gentle Breeze, 4 oz",5.0,2019-07-17 17:54:47.258-04
BestNest,Esschert Design Glass Fly Deterrent,1.0,2022-03-31 16:38:13.241-04
Avon,"Avon SKIN-SO-SOFT Bug Guard PLUS IR3535® Insect Repellent Moisturizing Lotion - SPF 30 Gentle Breeze, 4 oz",5.0,2015-10-20 14:37:02-04
Avon,"Avon SKIN-SO-SOFT Bug Guard PLUS IR3535® Insect Repellent Moisturizing Lotion - SPF 30 Gentle Breeze, 4 oz",5.0,2018-10-07 14:21:52.384-04
Sally's Organics,"10ml Organic Peppermint Essential Oil - Pure Therapeutic Grade - Works Best for Aromatherapy, Natural Soap, Shampoo, Hair, Lotion, Bath Melts, Body, Mice Repellent, and Air Freshener (Spray)",5.0,2019-06-19 13:26:41.686-04
PetUlove,"PetUlove Handheld Dog Repellent,Dog Trainer 100% Pet & Human Safe G",5.0,2016-03-11 09:23:33-05
Avon,"Avon SKIN-SO-SOFT Bug Guard PLUS IR3535® Insect Repellent Moisturizing Lotion - SPF 30 Gentle Breeze, 4 oz",5.0,2019-08-29 16:34:24.606-04
Avon,"Avon SKIN-SO-SOFT Bug Guard PLUS IR3535® Insect Repellent Moisturizing Lotion - SPF 30 Gentle Breeze, 4 oz",5.0,2019-07-17 15:07:46.166-04
BuggyBands,"6 Pack Mosquito Repellent Bracelets, Natural and Waterproof Wrist Bands for Adults, Kids, Pets - [Individually Wrapped], Travel Protection Outdoor – Indoor",1.0,2020-07-22 19:11:07.52-04
Avon,"Avon SKIN-SO-SOFT Bug Guard PLUS IR3535® Insect Repellent Moisturizing Lotion - SPF 30 Gentle Breeze, 4 oz",1.0,2019-10-05 11:10:38.212-04
Avon,"Avon SKIN-SO-SOFT Bug Guard PLUS IR3535® Insect Repellent Moisturizing Lotion - SPF 30 Gentle Breeze, 4 oz",2.0,2016-10-22 13:36:23-04
Grandpa Gus's,"Grandpa Gus's Extra-Strength Mouse Repellent Pouches + Potent Mouse Repellent Spray, Peppermint/Cinnamon Oils Repel Mouse From Home/RV, Boat/Car Storage & Machinery, 4 x 1.76oz Pouches + 1 x 8oz Spray",1.0,2021-11-05 16:39:42.782-04
Avon,"Avon SKIN-SO-SOFT Bug Guard PLUS IR3535® Insect Repellent Moisturizing Lotion - SPF 30 Gentle Breeze, 4 oz",5.0,2015-07-10 14:49:59-04
Avon,"Avon SKIN-SO-SOFT Bug Guard PLUS IR3535® Insect Repellent Moisturizing Lotion - SPF 30 Gentle Breeze, 4 oz",3.0,2019-09-07 18:32:50.106-04
Avon,"Avon SKIN-SO-SOFT Bug Guard PLUS IR3535® Insect Repellent Moisturizing Lotion - SPF 30 Gentle Breeze, 4 oz",5.0,2015-06-24 15:40:25-04
eHouse,AC12 Ultrasonic Pest Repeller - Electronic Plug in Best Repellent - Pest Control - Get Rid of - Rodents Squirrels Mice Rats Insects - Roaches Spiders Fleas Bed Bugs Flies Ants Mosquitos Fruit Fly!,5.0,2020-07-19 05:06:43.554-04
Avon,"Avon SKIN-SO-SOFT Bug Guard PLUS IR3535® Insect Repellent Moisturizing Lotion - SPF 30 Gentle Breeze, 4 oz",5.0,2021-08-17 15:10:56.015-04
Avon,"Avon SKIN-SO-SOFT Bug Guard PLUS IR3535® Insect Repellent Moisturizing Lotion - SPF 30 Gentle Breeze, 4 oz",5.0,2013-01-17 10:44:12-05
Avon,"Avon SKIN-SO-SOFT Bug Guard PLUS IR3535® Insect Repellent Moisturizing Lotion - SPF 30 Gentle Breeze, 4 oz",5.0,2015-05-27 14:48:48-04
Grandpa Gus's,"Grandpa Gus's Extra-Strength Mouse Repellent Pouches + Potent Mouse Repellent Spray, Peppermint/Cinnamon Oils Repel Mouse From Home/RV, Boat/Car Storage & Machinery, 4 x 1.76oz Pouches + 1 x 8oz Spray",1.0,2023-01-17 01:10:39.992-05
Grandpa Gus's,"Grandpa Gus's Extra-Strength Mouse Repellent Pouches + Potent Mouse Repellent Spray, Peppermint/Cinnamon Oils Repel Mouse From Home/RV, Boat/Car Storage & Machinery, 4 x 1.76oz Pouches + 1 x 8oz Spray",4.0,2022-10-12 07:37:54.293-04
Avon,"Avon SKIN-SO-SOFT Bug Guard PLUS IR3535® Insect Repellent Moisturizing Lotion - SPF 30 Gentle Breeze, 4 oz",5.0,2017-08-18 09:06:57.833-04
Avon,"Avon SKIN-SO-SOFT Bug Guard PLUS IR3535® Insect Repellent Moisturizing Lotion - SPF 30 Gentle Breeze, 4 oz",3.0,2014-01-08 12:15:49-05
Avon,"Avon SKIN-SO-SOFT Bug Guard PLUS IR3535® Insect Repellent Moisturizing Lotion - SPF 30 Gentle Breeze, 4 oz",4.0,2016-10-20 01:34:43-04
Avon,"Avon SKIN-SO-SOFT Bug Guard PLUS IR3535® Insect Repellent Moisturizing Lotion - SPF 30 Gentle Breeze, 4 oz",5.0,2015-04-03 23:43:50-04
Avon,"Avon SKIN-SO-SOFT Bug Guard PLUS IR3535® Insect Repellent Moisturizing Lotion - SPF 30 Gentle Breeze, 4 oz",5.0,2016-03-04 11:36:41-05
Avon,"Avon SKIN-SO-SOFT Bug Guard PLUS IR3535® Insect Repellent Moisturizing Lotion - SPF 30 Gentle Breeze, 4 oz",5.0,2015-01-04 17:20:36-05
Avon,"Avon SKIN-SO-SOFT Bug Guard PLUS IR3535® Insect Repellent Moisturizing Lotion - SPF 30 Gentle Breeze, 4 oz",5.0,2015-06-22 23:33:55-04
Avon,"Avon SKIN-SO-SOFT Bug Guard PLUS IR3535® Insect Repellent Moisturizing Lotion - SPF 30 Gentle Breeze, 4 oz",5.0,2017-09-26 13:29:13.883-04
eHouse,AC12 Ultrasonic Pest Repeller - Electronic Plug in Best Repellent - Pest Control - Get Rid of - Rodents Squirrels Mice Rats Insects - Roaches Spiders Fleas Bed Bugs Flies Ants Mosquitos Fruit Fly!,4.0,2020-10-01 08:24:38.721-04
Avon,"Avon SKIN-SO-SOFT Bug Guard PLUS IR3535® Insect Repellent Moisturizing Lotion - SPF 30 Gentle Breeze, 4 oz",4.0,2018-06-21 17:47:11.514-04
Grandpa Gus's,"Grandpa Gus's Extra-Strength Mouse Repellent Pouches + Potent Mouse Repellent Spray, Peppermint/Cinnamon Oils Repel Mouse From Home/RV, Boat/Car Storage & Machinery, 4 x 1.76oz Pouches + 1 x 8oz Spray",1.0,2022-04-07 15:39:49.075-04
Avon,"Avon SKIN-SO-SOFT Bug Guard PLUS IR3535® Insect Repellent Moisturizing Lotion - SPF 30 Gentle Breeze, 4 oz",5.0,2019-10-18 09:51:18.552-04
SEALUXE,"SEALUXE Rodent Repellent Packs,Mouse Repellent,Peppermint Oil to Repel Mice, Mice Repellent Peppermint,Natural Rat Repellent,Insect Repellent with Peppermint Oil 6-Pack",1.0,2021-01-01 19:14:53.231-05
Grandpa Gus's,"Grandpa Gus's Extra-Strength Mouse Repellent Pouches + Potent Mouse Repellent Spray, Peppermint/Cinnamon Oils Repel Mouse From Home/RV, Boat/Car Storage & Machinery, 4 x 1.76oz Pouches + 1 x 8oz Spray",5.0,2023-02-19 17:12:38.194-05
Grandpa Gus's,"Grandpa Gus's Extra-Strength Mouse Repellent Pouches + Potent Mouse Repellent Spray, Peppermint/Cinnamon Oils Repel Mouse From Home/RV, Boat/Car Storage & Machinery, 4 x 1.76oz Pouches + 1 x 8oz Spray",5.0,2022-11-27 11:57:17.629-05
Avon,"Avon SKIN-SO-SOFT Bug Guard PLUS IR3535® Insect Repellent Moisturizing Lotion - SPF 30 Gentle Breeze, 4 oz",5.0,2016-10-03 03:19:42-04
Wskvlcg,"Mosquito Repellent Bracelet, Ultrasonic Mosquito Repellent Bracelet Watch USB Rechargeable Anti Mosquito Repeller Wristband, Essential for Outdoor Camping (2 Pack, Black)",1.0,2022-07-10 13:26:03.579-04
eHouse,AC12 Ultrasonic Pest Repeller - Electronic Plug in Best Repellent - Pest Control - Get Rid of - Rodents Squirrels Mice Rats Insects - Roaches Spiders Fleas Bed Bugs Flies Ants Mosquitos Fruit Fly!,5.0,2020-06-24 04:16:12.96-04
Avon,"Avon SKIN-SO-SOFT Bug Guard PLUS IR3535® Insect Repellent Moisturizing Lotion - SPF 30 Gentle Breeze, 4 oz",4.0,2014-06-18 16:09:49-04
Avon,"Avon SKIN-SO-SOFT Bug Guard PLUS IR3535® Insect Repellent Moisturizing Lotion - SPF 30 Gentle Breeze, 4 oz",4.0,2016-07-12 23:06:25-04
Avon,"Avon SKIN-SO-SOFT Bug Guard PLUS IR3535® Insect Repellent Moisturizing Lotion - SPF 30 Gentle Breeze, 4 oz",1.0,2020-09-19 02:40:51.774-04
Avon,"Avon SKIN-SO-SOFT Bug Guard PLUS IR3535® Insect Repellent Moisturizing Lotion - SPF 30 Gentle Breeze, 4 oz",5.0,2016-10-16 11:29:11-04
Avon,"Avon SKIN-SO-SOFT Bug Guard PLUS IR3535® Insect Repellent Moisturizing Lotion - SPF 30 Gentle Breeze, 4 oz",3.0,2019-08-18 17:27:33.102-04
Avon,"Avon SKIN-SO-SOFT Bug Guard PLUS IR3535® Insect Repellent Moisturizing Lotion - SPF 30 Gentle Breeze, 4 oz",2.0,2014-10-28 09:12:01-04
Avon,"Avon SKIN-SO-SOFT Bug Guard PLUS IR3535® Insect Repellent Moisturizing Lotion - SPF 30 Gentle Breeze, 4 oz",5.0,2016-08-29 13:13:19-04
Avon,"Avon SKIN-SO-SOFT Bug Guard PLUS IR3535® Insect Repellent Moisturizing Lotion - SPF 30 Gentle Breeze, 4 oz",5.0,2014-08-21 10:38:45-04
Avon,"Avon SKIN-SO-SOFT Bug Guard PLUS IR3535® Insect Repellent Moisturizing Lotion - SPF 30 Gentle Breeze, 4 oz",4.0,2020-09-07 21:40:52.489-04
Natural Armor,Natural Armor Lizard & Gecko Repellent Spray - Powerful Peppermint Formulation Repels All Types of Lizards & Geckos and Works Better Than Ultrasonic Gimmicks – 128 fl oz - Gallon Ready to Use,1.0,2021-08-11 21:49:15.966-04
Avon,"Avon SKIN-SO-SOFT Bug Guard PLUS IR3535® Insect Repellent Moisturizing Lotion - SPF 30 Gentle Breeze, 4 oz",5.0,2014-11-26 17:27:15-05
Avon,"Avon SKIN-SO-SOFT Bug Guard PLUS IR3535® Insect Repellent Moisturizing Lotion - SPF 30 Gentle Breeze, 4 oz",4.0,2013-08-22 08:43:51-04
Avon,"Avon SKIN-SO-SOFT Bug Guard PLUS IR3535® Insect Repellent Moisturizing Lotion - SPF 30 Gentle Breeze, 4 oz",5.0,2015-10-09 12:20:18-04
Natural Armor,Natural Armor Lizard & Gecko Repellent Spray - Powerful Peppermint Formulation Repels All Types of Lizards & Geckos and Works Better Than Ultrasonic Gimmicks – 128 fl oz - Gallon Ready to Use,1.0,2023-04-16 19:22:39.07-04
Avon,"Avon SKIN-SO-SOFT Bug Guard PLUS IR3535® Insect Repellent Moisturizing Lotion - SPF 30 Gentle Breeze, 4 oz",5.0,2019-06-03 17:46:22.197-04
Grandpa Gus's,"Grandpa Gus's Extra-Strength Mouse Repellent Pouches + Potent Mouse Repellent Spray, Peppermint/Cinnamon Oils Repel Mouse From Home/RV, Boat/Car Storage & Machinery, 4 x 1.76oz Pouches + 1 x 8oz Spray",1.0,2021-11-06 19:18:35.34-04
Natural Armor,Natural Armor Lizard & Gecko Repellent Spray - Powerful Peppermint Formulation Repels All Types of Lizards & Geckos and Works Better Than Ultrasonic Gimmicks – 128 fl oz - Gallon Ready to Use,5.0,2022-09-27 20:27:40.804-04
Avon,"Avon SKIN-SO-SOFT Bug Guard PLUS IR3535® Insect Repellent Moisturizing Lotion - SPF 30 Gentle Breeze, 4 oz",4.0,2013-01-19 12:52:46-05
Avon,"Avon SKIN-SO-SOFT Bug Guard PLUS IR3535® Insect Repellent Moisturizing Lotion - SPF 30 Gentle Breeze, 4 oz",5.0,2017-08-01 15:16:56.803-04
Avon,"Avon SKIN-SO-SOFT Bug Guard PLUS IR3535® Insect Repellent Moisturizing Lotion - SPF 30 Gentle Breeze, 4 oz",5.0,2014-11-20 12:17:20-05
Grandpa Gus's,"Grandpa Gus's Extra-Strength Mouse Repellent Pouches + Potent Mouse Repellent Spray, Peppermint/Cinnamon Oils Repel Mouse From Home/RV, Boat/Car Storage & Machinery, 4 x 1.76oz Pouches + 1 x 8oz Spray",5.0,2020-03-13 09:41:19.262-04
Avon,"Avon SKIN-SO-SOFT Bug Guard PLUS IR3535® Insect Repellent Moisturizing Lotion - SPF 30 Gentle Breeze, 4 oz",5.0,2019-08-02 17:28:08.255-04
,Apello Pack of 6 Mole Repellent,4.0,2019-05-08 19:22:38.307-04
eHouse,AC12 Ultrasonic Pest Repeller - Electronic Plug in Best Repellent - Pest Control - Get Rid of - Rodents Squirrels Mice Rats Insects - Roaches Spiders Fleas Bed Bugs Flies Ants Mosquitos Fruit Fly!,5.0,2020-06-20 18:05:24.844-04
Avon,"Avon SKIN-SO-SOFT Bug Guard PLUS IR3535® Insect Repellent Moisturizing Lotion - SPF 30 Gentle Breeze, 4 oz",4.0,2016-06-10 20:10:39-04
Nature's MACE,"Nature's MACE Cat Repellent 1 Gallon Spray/Treats 3,000 Sq. Ft. / Keep Cat Out of Your Lawn and Garden/Train Your Cat to Stay Out of Bushes/Safe to use Around Children & Plants",1.0,2023-04-03 15:29:43.07-04
SEALUXE,"SEALUXE Rodent Repellent Packs,Mouse Repellent,Peppermint Oil to Repel Mice, Mice Repellent Peppermint,Natural Rat Repellent,Insect Repellent with Peppermint Oil 4-Pack",5.0,2021-02-03 19:24:34.747-05
Dwcom,"4 Pack Snake Repellent for Yard Powerful, Snake Away Repellent for Outdoor Indoor, Natural Plant Formula Pest Insect Control",5.0,2021-11-05 10:12:37.212-04
Avon,"Avon SKIN-SO-SOFT Bug Guard PLUS IR3535® Insect Repellent Moisturizing Lotion - SPF 30 Gentle Breeze, 4 oz",5.0,2016-12-08 13:10:07-05
eHouse,AC12 Ultrasonic Pest Repeller - Electronic Plug in Best Repellent - Pest Control - Get Rid of - Rodents Squirrels Mice Rats Insects - Roaches Spiders Fleas Bed Bugs Flies Ants Mosquitos Fruit Fly!,2.0,2020-07-14 14:53:06.034-04
Natural Armor,Natural Armor Lizard & Gecko Repellent Spray - Powerful Peppermint Formulation Repels All Types of Lizards & Geckos and Works Better Than Ultrasonic Gimmicks – 128 fl oz - Gallon Ready to Use,1.0,2022-10-09 16:37:53.377-04
Grandpa Gus's,"Grandpa Gus's Extra-Strength Mouse Repellent Pouches + Potent Mouse Repellent Spray, Peppermint/Cinnamon Oils Repel Mouse From Home/RV, Boat/Car Storage & Machinery, 4 x 1.76oz Pouches + 1 x 8oz Spray",2.0,2022-07-17 12:38:55.255-04
Natural Armor,Natural Armor Lizard & Gecko Repellent Spray - Powerful Peppermint Formulation Repels All Types of Lizards & Geckos and Works Better Than Ultrasonic Gimmicks – 128 fl oz - Gallon Ready to Use,1.0,2022-03-29 10:10:52.473-04
eHouse,AC12g Ultrasonic Pest Repeller - Electronic Plug in Best Repellent - Pest Control - Get Rid of - Rodents Squirrels Rats Mice Insects - Roaches Spiders Mosquitos Fleas Fruit Fly Bed Bugs Flies Ants!,1.0,2020-08-27 23:04:30.042-04
Avon,"Avon SKIN-SO-SOFT Bug Guard PLUS IR3535® Insect Repellent Moisturizing Lotion - SPF 30 Gentle Breeze, 4 oz",5.0,2015-08-08 21:47:21-04
Avon,"Avon SKIN-SO-SOFT Bug Guard PLUS IR3535® Insect Repellent Moisturizing Lotion - SPF 30 Gentle Breeze, 4 oz",5.0,2013-12-29 14:30:44-05
Foundation Armor,5 GAL Armor SC25 Penetrating Concrete Sealer and Water Repellent Salt Guard,5.0,2020-11-23 12:56:38.374-05
Grandpa Gus's,"Grandpa Gus's Extra-Strength Mouse Repellent Pouches + Potent Mouse Repellent Spray, Peppermint/Cinnamon Oils Repel Mouse From Home/RV, Boat/Car Storage & Machinery, 4 x 1.76oz Pouches + 1 x 8oz Spray",5.0,2021-04-13 11:01:20.621-04
Avon,"Avon SKIN-SO-SOFT Bug Guard PLUS IR3535® Insect Repellent Moisturizing Lotion - SPF 30 Gentle Breeze, 4 oz",4.0,2019-08-12 22:29:10.531-04
Avon,"Avon SKIN-SO-SOFT Bug Guard PLUS IR3535® Insect Repellent Moisturizing Lotion - SPF 30 Gentle Breeze, 4 oz",2.0,2014-09-27 15:06:22-04
HONGXIAN,Gopher Repeller Ultrasonic Solar Mole Repellent 4 Pack Solar Mole Repellent & Gopher Repellent Ultrasonic Solar Powered Waterproof for Yard & Garden,5.0,2022-12-11 00:51:42.583-05
Barber Strong,"Barber Strong The Barber Apron, Black, Hair Repellent, Ultra Lightweight",5.0,2022-09-14 20:29:43.225-04
Foundation Armor,5 GAL Armor SC25 Penetrating Concrete Sealer and Water Repellent Salt Guard,5.0,2019-01-03 16:35:44.455-05
Avon,"Avon SKIN-SO-SOFT Bug Guard PLUS IR3535® Insect Repellent Moisturizing Lotion - SPF 30 Gentle Breeze, 4 oz",5.0,2015-06-30 16:02:08-04
Avon,"Avon SKIN-SO-SOFT Bug Guard PLUS IR3535® Insect Repellent Moisturizing Lotion - SPF 30 Gentle Breeze, 4 oz",5.0,2014-07-07 22:07:25-04
Avon,"Avon SKIN-SO-SOFT Bug Guard PLUS IR3535® Insect Repellent Moisturizing Lotion - SPF 30 Gentle Breeze, 4 oz",5.0,2015-07-17 15:46:34-04
Avon,"Avon SKIN-SO-SOFT Bug Guard PLUS IR3535® Insect Repellent Moisturizing Lotion - SPF 30 Gentle Breeze, 4 oz",5.0,2016-09-29 23:29:06-04
Avon,"Avon SKIN-SO-SOFT Bug Guard PLUS IR3535® Insect Repellent Moisturizing Lotion - SPF 30 Gentle Breeze, 4 oz",5.0,2018-04-16 21:40:47.112-04
Avon,"Avon SKIN-SO-SOFT Bug Guard PLUS IR3535® Insect Repellent Moisturizing Lotion - SPF 30 Gentle Breeze, 4 oz",2.0,2016-02-25 00:18:15-05
wyewye,"Mole Trap Mole Killer 8 Pack Mole Repellent Solar Powered Snake Repellent Squirrel Gopher Repellent Ultrasonic Rodent Repellent and Deterrent for Chasing Mole,Mouse,Snake,Squirrel",1.0,2022-08-03 14:34:37.311-04
eHouse,AC12 Ultrasonic Pest Repeller - Electronic Plug in Best Repellent - Pest Control - Get Rid of - Rodents Squirrels Mice Rats Insects - Roaches Spiders Fleas Bed Bugs Flies Ants Mosquitos Fruit Fly!,5.0,2020-06-18 13:41:38.657-04
CHOMP!,"CHOMP! Shower Door Water Repellent: Healthier Home ShowerDoorMagic 6 in 1 Hard Water Stain Preventer for Glass, Fiberglass, Tile & More- Spot, Soap Scum, Calcium & Limescale Prevention 32 oz.",1.0,2023-03-19 21:50:23.513-04
Natural Armor,Natural Armor Lizard & Gecko Repellent Spray - Powerful Peppermint Formulation Repels All Types of Lizards & Geckos and Works Better Than Ultrasonic Gimmicks – 128 fl oz - Gallon Ready to Use,1.0,2022-10-30 11:21:53.414-04
Avon,"Avon SKIN-SO-SOFT Bug Guard PLUS IR3535® Insect Repellent Moisturizing Lotion - SPF 30 Gentle Breeze, 4 oz",5.0,2015-08-07 06:42:33-04
Avon,"Avon SKIN-SO-SOFT Bug Guard PLUS IR3535® Insect Repellent Moisturizing Lotion - SPF 30 Gentle Breeze, 4 oz",5.0,2016-07-14 10:10:31-04
Whemoalus,"Whemoalus Squirrel Repellent Outdoor,4-Pack Natural Squirrel Repellent for Attic,Cars,Squirrel Deterrent for Garden,Squirrel Repellent for Plants,Mint Squirrel Repellent Indoor Safe Around Kid & Pets",1.0,2022-06-14 16:15:06.304-04
Grandpa Gus's,"Grandpa Gus's Extra-Strength Mouse Repellent Pouches + Potent Mouse Repellent Spray, Peppermint/Cinnamon Oils Repel Mouse From Home/RV, Boat/Car Storage & Machinery, 4 x 1.76oz Pouches + 1 x 8oz Spray",5.0,2021-03-11 14:48:02.536-05
Green Goo,"Green Goo Bugs Be Gone, All-Natural Essential Oil Tick, Fly & Insect Repellent, Safe to Spray On Skin, 4.5 Oz",5.0,2022-08-17 15:56:21.542-04
Natural Armor,Natural Armor Lizard & Gecko Repellent Spray - Powerful Peppermint Formulation Repels All Types of Lizards & Geckos and Works Better Than Ultrasonic Gimmicks – 128 fl oz - Gallon Ready to Use,1.0,2022-09-22 13:32:29.356-04
Natural Armor,Natural Armor Lizard & Gecko Repellent Spray - Powerful Peppermint Formulation Repels All Types of Lizards & Geckos and Works Better Than Ultrasonic Gimmicks – 128 fl oz - Gallon Ready to Use,3.0,2022-10-28 18:54:36.171-04
NATURAL OUST,NATURAL OUST Peppermint Oil Spider Repellent Spray - Eco Friendly Indoor Outdoor - Effective Spider Control,2.0,2022-09-11 15:52:31.167-04
Cutter,"Cutter Natural Fogger Insect Repellent, 3 pk./14 oz.each can",5.0,2020-07-21 19:58:21.909-04
Sally's Organics,"10ml Organic Peppermint Essential Oil - Pure Therapeutic Grade - Works Best for Aromatherapy, Natural Soap, Shampoo, Hair, Lotion, Bath Melts, Body, Mice Repellent, and Air Freshener (Spray)",5.0,2019-07-18 13:22:59.211-04
Green Goo,"Green Goo Bugs Be Gone, All-Natural Essential Oil Tick, Fly & Insect Repellent, Safe to Spray On Skin, 4.5 Oz",4.0,2021-08-23 14:51:24.764-04
Natural Armor,Natural Armor Lizard & Gecko Repellent Spray - Powerful Peppermint Formulation Repels All Types of Lizards & Geckos and Works Better Than Ultrasonic Gimmicks – 128 fl oz - Gallon Ready to Use,1.0,2022-10-08 17:31:45.967-04
JNxcel Salon Products,JNxcel Premium Quality Water Repellent Nylon/Polyester Fabric Hair Salon & Barber Hair Cutting & Shampoo Cape with Snap Closure (Purple Plum) …,5.0,2019-02-14 14:20:40.923-05
SEALUXE,"SEALUXE Rodent Repellent Packs,Mouse Repellent,Peppermint Oil to Repel Mice, Mice Repellent Peppermint,Natural Rat Repellent,Insect Repellent with Peppermint Oil 4-Pack",1.0,2021-02-16 19:02:17.88-05
Grandpa Gus's,"Grandpa Gus's Extra-Strength Mouse Repellent Pouches + Potent Mouse Repellent Spray, Peppermint/Cinnamon Oils Repel Mouse From Home/RV, Boat/Car Storage & Machinery, 4 x 1.76oz Pouches + 1 x 8oz Spray",5.0,2019-11-18 20:19:40.053-05
Natural Armor,Natural Armor Lizard & Gecko Repellent Spray - Powerful Peppermint Formulation Repels All Types of Lizards & Geckos and Works Better Than Ultrasonic Gimmicks – 128 fl oz - Gallon Ready to Use,2.0,2021-02-14 08:09:24.638-05
SEALUXE,"SEALUXE Rodent Repellent Packs,Mouse Repellent,Peppermint Oil to Repel Mice, Mice Repellent Peppermint,Natural Rat Repellent,Insect Repellent with Peppermint Oil 4-Pack",5.0,2021-02-10 15:49:32.069-05
eHouse,AC12g Ultrasonic Pest Repeller - Electronic Plug in Best Repellent - Pest Control - Get Rid of - Rodents Squirrels Rats Mice Insects - Roaches Spiders Mosquitos Fleas Fruit Fly Bed Bugs Flies Ants!,1.0,2020-11-16 16:37:06.293-05
Grandpa Gus's,"Grandpa Gus's Extra-Strength Mouse Repellent Pouches + Potent Mouse Repellent Spray, Peppermint/Cinnamon Oils Repel Mouse From Home/RV, Boat/Car Storage & Machinery, 4 x 1.76oz Pouches + 1 x 8oz Spray",1.0,2020-10-24 12:47:07.634-04
Grandpa Gus's,"Grandpa Gus's Extra-Strength Mouse Repellent Pouches + Potent Mouse Repellent Spray, Peppermint/Cinnamon Oils Repel Mouse From Home/RV, Boat/Car Storage & Machinery, 4 x 1.76oz Pouches + 1 x 8oz Spray",1.0,2021-10-22 15:11:08.772-04
Grandpa Gus's,"Grandpa Gus's Extra-Strength Mouse Repellent Pouches + Potent Mouse Repellent Spray, Peppermint/Cinnamon Oils Repel Mouse From Home/RV, Boat/Car Storage & Machinery, 4 x 1.76oz Pouches + 1 x 8oz Spray",1.0,2021-03-04 19:25:10.853-05
Green Goo,"Green Goo Bugs Be Gone, All-Natural Essential Oil Tick, Fly & Insect Repellent, Safe to Spray On Skin, 4.5 Oz",3.0,2017-10-19 21:41:57.802-04
SCHOME,"SCHOME Stainless Steel Bird Spikes Kit, 10 Pack (2.4Metre) Perfect Bird Gel Deterrent Easy to Install, Bird Deterrent Fence Spikes, Repels Pigeons, Crows and Seagulls",5.0,2019-05-11 15:53:10.888-04
Natural Armor,Natural Armor Lizard & Gecko Repellent Spray - Powerful Peppermint Formulation Repels All Types of Lizards & Geckos and Works Better Than Ultrasonic Gimmicks – 128 fl oz - Gallon Ready to Use,1.0,2022-06-09 16:45:09.232-04
Avon,"Avon SKIN-SO-SOFT Bug Guard PLUS IR3535® Insect Repellent Moisturizing Lotion - SPF 30 Gentle Breeze, 4 oz",5.0,2020-05-18 16:51:48.935-04
Dwcom,"4 Pack Snake Repellent for Yard Powerful, Snake Away Repellent for Outdoor Indoor, Natural Plant Formula Pest Insect Control",5.0,2021-06-24 15:43:01.68-04
Foundation Armor,5 GAL Armor SC25 Penetrating Concrete Sealer and Water Repellent Salt Guard,1.0,2018-10-14 22:01:47.125-04
ZGWJ,"4 Pack Ultrasonic Solar Mole Repeller, Pest Control Waterproof Solar Mole Deterrent & Repeller, Vole, Gopher, Snake for Outdoor Lawn Garden Yards",5.0,2020-12-27 20:37:21.195-05
eHouse,AC12g Ultrasonic Pest Repeller - Electronic Plug in Best Repellent - Pest Control - Get Rid of - Rodents Squirrels Rats Mice Insects - Roaches Spiders Mosquitos Fleas Fruit Fly Bed Bugs Flies Ants!,3.0,2020-09-07 15:40:10.662-04
Natural Armor,Natural Armor Lizard & Gecko Repellent Spray - Powerful Peppermint Formulation Repels All Types of Lizards & Geckos and Works Better Than Ultrasonic Gimmicks – 128 fl oz - Gallon Ready to Use,3.0,2023-03-21 08:39:38.158-04
Natural Armor,Natural Armor Lizard & Gecko Repellent Spray - Powerful Peppermint Formulation Repels All Types of Lizards & Geckos and Works Better Than Ultrasonic Gimmicks – 128 fl oz - Gallon Ready to Use,1.0,2022-09-19 19:16:52.459-04
Tender Ben's,Ben's 30% DEET Tick & Insect Repellent Wipes - 2 Pack,5.0,2017-11-27 13:23:23.502-05
,Apello Pack of 6 Mole Repellent,1.0,2019-06-18 23:42:13.575-04
eHouse,AC12 Ultrasonic Pest Repeller - Electronic Plug in Best Repellent - Pest Control - Get Rid of - Rodents Squirrels Mice Rats Insects - Roaches Spiders Fleas Bed Bugs Flies Ants Mosquitos Fruit Fly!,1.0,2020-07-20 08:39:12.423-04
Tysonir,"Tysonir Mole Repellent,Mole Repellent Solar Powered Groundhog Repeller ,Gopher Repellent Ultrasonic,Get Rid of Mole Gophers Voles for Outdoor Garden Yard 2Pack",5.0,2022-03-03 01:03:34.523-05
Cutter,"Cutter Natural Fogger Insect Repellent, 3 pk./14 oz.each can",5.0,2018-06-25 12:20:03.578-04
Enoz,"Enoz No Zone, Refills for Animal Repellent Stations 16 Refill Bag - Twin - White",5.0,2020-04-24 10:19:42.213-04
,Apello Pack of 6 Mole Repellent,5.0,2019-05-27 17:47:35.737-04
Natural Armor,Natural Armor Lizard & Gecko Repellent Spray - Powerful Peppermint Formulation Repels All Types of Lizards & Geckos and Works Better Than Ultrasonic Gimmicks – 128 fl oz - Gallon Ready to Use,1.0,2021-10-29 16:38:14.536-04
Natural Armor,Natural Armor Lizard & Gecko Repellent Spray - Powerful Peppermint Formulation Repels All Types of Lizards & Geckos and Works Better Than Ultrasonic Gimmicks – 128 fl oz - Gallon Ready to Use,1.0,2021-06-01 10:08:12.107-04
Natural Armor,Natural Armor Lizard & Gecko Repellent Spray - Powerful Peppermint Formulation Repels All Types of Lizards & Geckos and Works Better Than Ultrasonic Gimmicks – 128 fl oz - Gallon Ready to Use,5.0,2023-03-21 08:38:31.137-04
Natural Armor,Natural Armor Lizard & Gecko Repellent Spray - Powerful Peppermint Formulation Repels All Types of Lizards & Geckos and Works Better Than Ultrasonic Gimmicks – 128 fl oz - Gallon Ready to Use,1.0,2022-05-10 13:02:50.348-04
Natural Armor,Natural Armor Lizard & Gecko Repellent Spray - Powerful Peppermint Formulation Repels All Types of Lizards & Geckos and Works Better Than Ultrasonic Gimmicks – 128 fl oz - Gallon Ready to Use,1.0,2021-07-29 18:39:30.672-04
Natural Armor,Natural Armor Lizard & Gecko Repellent Spray - Powerful Peppermint Formulation Repels All Types of Lizards & Geckos and Works Better Than Ultrasonic Gimmicks – 128 fl oz - Gallon Ready to Use,4.0,2023-04-28 15:09:31.42-04
JNxcel Salon Products,JNxcel Premium Quality Water Repellent Nylon/Polyester Fabric Hair Salon & Barber Hair Cutting & Shampoo Cape with Snap Closure (Turquoise),2.0,2017-10-28 11:25:09.4-04
eHouse,AC12g Ultrasonic Pest Repeller - Electronic Plug in Best Repellent - Pest Control - Get Rid of - Rodents Squirrels Rats Mice Insects - Roaches Spiders Mosquitos Fleas Fruit Fly Bed Bugs Flies Ants!,5.0,2020-06-26 10:53:47.564-04
eHouse,AC12g Ultrasonic Pest Repeller - Electronic Plug in Best Repellent - Pest Control - Get Rid of - Rodents Squirrels Rats Mice Insects - Roaches Spiders Mosquitos Fleas Fruit Fly Bed Bugs Flies Ants!,1.0,2020-09-03 20:22:48.098-04
JNxcel Salon Products,JNxcel Premium Quality Water Repellent Nylon/Polyester Fabric Hair Salon & Barber Hair Cutting & Shampoo Cape with Snap Closure (Purple Plum) …,5.0,2021-03-05 01:51:35.349-05
NATURAL OUST,NATURAL OUST Peppermint Oil Spider Repellent Spray - Eco Friendly Indoor Outdoor - Effective Spider Control,4.0,2021-07-24 18:31:35.228-04
HONGXIAN,Gopher Repeller Ultrasonic Solar Mole Repellent 4 Pack Solar Mole Repellent & Gopher Repellent Ultrasonic Solar Powered Waterproof for Yard & Garden,5.0,2023-01-05 21:49:32.376-05
HomeSweety,"HomeSweety Portable Electronic Mosquito Repellent Bracelet, Mosquito Wristband Watch USB Charging, Suitable for Adults Children Indoors and Outdoors 2022 Model",4.0,2022-09-23 16:26:55.832-04
Green Goo,"Green Goo Bugs Be Gone, All-Natural Essential Oil Tick, Fly & Insect Repellent, Safe to Spray On Skin, 4.5 Oz",4.0,2016-08-28 10:59:41-04
Natural Armor,Natural Armor Lizard & Gecko Repellent Spray - Powerful Peppermint Formulation Repels All Types of Lizards & Geckos and Works Better Than Ultrasonic Gimmicks – 128 fl oz - Gallon Ready to Use,5.0,2022-06-25 15:45:57.671-04
Natural Armor,Natural Armor Lizard & Gecko Repellent Spray - Powerful Peppermint Formulation Repels All Types of Lizards & Geckos and Works Better Than Ultrasonic Gimmicks – 128 fl oz - Gallon Ready to Use,1.0,2022-06-10 14:29:57.817-04
Wskvlcg,"Mosquito Repellent Bracelet, Ultrasonic Mosquito Repellent Bracelet Watch USB Rechargeable Anti Mosquito Repeller Wristband, Essential for Outdoor Camping (1 Pack, Black + White)",5.0,2022-05-08 13:54:40.694-04
Natural Armor,Natural Armor Lizard & Gecko Repellent Spray - Powerful Peppermint Formulation Repels All Types of Lizards & Geckos and Works Better Than Ultrasonic Gimmicks – 128 fl oz - Gallon Ready to Use,2.0,2021-11-05 12:43:24.381-04
NATURAL OUST,NATURAL OUST Peppermint Oil Spider Repellent Spray - Eco Friendly Indoor Outdoor - Effective Spider Control,2.0,2021-07-28 18:12:52.598-04
Grandpa Gus's,"Grandpa Gus's Extra-Strength Mouse Repellent Pouches + Potent Mouse Repellent Spray, Peppermint/Cinnamon Oils Repel Mouse From Home/RV, Boat/Car Storage & Machinery, 4 x 1.76oz Pouches + 1 x 8oz Spray",1.0,2021-11-20 16:58:33.501-05
Grandpa Gus's,"Grandpa Gus's Extra-Strength Mouse Repellent Pouches + Potent Mouse Repellent Spray, Peppermint/Cinnamon Oils Repel Mouse From Home/RV, Boat/Car Storage & Machinery, 4 x 1.76oz Pouches + 1 x 8oz Spray",3.0,2023-02-04 12:40:16.804-05
DeerScram,Epic 02118 Wild Hog Repellent Granular Bucket - 10-Lbs,3.0,2022-10-07 15:54:54.084-04
Natural Armor,Natural Armor Lizard & Gecko Repellent Spray - Powerful Peppermint Formulation Repels All Types of Lizards & Geckos and Works Better Than Ultrasonic Gimmicks – 128 fl oz - Gallon Ready to Use,3.0,2021-06-24 07:30:53.099-04
eHouse,AC12g Ultrasonic Pest Repeller - Electronic Plug in Best Repellent - Pest Control - Get Rid of - Rodents Squirrels Rats Mice Insects - Roaches Spiders Mosquitos Fleas Fruit Fly Bed Bugs Flies Ants!,5.0,2020-07-01 09:41:07.821-04
Foundation Armor,5 GAL Armor SC25 Penetrating Concrete Sealer and Water Repellent Salt Guard,5.0,2022-07-24 13:51:57.876-04
NATURAL OUST,NATURAL OUST Peppermint Oil Spider Repellent Spray - Eco Friendly Indoor Outdoor - Effective Spider Control,5.0,2022-04-25 16:20:40.371-04
Grandpa Gus's,"Grandpa Gus's Extra-Strength Mouse Repellent Pouches + Potent Mouse Repellent Spray, Peppermint/Cinnamon Oils Repel Mouse From Home/RV, Boat/Car Storage & Machinery, 4 x 1.76oz Pouches + 1 x 8oz Spray",1.0,2021-12-21 13:53:43.17-05
Natural Armor,Natural Armor Lizard & Gecko Repellent Spray - Powerful Peppermint Formulation Repels All Types of Lizards & Geckos and Works Better Than Ultrasonic Gimmicks – 128 fl oz - Gallon Ready to Use,2.0,2022-10-06 20:29:39.545-04
Grandpa Gus's,"Grandpa Gus's Extra-Strength Mouse Repellent Pouches + Potent Mouse Repellent Spray, Peppermint/Cinnamon Oils Repel Mouse From Home/RV, Boat/Car Storage & Machinery, 4 x 1.76oz Pouches + 1 x 8oz Spray",5.0,2022-10-21 10:59:44.461-04
wyewye,"Mole Repellent Solar Powered 10 Pack Snake Repellent Gopher Repellent Squirrel Repellent Sonic Mole Deterrent Stakes, Snake Groundhog Chipmunk",1.0,2023-04-17 19:08:24.939-04
JNxcel Salon Products,JNxcel Premium Quality Water Repellent Nylon/Polyester Fabric Hair Salon & Barber Hair Cutting & Shampoo Cape with Snap Closure (Turquoise),5.0,2018-05-17 19:17:12.521-04
Tender Ben's,Ben's 30% DEET Tick & Insect Repellent Wipes - 2 Pack,5.0,2019-03-07 12:12:26.282-05
Zevo,Zevo Wasp Hornet Bee and Yellow Jacket Stinging Insect Killer | Instant Action Aerosol 10Oz. Spray | Multi Insect Killer Repellent | Indoor Outdoor Use | Pet People Friendly Safe,2.0,2023-03-05 15:39:10.171-05
Grandpa Gus's,"Grandpa Gus's Extra-Strength Mouse Repellent Pouches + Potent Mouse Repellent Spray, Peppermint/Cinnamon Oils Repel Mouse From Home/RV, Boat/Car Storage & Machinery, 4 x 1.76oz Pouches + 1 x 8oz Spray",2.0,2021-11-20 18:55:54.007-05
Foundation Armor,5 GAL Armor SC25 Penetrating Concrete Sealer and Water Repellent Salt Guard,5.0,2019-04-28 20:36:50.132-04
JNxcel Salon Products,JNxcel Premium Quality Water Repellent Nylon/Polyester Fabric Hair Salon & Barber Hair Cutting & Shampoo Cape with Snap Closure (Purple Plum) …,5.0,2017-03-18 20:30:46-04
Grandpa Gus's,"Grandpa Gus's Extra-Strength Mouse Repellent Pouches + Potent Mouse Repellent Spray, Peppermint/Cinnamon Oils Repel Mouse From Home/RV, Boat/Car Storage & Machinery, 4 x 1.76oz Pouches + 1 x 8oz Spray",1.0,2021-11-30 07:47:05.564-05
Cutter,"Cutter Natural Fogger Insect Repellent, 3 pk./14 oz.each can",4.0,2017-08-01 10:19:39.454-04
eHouse,AC12g Ultrasonic Pest Repeller - Electronic Plug in Best Repellent - Pest Control - Get Rid of - Rodents Squirrels Rats Mice Insects - Roaches Spiders Mosquitos Fleas Fruit Fly Bed Bugs Flies Ants!,1.0,2020-08-22 00:04:17.405-04
Natural Armor,Natural Armor Lizard & Gecko Repellent Spray - Powerful Peppermint Formulation Repels All Types of Lizards & Geckos and Works Better Than Ultrasonic Gimmicks – 128 fl oz - Gallon Ready to Use,1.0,2021-09-03 17:03:45.768-04
Foundation Armor,5 GAL Armor SC25 Penetrating Concrete Sealer and Water Repellent Salt Guard,4.0,2019-07-28 10:58:58.941-04
NATURAL OUST,NATURAL OUST Peppermint Oil Spider Repellent Spray - Eco Friendly Indoor Outdoor - Effective Spider Control,1.0,2021-05-26 07:22:40.233-04
Foundation Armor,5 GAL Armor SC25 Penetrating Concrete Sealer and Water Repellent Salt Guard,5.0,2018-06-29 18:54:02.712-04
THUMB THUMB NO THUMB! NATURAL & SAFE FOR KIDS,Thumb Thumb NO THUMB natural dentist approved thumb sucking deterrent for kids,1.0,2020-03-07 08:16:32.883-05
Natural Armor,Natural Armor Lizard & Gecko Repellent Spray - Powerful Peppermint Formulation Repels All Types of Lizards & Geckos and Works Better Than Ultrasonic Gimmicks – 128 fl oz - Gallon Ready to Use,2.0,2022-04-27 21:35:01.566-04
THUMB THUMB NO THUMB! NATURAL & SAFE FOR KIDS,Thumb Thumb NO THUMB natural dentist approved thumb sucking deterrent for kids,5.0,2020-04-21 22:02:30.96-04
Tender Ben's,Ben's 30% DEET Tick & Insect Repellent Wipes - 2 Pack,5.0,2019-12-22 16:36:27.016-05
Foundation Armor,5 GAL Armor SC25 Penetrating Concrete Sealer and Water Repellent Salt Guard,4.0,2018-03-01 10:44:34.093-05
eHouse,AC12 Ultrasonic Pest Repeller - Electronic Plug in Best Repellent - Pest Control - Get Rid of - Rodents Squirrels Mice Rats Insects - Roaches Spiders Fleas Bed Bugs Flies Ants Mosquitos Fruit Fly!,1.0,2020-08-10 08:08:32.42-04
Natural Armor,Natural Armor Lizard & Gecko Repellent Spray - Powerful Peppermint Formulation Repels All Types of Lizards & Geckos and Works Better Than Ultrasonic Gimmicks – 128 fl oz - Gallon Ready to Use,5.0,2020-12-01 21:32:03.142-05
Kaps,"Kaps Protector - Impregnating Shoe Boot Spray Water Repellent For Leather and Fabric - Fluor Free No PFC, Transparent / Neutral, 200 ml - 6.76 Fl Oz",3.0,2019-11-13 04:18:02.764-05
PetUlove,"PetUlove Handheld Dog Repellent,Dog Trainer 100% Pet & Human Safe G",5.0,2016-02-02 00:06:02-05
Natural Armor,Natural Armor Lizard & Gecko Repellent Spray - Powerful Peppermint Formulation Repels All Types of Lizards & Geckos and Works Better Than Ultrasonic Gimmicks – 128 fl oz - Gallon Ready to Use,1.0,2022-07-31 16:14:08.941-04
Green Goo,"Green Goo Bugs Be Gone, All-Natural Essential Oil Tick, Fly & Insect Repellent, Safe to Spray On Skin, 4.5 Oz",5.0,2020-07-07 12:49:52.253-04
SEALUXE,"SEALUXE Rodent Repellent Packs,Mouse Repellent,Peppermint Oil to Repel Mice, Mice Repellent Peppermint,Natural Rat Repellent,Pest Control,Insect Repellent with Peppermint Oil 8-Pack",1.0,2020-12-29 15:23:59.645-05
Tender Ben's,Ben's 30% DEET Tick & Insect Repellent Wipes - 2 Pack,5.0,2017-02-09 18:27:57-05
SEALUXE,"SEALUXE Rodent Repellent Packs,Mouse Repellent,Peppermint Oil to Repel Mice, Mice Repellent Peppermint,Natural Rat Repellent,Insect Repellent with Peppermint Oil 4-Pack",2.0,2021-01-16 00:43:23.951-05
Whemoalus,"Whemoalus Squirrel Repellent Outdoor,4-Pack Natural Squirrel Repellent for Attic,Cars,Squirrel Deterrent for Garden,Squirrel Repellent for Plants,Mint Squirrel Repellent Indoor Safe Around Kid & Pets",1.0,2022-07-10 17:02:52.205-04
Natural Armor,Natural Armor Lizard & Gecko Repellent Spray - Powerful Peppermint Formulation Repels All Types of Lizards & Geckos and Works Better Than Ultrasonic Gimmicks – 128 fl oz - Gallon Ready to Use,1.0,2022-09-17 20:48:38.853-04
Green Goo,"Green Goo Bugs Be Gone, All-Natural Essential Oil Tick, Fly & Insect Repellent, Safe to Spray On Skin, 4.5 Oz",2.0,2020-02-21 22:24:40.043-05
NATURAL OUST,NATURAL OUST Peppermint Oil Spider Repellent Spray - Eco Friendly Indoor Outdoor - Effective Spider Control,5.0,2022-08-04 09:33:02.096-04
Grandpa Gus's,"Grandpa Gus's Extra-Strength Mouse Repellent Pouches + Potent Mouse Repellent Spray, Peppermint/Cinnamon Oils Repel Mouse From Home/RV, Boat/Car Storage & Machinery, 4 x 1.76oz Pouches + 1 x 8oz Spray",5.0,2021-07-06 07:41:07.847-04
Tysonir,"Tysonir Mole Repellent,Mole Repellent Solar Powered Groundhog Repeller ,Gopher Repellent Ultrasonic,Get Rid of Mole Gophers Voles for Outdoor Garden Yard 2Pack",5.0,2022-02-28 10:35:52.353-05
CHOMP!,"CHOMP! Shower Door Water Repellent: Healthier Home ShowerDoorMagic 6 in 1 Hard Water Stain Preventer for Glass, Fiberglass, Tile & More- Spot, Soap Scum, Calcium & Limescale Prevention 32 oz.",1.0,2021-08-01 10:24:34.686-04
HONGXIAN,Gopher Repeller Ultrasonic Solar Mole Repellent 4 Pack Solar Mole Repellent & Gopher Repellent Ultrasonic Solar Powered Waterproof for Yard & Garden,2.0,2023-05-04 22:50:40.281-04
Green Goo,"Green Goo Bugs Be Gone, All-Natural Essential Oil Tick, Fly & Insect Repellent, Safe to Spray On Skin, 4.5 Oz",5.0,2017-10-31 14:17:03.616-04
Foundation Armor,5 GAL Armor SC25 Penetrating Concrete Sealer and Water Repellent Salt Guard,5.0,2017-09-04 17:09:26.966-04
Barber Strong,"Barber Strong The Barber Apron, Black, Hair Repellent, Ultra Lightweight",5.0,2019-05-08 23:45:31.133-04
SEALUXE,"SEALUXE Rodent Repellent Packs,Mouse Repellent,Peppermint Oil to Repel Mice, Mice Repellent Peppermint,Natural Rat Repellent,Pest Control,Insect Repellent with Peppermint Oil 8-Pack",1.0,2020-12-18 07:11:00.139-05
JNxcel Salon Products,JNxcel Premium Quality Water Repellent Nylon/Polyester Fabric Hair Salon & Barber Hair Cutting & Shampoo Cape with Snap Closure (Silver Slate) …,5.0,2020-06-07 10:04:35.734-04
Grandpa Gus's,"Grandpa Gus's Extra-Strength Mouse Repellent Pouches + Potent Mouse Repellent Spray, Peppermint/Cinnamon Oils Repel Mouse From Home/RV, Boat/Car Storage & Machinery, 4 x 1.76oz Pouches + 1 x 8oz Spray",5.0,2023-04-09 21:50:23.075-04
NATURAL OUST,NATURAL OUST Peppermint Oil Spider Repellent Spray - Eco Friendly Indoor Outdoor - Effective Spider Control,5.0,2021-06-29 15:14:02.318-04
Natural Armor,Natural Armor Lizard & Gecko Repellent Spray - Powerful Peppermint Formulation Repels All Types of Lizards & Geckos and Works Better Than Ultrasonic Gimmicks – 128 fl oz - Gallon Ready to Use,1.0,2021-11-20 12:43:32.835-05
Natural Armor,Natural Armor Lizard & Gecko Repellent Spray - Powerful Peppermint Formulation Repels All Types of Lizards & Geckos and Works Better Than Ultrasonic Gimmicks – 128 fl oz - Gallon Ready to Use,1.0,2021-03-03 18:24:32.007-05
Natural Armor,Natural Armor Lizard & Gecko Repellent Spray - Powerful Peppermint Formulation Repels All Types of Lizards & Geckos and Works Better Than Ultrasonic Gimmicks – 128 fl oz - Gallon Ready to Use,1.0,2022-09-26 16:48:14.669-04
